timestamp,zone_id,river_level,rainfall,emergency_call_volume,road_closures,bridge_closures,historical_flood_probability,river_level_rolling_72h_avg,rainfall_rolling_72h_sum,emergency_calls_24h_sum,total_infrastructure_closures,river_level_trend,risk_label
2026-06-01 02:00:00+00:00,Zone_A,2.04,0.0,1.0,1.0,0.0,0.5833333333333334,2.06,-992.29,3.0,1.0,-0.04,LOW
2026-06-01 04:00:00+00:00,Zone_A,1.98,2.61,3.0,0.0,0.0,0.5833333333333334,2.02,-989.59,6.0,0.0,0.0,LOW
2026-06-01 05:00:00+00:00,Zone_A,1.92,0.0,0.0,0.0,0.0,0.5833333333333334,1.9966666666666668,-986.98,9.0,0.0,-0.06,LOW
2026-06-01 06:00:00+00:00,Zone_A,2.19,3.26,0.0,0.0,0.0,0.5833333333333334,2.0242857142857145,-983.72,9.0,0.0,0.27,LOW
2026-06-01 07:00:00+00:00,Zone_A,2.26,2.43,0.0,0.0,0.0,0.5833333333333334,2.05375,-981.29,9.0,0.0,0.0699999999999998,LOW
2026-06-01 09:00:00+00:00,Zone_A,2.49,0.51,0.0,1.0,0.0,0.5833333333333334,2.161,-972.29,9.0,1.0,-0.1999999999999997,LOW
2026-06-01 10:00:00+00:00,Zone_A,2.26,0.2,0.0,0.0,0.0,0.5833333333333334,2.17,-972.09,9.0,0.0,-0.2300000000000004,LOW
2026-06-01 11:00:00+00:00,Zone_A,2.42,2.11,2.0,2.0,0.0,0.5833333333333334,2.1908333333333334,-969.98,11.0,2.0,0.1600000000000001,LOW
2026-06-01 13:00:00+00:00,Zone_A,2.61,0.76,2.0,1.0,0.0,0.5,359.20714285714286,-967.82,16.0,1.0,-4997.39,LOW
2026-06-01 15:00:00+00:00,Zone_A,2.85,3.46,0.0,1.0,1.0,0.5,314.65375,-960.32,-34.0,2.0,0.1400000000000001,LOW
2026-06-01 16:00:00+00:00,Zone_A,2.67,0.0,1.0,0.0,1.0,0.5,296.3017647058824,-960.32,-33.0,1.0,-0.1800000000000001,LOW
2026-06-01 18:00:00+00:00,Zone_A,2.55,0.94,3.0,0.0,1.0,0.5,528.4042105263158,-958.29,-27.0,1.0,-4997.45,LOW
2026-06-01 21:00:00+00:00,Zone_A,2.5,0.19,3.0,0.0,0.0,0.5833333333333334,478.3261904761905,-957.44,-19.0,0.0,-0.1699999999999999,LOW
2026-06-02 02:00:00+00:00,Zone_A,2.51,0.74,0.0,1.0,1.0,0.5,418.84291666666667,-955.51,-17.0,2.0,0.0,LOW
2026-06-02 03:00:00+00:00,Zone_A,2.86,7.01,7.0,1.0,0.0,0.5,402.2036,-948.5,-10.0,1.0,0.3500000000000001,LOW
2026-06-02 04:00:00+00:00,Zone_A,2.77,0.24,0.0,1.0,0.0,0.5,386.8407692307693,-948.26,-16.0,1.0,-0.0899999999999998,LOW
2026-06-02 05:00:00+00:00,Zone_A,2.89,0.86,4.0,1.0,1.0,0.5,359.4114285714286,-947.16,-12.0,2.0,0.1200000000000001,LOW
2026-06-02 06:00:00+00:00,Zone_A,2.82,0.55,0.0,0.0,0.0,0.5,347.1151724137931,-946.61,-12.0,0.0,-0.0700000000000002,LOW
2026-06-02 07:00:00+00:00,Zone_A,2.67,0.0,1.0,0.0,0.0,0.5,335.63366666666667,-1945.61,-11.0,0.0,-0.1499999999999999,LOW
2026-06-02 09:00:00+00:00,Zone_A,2.67,0.79,3.0,1.0,0.0,0.5,314.8265625,-1944.82,-8.0,1.0,-0.1,LOW
2026-06-02 10:00:00+00:00,Zone_A,2.52,0.54,2.0,1.0,0.0,0.5,305.3627272727272,-1944.28,-6.0,1.0,-0.1499999999999999,LOW
2026-06-02 11:00:00+00:00,Zone_A,2.46,1.63,1.0,0.0,0.0,0.5833333333333334,296.4538235294117,-1942.65,-7.0,0.0,-0.06,LOW
2026-06-02 12:00:00+00:00,Zone_A,2.48,0.29,3.0,0.0,0.0,0.5833333333333334,288.0545714285714,-1942.36,-7.0,0.0,0.02,LOW
2026-06-02 13:00:00+00:00,Zone_A,2.49,3.17,3.0,1.0,0.0,0.5833333333333334,280.1222222222222,-1939.19,-6.0,1.0,0.0100000000000002,LOW
2026-06-02 14:00:00+00:00,Zone_A,2.5,1.57,3.0,0.0,0.0,0.5833333333333334,272.6189189189189,-1937.62,47.0,0.0,0.0099999999999997,LOW
2026-06-02 15:00:00+00:00,Zone_A,2.65,3.44,4.0,2.0,0.0,0.5,265.5144736842105,-1934.18,51.0,2.0,0.1499999999999999,LOW
2026-06-02 16:00:00+00:00,Zone_A,2.58,0.0,1.0,1.0,1.0,0.5,258.7725641025641,-2933.1800000000003,51.0,2.0,-0.0699999999999998,LOW
2026-06-02 17:00:00+00:00,Zone_A,3.16,8.38,0.0,1.0,0.0,0.5,252.38225000000003,-2924.8,48.0,1.0,0.5800000000000001,MODERATE
2026-06-02 18:00:00+00:00,Zone_A,3.01,0.85,0.0,0.0,1.0,0.5,240.5109523809524,-2915.57,45.0,1.0,-0.1500000000000003,MODERATE
2026-06-02 23:00:00+00:00,Zone_A,2.84,2.01,0.0,0.0,0.0,0.5,210.85041666666663,-2898.17,50.0,0.0,-0.1200000000000001,LOW
2026-06-03 00:00:00+00:00,Zone_A,2.74,0.02,0.0,1.0,0.0,0.5,206.60326530612244,-2898.15,48.0,1.0,-0.0999999999999996,LOW
2026-06-03 01:00:00+00:00,Zone_A,2.84,2.54,0.0,1.0,0.0,0.5,202.528,-2895.61,47.0,1.0,0.0999999999999996,LOW
2026-06-03 02:00:00+00:00,Zone_A,2.72,0.16,2.0,0.0,0.0,0.5,198.6101960784314,-2895.4500000000003,49.0,0.0,-0.1199999999999996,LOW
2026-06-03 06:00:00+00:00,Zone_A,3.04,2.68,3.0,0.0,0.0,0.5,366.0927272727273,-2882.35,47.0,0.0,-4996.96,MODERATE
2026-06-03 07:00:00+00:00,Zone_A,2.96,1.9,1.0,1.0,0.0,0.5,353.3526315789474,-2877.77,50.0,1.0,-0.08,LOW
2026-06-03 08:00:00+00:00,Zone_A,3.31,10.56,2.0,4.0,1.0,0.5,347.31741379310347,-2867.21,52.0,5.0,0.3500000000000001,MODERATE
2026-06-03 09:00:00+00:00,Zone_A,3.1,0.0,0.0,3.0,0.0,0.5,341.4832203389831,-2867.21,49.0,3.0,-0.2099999999999999,MODERATE
2026-06-03 10:00:00+00:00,Zone_A,3.06,0.85,5.0,2.0,0.0,0.5,335.8428333333333,-2866.36,52.0,2.0,-0.04,MODERATE
2026-06-03 14:00:00+00:00,Zone_A,3.12,0.33,0.0,1.0,1.0,0.5,319.9992063492064,-2850.23,50.0,2.0,-0.08,MODERATE
2026-06-03 15:00:00+00:00,Zone_A,3.16,4.06,4.0,1.0,0.0,0.5,315.04859375,-2846.17,50.0,1.0,0.04,MODERATE
2026-06-03 18:00:00+00:00,Zone_A,2.77,0.0,4.0,1.0,0.0,0.5,305.58681818181816,-3845.17,57.0,1.0,-0.08,LOW
2026-06-03 19:00:00+00:00,Zone_A,2.57,0.12,4.0,1.0,0.0,0.5,301.0641791044776,-3845.05,61.0,1.0,-0.2000000000000001,LOW
2026-06-03 20:00:00+00:00,Zone_A,2.61,0.6,4.0,0.0,0.0,0.5,296.67514705882354,-3844.45,63.0,0.0,0.04,LOW
2026-06-03 21:00:00+00:00,Zone_A,2.59,2.0,2.0,0.0,0.0,0.5,292.4130434782609,-3842.45,55.0,0.0,-0.02,LOW
2026-06-03 22:00:00+00:00,Zone_A,2.92,6.97,1.0,0.0,0.0,0.5,288.2774285714286,-3835.48,53.0,0.0,0.33,LOW
2026-06-03 23:00:00+00:00,Zone_A,2.66,0.07,1.0,2.0,0.0,0.5,284.254647887324,-3835.41,54.0,2.0,-0.2599999999999998,LOW
2026-06-04 01:00:00+00:00,Zone_A,2.45,0.2,0.0,1.0,0.0,0.5833333333333334,413.4582191780822,-3840.4,58.0,1.0,-4997.55,LOW
2026-06-04 02:00:00+00:00,Zone_A,2.49,0.0,3.0,1.0,0.0,0.5833333333333334,413.46438356164384,-3840.4,59.0,1.0,0.04,LOW
2026-06-04 03:00:00+00:00,Zone_A,2.33,0.01,0.0,0.0,0.0,0.5833333333333334,413.46917808219183,-3840.48,58.0,0.0,-0.1600000000000001,LOW
2026-06-04 04:00:00+00:00,Zone_A,2.28,1.46,0.0,1.0,0.0,0.5833333333333334,419.18847222222223,-3844.24,8.0,1.0,-0.0500000000000002,LOW
2026-06-04 05:00:00+00:00,Zone_A,2.25,0.87,3.0,0.0,0.0,0.5833333333333334,419.1930555555556,-3843.37,6.0,0.0,-0.0299999999999998,LOW
2026-06-04 06:00:00+00:00,Zone_A,2.4,0.0,1.0,1.0,0.0,0.5833333333333334,419.1959722222223,-4845.63,1.0,1.0,0.1499999999999999,LOW
2026-06-04 11:00:00+00:00,Zone_A,2.68,0.33,1.0,0.0,0.0,0.5,431.1098571428572,-4853.81,-9.0,0.0,0.0900000000000003,LOW
2026-06-04 12:00:00+00:00,Zone_A,2.66,5.53,3.0,1.0,0.0,0.5,359.7192857142857,-4849.679999999999,-6.0,1.0,-0.02,LOW
2026-06-04 14:00:00+00:00,Zone_A,2.61,1.59,0.0,0.0,0.0,0.5,359.7184285714286,-4851.86,-2.0,0.0,-0.04,LOW
2026-06-04 15:00:00+00:00,Zone_A,2.97,8.23,4.0,0.0,1.0,0.5,359.7201428571429,-4847.09,-2.0,1.0,0.3600000000000003,LOW
2026-06-04 16:00:00+00:00,Zone_A,2.94,0.0,1.0,0.0,1.0,0.5,359.724,-5846.09,-5.0,1.0,-0.0300000000000002,LOW
2026-06-04 17:00:00+00:00,Zone_A,2.89,0.23,2.0,2.0,1.0,0.5,284.3170422535211,-6845.95,-2.0,3.0,-0.0499999999999998,LOW
2026-06-04 21:00:00+00:00,Zone_A,2.61,2.14,3.0,0.0,0.0,0.5,284.32352112676057,-6845.56,-9.0,0.0,-0.08,LOW
2026-06-04 22:00:00+00:00,Zone_A,2.51,0.58,1.0,1.0,0.0,0.5,280.4094444444445,-6845.23,-9.0,1.0,-0.1,LOW
2026-06-04 23:00:00+00:00,Zone_A,2.65,1.56,0.0,1.0,1.0,0.5,280.41347222222225,-6843.67,-60.0,2.0,0.1400000000000001,LOW
2026-06-05 00:00:00+00:00,Zone_A,2.74,0.46,0.0,0.0,0.0,0.5,276.6097260273973,-6844.150000000001,-64.0,0.0,0.0900000000000003,LOW
2026-06-05 01:00:00+00:00,Zone_A,3.22,11.22,1.0,0.0,0.0,0.5,276.6194520547945,-6832.93,-63.0,0.0,0.48,MODERATE
2026-06-05 02:00:00+00:00,Zone_A,3.33,1.73,0.0,3.0,0.0,0.5,276.63068493150683,-6831.9400000000005,-66.0,3.0,0.1099999999999998,MODERATE
2026-06-05 03:00:00+00:00,Zone_A,3.39,0.0,3.0,2.0,0.0,0.5,276.63794520547947,-6838.950000000001,-63.0,2.0,0.06,MODERATE
2026-06-05 04:00:00+00:00,Zone_A,4.33,23.38,2.0,6.0,1.0,0.1538461538461538,280.46333333333337,-6816.05,-11.0,7.0,0.94,MODERATE
2026-06-07 06:00:00+00:00,Zone_A,7.3,0.75,0.0,10.0,1.0,1.0,9.98735294117647,-4850.06,529.0,11.0,-0.5200000000000005,SEVERE
2026-06-07 08:00:00+00:00,Zone_A,6.15,0.0,28.0,10.0,2.0,1.0,82.36028985507247,-4854.09,487.0,12.0,-4993.85,SEVERE
2026-06-07 09:00:00+00:00,Zone_A,5.79,0.93,26.0,10.0,2.0,1.0,81.26642857142856,-4853.94,492.0,12.0,-0.3600000000000003,SEVERE
2026-06-07 10:00:00+00:00,Zone_A,5.34,0.72,13.0,9.0,0.0,1.0,80.24211267605635,-4852.29,509.0,9.0,-0.4500000000000002,SEVERE
2026-06-07 11:00:00+00:00,Zone_A,5.03,1.45,28.0,10.0,2.0,1.0,80.27521126760564,-4851.169999999999,514.0,12.0,-0.3099999999999996,SEVERE
2026-06-07 12:00:00+00:00,Zone_A,5.03,2.76,23.0,10.0,0.0,1.0,80.30859154929578,-4853.9400000000005,499.0,10.0,0.0,SEVERE
2026-06-07 13:00:00+00:00,Zone_A,4.58,0.22,32.0,8.0,2.0,1.0,80.33577464788732,-4854.75,513.0,10.0,-0.4500000000000002,SEVERE
2026-06-07 14:00:00+00:00,Zone_A,4.36,1.06,1.0,7.0,0.0,0.1538461538461538,80.36042253521127,-4855.28,514.0,7.0,-0.2199999999999997,MODERATE
2026-06-07 16:00:00+00:00,Zone_A,4.15,0.0,1.0,1.0,1.0,0.1538461538461538,152.86985714285717,-2863.86,495.0,2.0,-4995.85,MODERATE
2026-06-07 17:00:00+00:00,Zone_A,3.94,0.0,0.0,1.0,1.0,0.1538461538461538,152.88485714285713,-2864.09,471.0,2.0,-0.2100000000000004,MODERATE
2026-06-07 18:00:00+00:00,Zone_A,3.99,2.91,1.0,6.0,1.0,0.1538461538461538,152.90071428571432,-2861.1800000000003,412.0,7.0,0.0500000000000002,MODERATE
2026-06-07 19:00:00+00:00,Zone_A,3.89,2.0,1.0,2.0,1.0,0.1538461538461538,150.8019718309859,-2859.1800000000003,381.0,3.0,-0.1,MODERATE
2026-06-07 20:00:00+00:00,Zone_A,3.91,3.18,1.0,6.0,1.0,0.1538461538461538,150.81915492957745,-2856.04,354.0,7.0,0.02,MODERATE
2026-06-08 00:00:00+00:00,Zone_A,3.37,5.27,1.0,2.0,1.0,0.5,224.34742857142857,-3854.51,279.0,3.0,0.0700000000000002,MODERATE
2026-06-08 01:00:00+00:00,Zone_A,3.37,2.39,0.0,2.0,0.0,0.5,224.34957142857144,-3863.34,260.0,2.0,0.0,MODERATE
2026-06-08 02:00:00+00:00,Zone_A,3.01,1.54,0.0,0.0,0.0,0.5,224.345,-3863.53,212.0,0.0,-0.3600000000000003,MODERATE
2026-06-08 03:00:00+00:00,Zone_A,2.86,0.47,0.0,1.0,0.0,0.5,224.33742857142855,-3863.06,212.0,1.0,-0.1499999999999999,MODERATE
2026-06-08 04:00:00+00:00,Zone_A,3.13,7.41,1.0,2.0,1.0,0.5,224.32028571428572,-3879.03,192.0,3.0,0.27,MODERATE
2026-06-08 05:00:00+00:00,Zone_A,3.05,0.79,2.0,0.0,0.0,0.5,224.29314285714287,-3894.6,150.0,0.0,-0.08,MODERATE
2026-06-08 06:00:00+00:00,Zone_A,2.93,0.3,2.0,1.0,0.0,0.5,221.17535211267608,-3909.87,202.0,1.0,-0.1199999999999996,MODERATE
2026-06-08 07:00:00+00:00,Zone_A,3.14,1.54,3.0,1.0,0.0,0.5,221.1267605633803,-3942.67,205.0,1.0,0.2099999999999999,MODERATE
2026-06-08 08:00:00+00:00,Zone_A,3.19,0.39,1.0,3.0,0.0,0.5,221.06338028169012,-3970.77,178.0,3.0,0.0499999999999998,MODERATE
2026-06-08 12:00:00+00:00,Zone_A,2.93,0.0,2.0,0.0,0.0,0.5,220.7287323943662,-4054.83,68.0,0.0,-0.1299999999999999,LOW
2026-06-08 13:00:00+00:00,Zone_A,2.75,0.0,0.0,0.0,0.0,0.5,220.5857746478873,-4103.99,36.0,0.0,-0.1800000000000001,LOW
2026-06-08 17:00:00+00:00,Zone_A,2.79,0.71,6.0,2.0,0.0,0.5,290.4970422535212,-4219.03,41.0,2.0,0.0899999999999998,LOW
2026-06-08 18:00:00+00:00,Zone_A,2.7,0.0,4.0,0.0,0.0,0.5,290.1825352112676,-3219.32,50.0,0.0,-0.0899999999999998,LOW
2026-06-08 19:00:00+00:00,Zone_A,2.61,1.9,2.0,0.0,0.0,0.5,290.0194366197183,-3250.3,51.0,0.0,-0.0900000000000003,LOW
2026-06-08 20:00:00+00:00,Zone_A,2.6,3.47,2.0,1.0,0.0,0.5,289.8550704225353,-3273.27,52.0,1.0,-0.0099999999999997,LOW
2026-06-08 21:00:00+00:00,Zone_A,2.55,5.58,2.0,1.0,0.0,0.5,285.86472222222227,-3267.69,54.0,1.0,-0.0500000000000002,LOW
2026-06-08 22:00:00+00:00,Zone_A,2.35,0.34,5.0,0.0,0.0,0.5833333333333334,285.68819444444443,-3267.35,51.0,0.0,-0.1999999999999997,LOW
2026-06-08 23:00:00+00:00,Zone_A,2.32,1.55,0.0,0.0,1.0,0.5833333333333334,285.5133333333333,-3290.65,-3.0,1.0,-0.0300000000000002,LOW
2026-06-09 00:00:00+00:00,Zone_A,2.39,0.85,2.0,0.0,0.0,0.5833333333333334,281.6349315068493,-3339.32,-2.0,0.0,0.0700000000000002,LOW
2026-06-09 01:00:00+00:00,Zone_A,2.38,0.37,0.0,2.0,0.0,0.5833333333333334,281.44246575342464,-3373.07,-52.0,2.0,-0.0100000000000002,LOW
2026-06-09 03:00:00+00:00,Zone_A,2.42,3.57,2.0,0.0,0.0,0.5833333333333334,344.84797297297297,-3405.17,-97.0,0.0,-4997.58,LOW
2026-06-09 04:00:00+00:00,Zone_A,2.48,0.35,0.0,1.0,0.0,0.5833333333333334,344.67405405405407,-3431.12,-98.0,1.0,0.06,LOW
2026-06-09 05:00:00+00:00,Zone_A,2.65,4.52,2.0,0.0,0.0,0.5,349.0264383561644,-3457.36,-98.0,0.0,0.1699999999999999,LOW
2026-06-09 07:00:00+00:00,Zone_A,3.17,4.41,0.0,1.0,0.0,0.5,344.20500000000004,-3480.73,-100.0,1.0,0.1899999999999999,MODERATE
2026-06-09 08:00:00+00:00,Zone_A,2.93,1.71,0.0,0.0,0.0,0.5,348.5597260273973,-3553.62,-101.0,0.0,-0.2399999999999997,LOW
2026-06-09 11:00:00+00:00,Zone_A,2.62,2.61,2.0,0.0,0.0,0.5,348.0476712328767,-4603.91,-101.0,0.0,-0.06,LOW
2026-06-09 12:00:00+00:00,Zone_A,2.63,0.03,1.0,0.0,1.0,0.5,343.3798648648649,-4628.52,-102.0,1.0,0.0099999999999997,LOW
2026-06-09 13:00:00+00:00,Zone_A,3.08,10.84,1.0,2.0,0.0,0.5,343.2275675675676,-4640.15,-101.0,2.0,0.4500000000000002,MODERATE
2026-06-09 14:00:00+00:00,Zone_A,2.94,0.0,0.0,1.0,0.0,0.5,343.05743243243245,-4689.12,-101.0,1.0,-0.1400000000000001,LOW
2026-06-09 15:00:00+00:00,Zone_A,2.94,1.76,2.0,1.0,0.0,0.5,342.89702702702704,-4700.379999999999,-102.0,1.0,0.0,LOW
2026-06-09 18:00:00+00:00,Zone_A,3.01,3.36,0.0,0.0,0.0,0.5,351.65291666666667,-4849.0,-114.0,0.0,0.0399999999999995,MODERATE
2026-06-09 19:00:00+00:00,Zone_A,3.0,1.72,1.0,0.0,1.0,0.5,351.47,-4876.52,-115.0,1.0,-0.0099999999999997,MODERATE
2026-06-09 20:00:00+00:00,Zone_A,3.1,0.17,0.0,1.0,0.0,0.5,346.69780821917806,-3877.35,-117.0,1.0,0.1,MODERATE
2026-06-09 21:00:00+00:00,Zone_A,3.07,0.0,0.0,3.0,0.0,0.5,346.5284931506849,-4876.81,-119.0,3.0,-0.0300000000000002,MODERATE
2026-06-09 22:00:00+00:00,Zone_A,3.12,3.44,3.0,0.0,0.0,0.5,346.3778082191781,-4873.37,-121.0,0.0,0.0500000000000002,MODERATE
2026-06-09 23:00:00+00:00,Zone_A,3.11,0.51,0.0,1.0,1.0,0.5,346.2469863013699,-4873.79,-71.0,2.0,-0.0100000000000002,MODERATE
2026-06-10 01:00:00+00:00,Zone_A,3.18,0.26,0.0,2.0,0.0,0.5,414.4775342465754,-4877.26,28.0,2.0,-4996.82,MODERATE
2026-06-10 02:00:00+00:00,Zone_A,3.07,0.82,0.0,1.0,0.0,0.5,414.29328767123286,-4876.98,25.0,1.0,-0.1100000000000003,MODERATE
2026-06-10 03:00:00+00:00,Zone_A,3.15,3.55,4.0,0.0,0.0,0.5,414.2104109589041,-4874.299999999999,27.0,0.0,0.08,MODERATE
2026-06-10 04:00:00+00:00,Zone_A,3.59,11.33,1.0,2.0,0.0,0.1538461538461538,414.1438356164384,-4864.05,28.0,2.0,0.4399999999999999,MODERATE
2026-06-10 06:00:00+00:00,Zone_A,3.09,0.0,3.0,3.0,0.0,0.5,489.0645833333333,-5863.55,28.0,3.0,-4996.91,MODERATE
2026-06-10 07:00:00+00:00,Zone_A,2.99,1.12,2.0,0.0,0.0,0.5,413.9552054794521,-6861.85,33.0,0.0,-0.0999999999999996,LOW
2026-06-10 10:00:00+00:00,Zone_A,2.93,1.4,5.0,0.0,0.0,0.5,425.37563380281694,-6860.62,47.0,0.0,-0.1499999999999999,LOW
2026-06-10 11:00:00+00:00,Zone_A,2.78,3.31,3.0,0.0,0.0,0.5,425.3439436619718,-6858.76,48.0,0.0,-0.1500000000000003,LOW
2026-06-10 12:00:00+00:00,Zone_A,2.82,0.8,0.0,1.0,0.0,0.5,425.3128169014085,-6860.72,47.0,1.0,0.04,LOW
2026-06-10 13:00:00+00:00,Zone_A,2.85,1.59,1.0,0.0,1.0,0.5,425.2884507042254,-6859.35,47.0,1.0,0.0300000000000002,LOW
2026-06-10 14:00:00+00:00,Zone_A,3.04,4.35,0.0,1.0,0.0,0.5,425.2698591549296,-6856.06,47.0,1.0,0.1899999999999999,MODERATE
2026-06-10 15:00:00+00:00,Zone_A,3.11,1.41,2.0,2.0,0.0,0.5,354.8911267605634,-6856.3,47.0,2.0,0.0699999999999998,MODERATE
2026-06-10 16:00:00+00:00,Zone_A,3.12,1.44,0.0,3.0,0.0,0.5,354.8766197183099,-6854.860000000001,44.0,3.0,0.0100000000000002,MODERATE
2026-06-10 20:00:00+00:00,Zone_A,2.5,0.8,0.0,0.0,0.0,0.5833333333333334,425.1945070422535,-6855.799999999999,46.0,0.0,-4997.5,LOW
2026-06-10 21:00:00+00:00,Zone_A,2.39,0.0,2.0,0.0,0.0,0.5833333333333334,354.8056338028169,-6855.799999999999,48.0,0.0,-0.1099999999999998,LOW
2026-06-10 22:00:00+00:00,Zone_A,2.45,1.4,0.0,0.0,1.0,0.5833333333333334,349.9118055555556,-6854.4,45.0,1.0,0.06,LOW
2026-06-10 23:00:00+00:00,Zone_A,2.84,7.95,4.0,0.0,0.0,0.5,349.9054166666667,-6846.45,49.0,0.0,0.3899999999999997,LOW
2026-06-11 00:00:00+00:00,Zone_A,2.66,0.28,2.0,1.0,0.0,0.5,349.8955555555556,-6851.44,50.0,1.0,-0.1799999999999997,LOW
2026-06-11 03:00:00+00:00,Zone_A,2.61,0.84,2.0,2.0,0.0,0.5,354.76647887323946,-6851.54,49.0,2.0,0.04,LOW
2026-06-11 04:00:00+00:00,Zone_A,2.54,1.01,1.0,0.0,1.0,0.5,354.7581690140845,-6857.94,49.0,1.0,-0.0699999999999998,LOW
2026-06-11 05:00:00+00:00,Zone_A,2.45,1.29,0.0,0.0,0.0,0.5833333333333334,354.74971830985913,-6857.44,47.0,0.0,-0.0899999999999998,LOW
2026-06-11 06:00:00+00:00,Zone_A,2.64,2.6,0.0,0.0,0.0,0.5,354.7456338028169,-6855.139999999999,41.0,0.0,0.1899999999999999,LOW
2026-06-11 07:00:00+00:00,Zone_A,2.61,0.18,1.0,1.0,0.0,0.5,354.7381690140845,-6856.5,40.0,1.0,-0.0300000000000002,LOW
2026-06-11 08:00:00+00:00,Zone_A,2.64,2.54,1.0,1.0,1.0,0.5,354.7304225352113,-6854.35,35.0,2.0,0.0300000000000002,LOW
2026-06-11 09:00:00+00:00,Zone_A,2.72,2.2,2.0,0.0,0.0,0.5,354.72352112676055,-6852.46,32.0,0.0,0.08,LOW
2026-06-11 10:00:00+00:00,Zone_A,2.79,0.0,2.0,0.0,0.0,0.5,349.8355555555556,-6854.429999999999,29.0,0.0,0.0699999999999998,LOW
2026-06-11 12:00:00+00:00,Zone_A,2.62,0.61,0.0,1.0,0.0,0.5,349.8270833333333,-5853.01,26.0,1.0,-0.1399999999999996,LOW
2026-06-11 14:00:00+00:00,Zone_A,2.58,1.85,3.0,1.0,0.0,0.5,280.41597222222225,-5855.820000000001,31.0,1.0,0.0100000000000002,LOW
2026-06-11 17:00:00+00:00,Zone_A,2.48,0.98,3.0,1.0,0.0,0.5833333333333334,284.32070422535213,-5851.679999999999,37.0,1.0,-0.1400000000000001,LOW
2026-06-11 19:00:00+00:00,Zone_A,2.39,0.0,4.0,1.0,0.0,0.5833333333333334,284.3133802816901,-4854.06,37.0,1.0,-0.0099999999999997,LOW
2026-06-11 20:00:00+00:00,Zone_A,2.49,1.6,2.0,1.0,0.0,0.5833333333333334,284.3118309859155,-4855.93,39.0,1.0,0.1,LOW
2026-06-11 23:00:00+00:00,Zone_A,2.61,0.65,0.0,0.0,0.0,0.5,354.70676056338027,-4857.13,36.0,0.0,-4997.39,LOW
2026-06-12 00:00:00+00:00,Zone_A,2.62,0.0,2.0,1.0,1.0,0.5,354.71000000000004,-5856.9800000000005,36.0,2.0,0.0100000000000002,LOW
2026-06-12 01:00:00+00:00,Zone_A,2.38,1.04,4.0,0.0,0.0,0.5833333333333334,359.7432857142857,-5856.68,39.0,0.0,-0.2400000000000002,LOW
2026-06-12 02:00:00+00:00,Zone_A,2.49,1.72,3.0,1.0,0.0,0.5833333333333334,288.35028571428575,-5854.96,42.0,1.0,0.1100000000000003,LOW
2026-06-12 04:00:00+00:00,Zone_A,2.16,0.76,2.0,0.0,0.0,0.5833333333333334,288.3455714285714,-5856.9,44.0,0.0,-0.25,LOW
2026-06-12 05:00:00+00:00,Zone_A,2.09,0.06,2.0,0.0,0.0,0.5833333333333334,288.33757142857144,-5861.360000000001,46.0,0.0,-0.0700000000000002,LOW
2026-06-12 06:00:00+00:00,Zone_A,2.03,0.0,0.0,0.0,0.0,0.5833333333333334,288.324,-5868.93,46.0,0.0,-0.06,LOW
2026-06-12 07:00:00+00:00,Zone_A,2.09,0.73,3.0,0.0,0.0,0.5833333333333334,288.3085714285714,-5872.61,48.0,0.0,0.06,LOW
2026-06-12 08:00:00+00:00,Zone_A,2.07,2.0,1.0,0.0,0.0,0.5833333333333334,288.29628571428566,-5872.32,48.0,0.0,-0.02,LOW
2026-06-12 09:00:00+00:00,Zone_A,2.13,2.07,0.0,0.0,0.0,0.5833333333333334,284.2657746478873,-4871.25,46.0,0.0,0.06,LOW
2026-06-12 10:00:00+00:00,Zone_A,2.09,0.31,0.0,0.0,0.0,0.5833333333333334,288.28,-4871.219999999999,44.0,0.0,-0.04,LOW
2026-06-12 11:00:00+00:00,Zone_A,2.33,3.6,0.0,1.0,0.0,0.5833333333333334,288.2758571428571,-4870.2300000000005,-6.0,1.0,0.2400000000000002,LOW
2026-06-12 12:00:00+00:00,Zone_A,2.55,3.45,3.0,1.0,0.0,0.5,288.27471428571425,-4866.81,-3.0,1.0,0.2199999999999997,LOW
2026-06-12 13:00:00+00:00,Zone_A,2.63,0.89,0.0,1.0,0.0,0.5,288.2682857142857,-4876.76,-56.0,1.0,0.08,LOW
2026-06-12 14:00:00+00:00,Zone_A,2.58,2.22,3.0,0.0,0.0,0.5,288.2631428571429,-4874.54,-56.0,0.0,-0.0499999999999998,LOW
2026-06-12 15:00:00+00:00,Zone_A,2.57,0.42,3.0,1.0,0.0,0.5,288.2578571428571,-4875.88,-55.0,1.0,-0.0100000000000002,LOW
2026-06-12 16:00:00+00:00,Zone_A,2.4,0.46,0.0,1.0,0.0,0.5833333333333334,280.31972222222225,-4875.42,-55.0,1.0,-0.1699999999999999,LOW
2026-06-12 17:00:00+00:00,Zone_A,2.29,0.07,1.0,0.0,0.0,0.5833333333333334,280.3102777777778,-4875.349999999999,-57.0,0.0,-0.1099999999999998,LOW
2026-06-12 18:00:00+00:00,Zone_A,2.23,1.8,2.0,1.0,0.0,0.5833333333333334,280.2994444444445,-4876.91,-56.0,1.0,-0.06,LOW
2026-06-12 19:00:00+00:00,Zone_A,2.38,2.26,1.0,0.0,0.0,0.5833333333333334,280.2908333333333,-4876.370000000001,-59.0,0.0,0.1499999999999999,LOW
2026-06-12 21:00:00+00:00,Zone_A,2.69,3.03,3.0,0.0,1.0,0.5,349.68694444444446,-3872.38,-57.0,1.0,-4997.31,LOW
2026-06-12 22:00:00+00:00,Zone_A,2.7,2.54,0.0,0.0,0.0,0.5,349.6811111111111,-3873.28,-59.0,0.0,0.0100000000000002,LOW
2026-06-12 23:00:00+00:00,Zone_A,2.66,2.17,1.0,0.0,0.0,0.5,349.67486111111106,-3871.62,-58.0,0.0,-0.04,LOW
2026-06-13 04:00:00+00:00,Zone_A,2.55,1.2,3.0,0.0,0.0,0.5,292.29115942028983,-3884.61,-113.0,0.0,0.0299999999999998,LOW
2026-06-13 05:00:00+00:00,Zone_A,2.88,5.22,1.0,0.0,0.0,0.5,219.8691304347826,-3881.0,-114.0,0.0,0.33,LOW
2026-06-13 07:00:00+00:00,Zone_A,2.92,3.49,1.0,3.0,0.0,0.5,223.05382352941177,-1876.17,-166.0,3.0,-0.02,LOW
2026-06-13 08:00:00+00:00,Zone_A,3.07,4.77,3.0,0.0,0.0,0.5,219.86565217391305,-1872.42,-164.0,0.0,0.1499999999999999,MODERATE
2026-06-13 09:00:00+00:00,Zone_A,2.98,0.03,1.0,1.0,0.0,0.5,219.8642028985507,-1873.78,-163.0,1.0,-0.0899999999999998,LOW
2026-06-13 10:00:00+00:00,Zone_A,3.01,1.97,1.0,0.0,0.0,0.5,219.86536231884057,-1873.21,-162.0,0.0,0.0299999999999998,MODERATE
2026-06-13 11:00:00+00:00,Zone_A,2.93,2.55,2.0,1.0,0.0,0.5,219.8675362318841,-1873.97,-110.0,1.0,-0.0799999999999996,LOW
2026-06-13 12:00:00+00:00,Zone_A,2.93,1.41,2.0,2.0,0.0,0.5,219.8691304347826,-1873.36,-111.0,2.0,0.0,LOW
2026-06-13 13:00:00+00:00,Zone_A,3.09,5.96,2.0,1.0,0.0,0.5,219.8726086956522,-1868.99,-59.0,1.0,0.1599999999999997,MODERATE
2026-06-13 14:00:00+00:00,Zone_A,3.06,2.47,2.0,0.0,0.0,0.5,219.87289855072464,-1870.87,-60.0,0.0,-0.0299999999999998,MODERATE
2026-06-13 15:00:00+00:00,Zone_A,3.16,5.76,0.0,3.0,1.0,0.5,219.8736231884058,-1866.52,-116.0,4.0,0.1,MODERATE
2026-06-13 19:00:00+00:00,Zone_A,3.12,0.29,0.0,1.0,1.0,0.5,151.77328358208953,-1871.62,-115.0,2.0,-0.2099999999999999,MODERATE
2026-06-13 20:00:00+00:00,Zone_A,2.89,0.0,1.0,2.0,0.0,0.5,151.77910447761195,-1872.42,-116.0,2.0,-0.2299999999999999,LOW
2026-06-13 21:00:00+00:00,Zone_A,2.69,1.98,1.0,2.0,0.0,0.5,151.78358208955223,-871.44,-118.0,2.0,-0.2000000000000001,LOW
2026-06-13 22:00:00+00:00,Zone_A,2.77,2.7,0.0,1.0,0.0,0.5,151.78835820895526,-870.14,-118.0,1.0,0.08,LOW
2026-06-13 23:00:00+00:00,Zone_A,2.81,0.34,3.0,0.0,0.0,0.5,151.78791044776122,-877.7500000000001,-116.0,0.0,0.04,LOW
2026-06-14 00:00:00+00:00,Zone_A,2.84,1.65,2.0,0.0,0.0,0.5,151.7905970149254,-876.38,-117.0,0.0,0.0299999999999998,LOW
2026-06-14 02:00:00+00:00,Zone_A,2.61,0.0,0.0,0.0,0.0,0.5,149.60132352941176,-878.5100000000001,-67.0,0.0,-0.27,LOW
2026-06-14 03:00:00+00:00,Zone_A,2.61,0.67,0.0,2.0,1.0,0.5,149.6013235294118,-878.68,-118.0,3.0,0.0,LOW
2026-06-14 04:00:00+00:00,Zone_A,2.61,2.24,0.0,1.0,1.0,0.5,149.60235294117646,-877.45,-121.0,2.0,0.0,LOW
2026-06-14 05:00:00+00:00,Zone_A,2.43,0.06,0.0,2.0,0.0,0.5833333333333334,149.60205882352943,-878.6800000000001,-122.0,2.0,-0.1799999999999997,LOW
2026-06-14 09:00:00+00:00,Zone_A,2.34,0.0,1.0,1.0,0.0,0.5833333333333334,229.76772727272729,-880.9000000000001,-70.0,1.0,-4997.66,LOW
2026-06-14 10:00:00+00:00,Zone_A,2.39,2.5,1.0,1.0,0.0,0.5833333333333334,229.76166666666663,-878.4000000000001,-70.0,1.0,0.0500000000000002,LOW
2026-06-14 17:00:00+00:00,Zone_A,2.53,5.52,2.0,0.0,0.0,0.5,233.25061538461537,-1874.7000000000005,-68.0,0.0,0.1299999999999999,LOW
2026-06-14 18:00:00+00:00,Zone_A,2.65,3.3,2.0,0.0,0.0,0.5,233.2544615384616,-1871.92,-67.0,0.0,0.1200000000000001,LOW
2026-06-14 21:00:00+00:00,Zone_A,2.97,0.0,2.0,1.0,0.0,0.5,236.8740625,-2869.13,-66.0,1.0,0.0100000000000002,LOW
2026-06-14 22:00:00+00:00,Zone_A,2.84,0.95,4.0,1.0,0.0,0.5,158.79343749999998,-2868.1800000000003,-62.0,1.0,-0.1300000000000003,LOW
2026-06-14 23:00:00+00:00,Zone_A,2.54,0.19,1.0,0.0,1.0,0.5,158.79234375,-2868.6400000000003,-64.0,1.0,-0.2999999999999998,LOW
2026-06-15 00:00:00+00:00,Zone_A,2.66,3.96,0.0,1.0,0.0,0.5,156.38907692307694,-1865.49,-65.0,1.0,0.1200000000000001,LOW
2026-06-15 01:00:00+00:00,Zone_A,2.56,0.35,1.0,0.0,0.0,0.5,156.39184615384613,-1866.18,-66.0,0.0,-0.1,LOW
2026-06-15 02:00:00+00:00,Zone_A,2.44,0.11,3.0,2.0,0.0,0.5833333333333334,156.39107692307692,-1867.79,-63.0,2.0,-0.1200000000000001,LOW
2026-06-15 03:00:00+00:00,Zone_A,2.15,0.23,0.0,0.0,0.0,0.5833333333333334,156.38707692307693,-1868.78,-13.0,0.0,-0.29,LOW
2026-06-15 04:00:00+00:00,Zone_A,2.47,2.47,2.0,0.0,0.0,0.5833333333333334,156.39184615384613,-1867.07,-11.0,0.0,0.3200000000000003,LOW
2026-06-15 08:00:00+00:00,Zone_A,2.37,0.0,4.0,0.0,0.0,0.5833333333333334,161.30158730158726,-2858.71,-8.0,0.0,-0.0699999999999998,LOW
2026-06-15 09:00:00+00:00,Zone_A,2.52,0.0,3.0,2.0,0.0,0.5,161.30777777777777,-2860.78,-6.0,2.0,0.1499999999999999,LOW
2026-06-15 10:00:00+00:00,Zone_A,2.49,0.0,0.0,0.0,0.0,0.5833333333333334,161.31412698412697,-3860.09,-8.0,0.0,-0.0299999999999998,LOW
2026-06-15 11:00:00+00:00,Zone_A,2.54,2.43,3.0,0.0,0.0,0.5,161.31746031746033,-3861.26,45.0,0.0,0.0499999999999998,LOW
2026-06-15 12:00:00+00:00,Zone_A,2.67,2.95,2.0,1.0,1.0,0.5,161.3193650793651,-3861.76,46.0,2.0,0.1299999999999999,LOW
2026-06-15 13:00:00+00:00,Zone_A,2.58,0.41,1.0,0.0,0.0,0.5,161.31857142857143,-3862.24,43.0,0.0,-0.0899999999999998,LOW
2026-06-15 14:00:00+00:00,Zone_A,2.75,2.75,1.0,1.0,0.0,0.5,161.32126984126984,-3861.71,42.0,1.0,0.1699999999999999,LOW
2026-06-15 15:00:00+00:00,Zone_A,2.73,1.54,1.0,1.0,1.0,0.5,163.88435483870967,-3861.01,41.0,2.0,-0.02,LOW
2026-06-15 16:00:00+00:00,Zone_A,2.82,3.25,0.0,0.0,0.0,0.5,163.89112903225808,-3858.22,39.0,0.0,0.0899999999999998,LOW
2026-06-15 17:00:00+00:00,Zone_A,2.68,0.4,2.0,0.0,0.0,0.5,163.8974193548387,-3857.89,39.0,0.0,-0.1399999999999996,LOW
2026-06-15 18:00:00+00:00,Zone_A,2.73,0.0,0.0,2.0,0.0,0.5,163.90548387096774,-3859.69,37.0,2.0,0.0499999999999998,LOW
2026-06-15 19:00:00+00:00,Zone_A,2.67,0.42,0.0,0.0,0.0,0.5,163.91016129032255,-3861.53,36.0,0.0,-0.06,LOW
2026-06-15 20:00:00+00:00,Zone_A,2.79,0.66,1.0,1.0,0.0,0.5,83.30999999999999,-3863.0,37.0,1.0,0.1200000000000001,LOW
2026-06-15 21:00:00+00:00,Zone_A,2.77,2.94,2.0,1.0,0.0,0.5,83.31129032258065,-3863.09,37.0,1.0,-0.02,LOW
2026-06-16 00:00:00+00:00,Zone_A,2.57,0.41,6.0,2.0,0.0,0.5,83.31016129032257,-3865.45,38.0,2.0,-0.1500000000000003,LOW
2026-06-16 01:00:00+00:00,Zone_A,2.32,0.0,4.0,0.0,0.0,0.5833333333333334,83.30564516129031,-4865.74,41.0,0.0,-0.25,LOW
2026-06-16 07:00:00+00:00,Zone_A,2.47,0.62,1.0,0.0,0.0,0.5833333333333334,169.27066666666667,-4862.1,-13.0,0.0,-0.1599999999999997,LOW
2026-06-16 08:00:00+00:00,Zone_A,2.34,3.79,0.0,0.0,0.0,0.5833333333333334,169.25849999999997,-4863.08,-17.0,0.0,-0.1300000000000003,LOW
2026-06-16 09:00:00+00:00,Zone_A,2.66,8.7,1.0,0.0,0.0,0.5,169.25316666666666,-4854.41,-19.0,0.0,0.3200000000000003,LOW
2026-06-16 10:00:00+00:00,Zone_A,2.63,0.14,2.0,0.0,0.0,0.5,169.2468333333333,-4856.24,-17.0,0.0,-0.0300000000000002,LOW
2026-06-16 11:00:00+00:00,Zone_A,2.81,2.34,2.0,2.0,0.0,0.5,169.2448333333333,-4856.45,-18.0,2.0,0.1800000000000001,LOW
2026-06-16 12:00:00+00:00,Zone_A,2.65,2.04,4.0,0.0,0.0,0.5,166.51180327868855,-4853.48,-14.0,0.0,-0.1600000000000001,LOW
2026-06-16 13:00:00+00:00,Zone_A,2.72,0.97,0.0,0.0,0.0,0.5,166.50573770491803,-4858.47,-65.0,0.0,0.0700000000000002,LOW
2026-06-16 14:00:00+00:00,Zone_A,2.57,1.03,0.0,0.0,0.0,0.5,166.49770491803275,-4859.91,-66.0,0.0,-0.1500000000000003,LOW
2026-06-16 15:00:00+00:00,Zone_A,2.66,0.28,1.0,0.0,0.0,0.5,166.4895081967213,-4865.39,-66.0,0.0,0.0900000000000003,LOW
2026-06-16 16:00:00+00:00,Zone_A,2.79,1.41,0.0,1.0,0.0,0.5,163.8491935483871,-4864.650000000001,-66.0,1.0,0.1299999999999999,LOW
2026-06-16 17:00:00+00:00,Zone_A,2.73,0.0,4.0,0.0,0.0,0.5,161.29174603174602,-4866.38,-64.0,0.0,-0.06,LOW
2026-06-16 18:00:00+00:00,Zone_A,2.67,2.66,0.0,1.0,0.0,0.5,161.28126984126982,-4863.72,-64.0,1.0,-0.06,LOW
2026-06-16 20:00:00+00:00,Zone_A,3.4,11.92,1.0,2.0,0.0,0.5,314.97046875,-4842.15,-58.0,2.0,-4996.6,MODERATE
2026-06-16 21:00:00+00:00,Zone_A,3.45,7.1,4.0,3.0,0.0,0.5,314.98234375,-4837.030000000001,-56.0,3.0,0.0500000000000002,MODERATE
2026-06-16 22:00:00+00:00,Zone_A,3.07,0.05,1.0,2.0,0.0,0.5,314.98703125,-4839.68,-56.0,2.0,-0.3800000000000003,MODERATE
2026-06-16 23:00:00+00:00,Zone_A,2.96,0.0,3.0,1.0,0.0,0.5,314.989375,-4840.02,-53.0,1.0,-0.1099999999999998,LOW
2026-06-17 00:00:00+00:00,Zone_A,3.06,0.15,0.0,3.0,0.0,0.5,314.9928125,-4841.52,-59.0,3.0,0.1,MODERATE
2026-06-17 01:00:00+00:00,Zone_A,3.01,0.65,4.0,0.0,1.0,0.5,314.99484375,-4842.2,-59.0,1.0,-0.0500000000000002,MODERATE
2026-06-17 02:00:00+00:00,Zone_A,3.36,0.0,0.0,1.0,0.0,0.5,315.0065625,-4842.2,-61.0,1.0,0.3500000000000001,MODERATE
2026-06-17 03:00:00+00:00,Zone_A,3.2,0.16,3.0,1.0,0.0,0.5,315.01578125,-4842.71,-58.0,1.0,-0.1599999999999997,MODERATE
2026-06-17 04:00:00+00:00,Zone_A,2.98,0.44,3.0,1.0,0.0,0.5,315.0215625,-4844.51,-57.0,1.0,-0.2200000000000002,LOW
2026-06-17 05:00:00+00:00,Zone_A,2.86,0.0,2.0,0.0,1.0,0.5,310.2275384615385,-5843.13,-2.0,1.0,-0.1200000000000001,LOW
2026-06-17 06:00:00+00:00,Zone_A,2.66,0.08,0.0,1.0,0.0,0.5,301.04940298507466,-6845.94,-1.0,1.0,-0.1999999999999997,LOW
2026-06-17 07:00:00+00:00,Zone_A,2.56,0.88,1.0,1.0,0.0,0.5,296.6598529411765,-6846.47,-1.0,1.0,-0.1,LOW
2026-06-17 08:00:00+00:00,Zone_A,2.53,0.97,0.0,1.0,0.0,0.5,223.16764705882355,-6845.5,-1.0,1.0,-0.0300000000000002,LOW
2026-06-17 09:00:00+00:00,Zone_A,2.59,1.06,2.0,1.0,0.0,0.5,223.17132352941175,-6844.4400000000005,0.0,1.0,0.06,LOW
2026-06-17 12:00:00+00:00,Zone_A,2.47,0.0,0.0,0.0,0.0,0.5833333333333334,223.17411764705884,-7853.08,-7.0,0.0,-0.1099999999999998,LOW
2026-06-17 13:00:00+00:00,Zone_A,2.55,3.45,2.0,0.0,0.0,0.5,219.97666666666663,-7851.25,45.0,0.0,0.0799999999999996,LOW
2026-06-17 14:00:00+00:00,Zone_A,2.43,0.65,1.0,0.0,0.0,0.5833333333333334,219.97333333333333,-6851.6,46.0,0.0,-0.1199999999999996,LOW
2026-06-17 15:00:00+00:00,Zone_A,2.46,2.03,2.0,1.0,0.0,0.5833333333333334,216.866,-6849.570000000001,47.0,1.0,0.0299999999999998,LOW
2026-06-17 17:00:00+00:00,Zone_A,2.28,1.19,4.0,0.0,0.0,0.5833333333333334,216.86242857142855,-6851.87,49.0,0.0,-0.1200000000000001,LOW
2026-06-17 18:00:00+00:00,Zone_A,2.26,0.0,1.0,0.0,0.0,0.5833333333333334,216.85685714285717,-6855.17,50.0,0.0,-0.02,LOW
2026-06-17 19:00:00+00:00,Zone_A,2.18,0.39,2.0,0.0,0.0,0.5833333333333334,213.8332394366197,-6859.31,46.0,0.0,-0.0799999999999996,LOW
2026-06-17 20:00:00+00:00,Zone_A,2.34,1.14,1.0,0.0,1.0,0.5833333333333334,213.82450704225352,-6862.65,46.0,1.0,0.1599999999999997,LOW
2026-06-17 21:00:00+00:00,Zone_A,2.4,3.97,0.0,0.0,0.0,0.5833333333333334,213.81647887323945,-5859.679999999999,42.0,0.0,0.06,LOW
2026-06-17 22:00:00+00:00,Zone_A,2.29,1.38,0.0,0.0,0.0,0.5833333333333334,213.8087323943662,-5859.25,41.0,0.0,-0.1099999999999998,LOW
2026-06-17 23:00:00+00:00,Zone_A,2.48,1.88,1.0,2.0,0.0,0.5833333333333334,213.8043661971831,-5856.37,39.0,2.0,0.1899999999999999,LOW
2026-06-18 00:00:00+00:00,Zone_A,2.55,0.58,2.0,0.0,0.0,0.5,213.80281690140845,-5859.75,41.0,0.0,0.0699999999999998,LOW
2026-06-18 01:00:00+00:00,Zone_A,2.63,3.39,0.0,0.0,1.0,0.5,213.8038028169014,-5856.71,-13.0,1.0,0.08,LOW
2026-06-18 02:00:00+00:00,Zone_A,2.58,5.5,2.0,0.0,0.0,0.5,213.80577464788732,-5851.32,-11.0,0.0,-0.0499999999999998,LOW
2026-06-18 04:00:00+00:00,Zone_A,2.53,0.27,3.0,0.0,0.0,0.5,284.1988732394366,-5853.02,-15.0,0.0,-4997.47,LOW
2026-06-18 06:00:00+00:00,Zone_A,2.78,1.89,1.0,0.0,0.0,0.5,340.3166216216216,-5855.7,-12.0,0.0,-4997.22,LOW
2026-06-18 10:00:00+00:00,Zone_A,2.37,3.54,1.0,1.0,0.0,0.5833333333333334,340.32405405405405,-3850.47,-5.0,1.0,-0.0499999999999998,LOW
2026-06-18 11:00:00+00:00,Zone_A,2.36,1.01,1.0,0.0,1.0,0.5833333333333334,340.3216216216216,-3851.89,-5.0,1.0,-0.0100000000000002,LOW
2026-06-18 12:00:00+00:00,Zone_A,2.47,1.86,0.0,0.0,0.0,0.5833333333333334,340.31891891891894,-3852.98,-5.0,0.0,0.1100000000000003,LOW
2026-06-18 13:00:00+00:00,Zone_A,2.51,0.0,0.0,0.0,0.0,0.5,340.31797297297294,-4852.39,-7.0,0.0,0.0399999999999995,LOW
2026-06-18 14:00:00+00:00,Zone_A,2.37,0.44,1.0,0.0,0.0,0.5833333333333334,340.31283783783783,-4854.7,-7.0,0.0,-0.1399999999999996,LOW
2026-06-18 15:00:00+00:00,Zone_A,2.45,3.08,2.0,1.0,1.0,0.5833333333333334,340.30905405405406,-4853.16,-7.0,2.0,0.08,LOW
2026-06-18 16:00:00+00:00,Zone_A,2.36,0.7,0.0,1.0,0.0,0.5833333333333334,340.30283783783784,-4855.71,-9.0,1.0,-0.0900000000000003,LOW
2026-06-18 17:00:00+00:00,Zone_A,2.12,0.4,1.0,0.0,1.0,0.5833333333333334,340.29527027027024,-4855.71,-12.0,1.0,-0.2399999999999997,LOW
2026-06-18 18:00:00+00:00,Zone_A,2.13,1.81,4.0,0.0,0.0,0.5833333333333334,335.77826666666664,-4853.5,-8.0,0.0,0.0099999999999997,LOW
2026-06-18 19:00:00+00:00,Zone_A,2.36,0.0,5.0,1.0,0.0,0.5833333333333334,335.77413333333334,-4853.92,-5.0,1.0,0.2299999999999999,LOW
2026-06-18 22:00:00+00:00,Zone_A,2.44,0.0,2.0,0.0,0.0,0.5833333333333334,335.7638666666667,-4856.900000000001,-2.0,0.0,0.0899999999999998,LOW
2026-06-18 23:00:00+00:00,Zone_A,2.5,2.04,0.0,3.0,0.0,0.5833333333333334,335.76093333333336,-4856.25,-3.0,3.0,0.06,LOW
2026-06-19 00:00:00+00:00,Zone_A,2.56,1.86,3.0,0.0,0.0,0.5,331.37578947368416,-4852.76,-2.0,0.0,0.06,LOW
2026-06-19 03:00:00+00:00,Zone_A,2.68,1.86,2.0,1.0,0.0,0.5,262.2084415584416,-3860.98,48.0,1.0,0.0300000000000002,LOW
2026-06-19 04:00:00+00:00,Zone_A,2.53,0.78,4.0,0.0,0.0,0.5,258.8792307692308,-3861.77,46.0,0.0,-0.1500000000000003,LOW
2026-06-19 05:00:00+00:00,Zone_A,2.47,2.58,0.0,0.0,0.0,0.5833333333333334,255.63354430379744,-3862.77,43.0,0.0,-0.0599999999999996,LOW
2026-06-19 06:00:00+00:00,Zone_A,2.34,1.45,3.0,0.0,0.0,0.5833333333333334,255.62987341772157,-3863.75,44.0,0.0,-0.1300000000000003,LOW
2026-06-19 07:00:00+00:00,Zone_A,2.42,3.14,1.0,0.0,0.0,0.5833333333333334,252.46312500000005,-3859.78,46.0,0.0,0.08,LOW
2026-06-19 08:00:00+00:00,Zone_A,2.37,1.67,2.0,0.0,0.0,0.5833333333333334,252.4635,-3861.9,44.0,0.0,-0.0499999999999998,LOW
2026-06-19 10:00:00+00:00,Zone_A,1.92,0.72,0.0,0.0,0.0,0.5833333333333334,314.921375,-3867.7,43.0,0.0,-4998.08,LOW
2026-06-19 11:00:00+00:00,Zone_A,2.0,0.04,1.0,0.0,0.0,0.5833333333333334,318.8618987341772,-3872.34,43.0,0.0,0.08,LOW
2026-06-19 12:00:00+00:00,Zone_A,2.16,0.0,0.0,0.0,0.0,0.5833333333333334,318.85569620253165,-3874.38,-7.0,0.0,0.1600000000000001,LOW
2026-06-19 13:00:00+00:00,Zone_A,2.29,0.0,1.0,0.0,0.0,0.5833333333333334,318.850253164557,-4874.35,-6.0,0.0,0.1299999999999999,LOW
2026-06-19 14:00:00+00:00,Zone_A,2.21,0.16,5.0,1.0,0.0,0.5833333333333334,318.8456962025316,-4875.22,-2.0,1.0,-0.08,LOW
2026-06-19 15:00:00+00:00,Zone_A,2.29,1.91,1.0,0.0,0.0,0.5833333333333334,318.84101265822784,-4873.589999999999,-3.0,0.0,0.08,LOW
2026-06-19 16:00:00+00:00,Zone_A,2.38,1.24,2.0,0.0,0.0,0.5833333333333334,318.83582278481015,-4873.76,-1.0,0.0,0.0899999999999998,LOW
2026-06-19 17:00:00+00:00,Zone_A,2.34,0.0,0.0,0.0,0.0,0.5833333333333334,318.8308860759494,-5872.76,-3.0,0.0,-0.04,LOW
2026-06-19 19:00:00+00:00,Zone_A,2.58,5.37,3.0,0.0,0.0,0.5,258.8147435897436,-5877.93,-7.0,0.0,-4997.42,LOW
2026-06-19 20:00:00+00:00,Zone_A,2.65,2.15,2.0,1.0,0.0,0.5,258.8051282051282,-5887.7,-7.0,1.0,0.0699999999999998,LOW
2026-06-19 21:00:00+00:00,Zone_A,2.52,0.31,0.0,0.0,1.0,0.5,258.7932051282052,-5894.490000000001,-7.0,1.0,-0.1299999999999999,LOW
2026-06-19 22:00:00+00:00,Zone_A,2.39,0.45,4.0,1.0,0.0,0.5833333333333334,258.7844871794872,-5894.089999999999,-5.0,1.0,-0.1299999999999999,LOW
2026-06-19 23:00:00+00:00,Zone_A,2.59,2.81,0.0,1.0,0.0,0.5,258.7797435897436,-5891.28,-5.0,1.0,0.1999999999999997,LOW
2026-06-20 00:00:00+00:00,Zone_A,2.51,1.72,3.0,2.0,1.0,0.5,258.7726923076923,-5889.71,-5.0,3.0,-0.08,LOW
2026-06-20 01:00:00+00:00,Zone_A,2.63,2.14,2.0,1.0,0.0,0.5,258.7678205128205,-5888.219999999999,-5.0,1.0,0.1200000000000001,LOW
2026-06-20 02:00:00+00:00,Zone_A,2.54,0.44,1.0,2.0,0.0,0.5,258.7573076923077,-5887.78,-4.0,2.0,-0.0899999999999998,LOW
2026-06-20 03:00:00+00:00,Zone_A,2.6,2.03,0.0,0.0,0.0,0.5,258.7496153846154,-5885.91,-56.0,0.0,0.06,LOW
2026-06-20 04:00:00+00:00,Zone_A,2.31,0.01,2.0,0.0,0.0,0.5833333333333334,262.0625974025974,-5886.78,-58.0,0.0,-0.29,LOW
2026-06-20 05:00:00+00:00,Zone_A,2.38,5.82,0.0,0.0,0.0,0.5833333333333334,265.4668421052632,-3882.96,-108.0,0.0,0.0699999999999998,LOW
2026-06-20 06:00:00+00:00,Zone_A,2.21,1.78,0.0,0.0,0.0,0.5833333333333334,265.4609210526316,-3881.26,-114.0,0.0,-0.1699999999999999,LOW
2026-06-20 07:00:00+00:00,Zone_A,2.21,0.82,0.0,0.0,0.0,0.5833333333333334,265.4563157894737,-3881.32,-115.0,0.0,0.0,LOW
2026-06-20 08:00:00+00:00,Zone_A,2.12,0.37,1.0,0.0,0.0,0.5833333333333334,265.4509210526316,-3881.92,-116.0,0.0,-0.0899999999999998,LOW
2026-06-20 11:00:00+00:00,Zone_A,2.27,0.0,3.0,0.0,0.0,0.5833333333333334,268.9470666666667,-2884.66,-114.0,0.0,0.02,LOW
2026-06-20 12:00:00+00:00,Zone_A,2.2,2.52,1.0,0.0,0.0,0.5833333333333334,268.94346666666667,-2882.14,-63.0,0.0,-0.0699999999999998,LOW
2026-06-20 13:00:00+00:00,Zone_A,2.11,0.0,3.0,1.0,0.0,0.5833333333333334,268.9376,-2885.59,-61.0,1.0,-0.0900000000000003,LOW
2026-06-20 19:00:00+00:00,Zone_A,2.04,4.24,1.0,0.0,0.0,0.5833333333333334,402.18666666666667,-2885.9500000000003,-50.0,0.0,0.1500000000000001,LOW
2026-06-20 20:00:00+00:00,Zone_A,1.78,1.25,1.0,0.0,0.0,0.5833333333333334,402.1792,-2885.84,-51.0,0.0,-0.26,LOW
2026-06-20 21:00:00+00:00,Zone_A,1.76,0.42,1.0,1.0,0.0,0.5833333333333334,402.17066666666665,-2889.39,-50.0,1.0,-0.02,LOW
2026-06-21 00:00:00+00:00,Zone_A,1.68,1.03,1.0,0.0,0.0,0.5833333333333334,413.1030136986301,-2887.83,-54.0,0.0,0.03,LOW
2026-06-21 01:00:00+00:00,Zone_A,1.75,2.69,0.0,0.0,0.0,0.5833333333333334,413.0909589041096,-2888.53,-56.0,0.0,0.07,LOW
2026-06-21 02:00:00+00:00,Zone_A,1.76,2.67,0.0,0.0,0.0,0.5833333333333334,413.07972602739727,-2891.36,-57.0,0.0,0.01,LOW
2026-06-21 03:00:00+00:00,Zone_A,1.83,0.1,0.0,0.0,0.0,0.5833333333333334,344.6116438356164,-2891.99,-57.0,0.0,0.07,LOW
2026-06-21 04:00:00+00:00,Zone_A,2.2,3.05,2.0,0.0,0.0,0.5833333333333334,349.35819444444445,-2889.48,-57.0,0.0,0.3700000000000001,LOW
2026-06-21 05:00:00+00:00,Zone_A,2.24,0.5,2.0,0.0,0.0,0.5833333333333334,279.94486111111115,-2893.8700000000003,-5.0,0.0,0.04,LOW
2026-06-21 06:00:00+00:00,Zone_A,2.12,0.67,2.0,0.0,0.0,0.5833333333333334,283.8392957746479,-2896.98,-3.0,0.0,-0.1200000000000001,LOW
2026-06-21 07:00:00+00:00,Zone_A,1.97,1.2,1.0,0.0,0.0,0.5833333333333334,279.915,-2895.26,0.0,0.0,-0.1500000000000001,LOW
2026-06-21 08:00:00+00:00,Zone_A,2.22,6.77,2.0,0.0,0.0,0.5833333333333334,276.1109589041096,-2889.3100000000004,1.0,0.0,0.2500000000000002,LOW
2026-06-21 09:00:00+00:00,Zone_A,2.37,0.0,1.0,0.0,0.0,0.5833333333333334,272.4090540540541,-3882.79,4.0,0.0,0.1499999999999999,LOW
2026-06-21 10:00:00+00:00,Zone_A,2.56,4.32,4.0,1.0,1.0,0.5,272.41162162162163,-3882.01,4.0,2.0,0.1899999999999999,LOW
2026-06-21 11:00:00+00:00,Zone_A,2.36,0.0,4.0,0.0,0.0,0.5833333333333334,272.41162162162163,-4882.02,5.0,0.0,-0.2000000000000001,LOW
2026-06-21 12:00:00+00:00,Zone_A,2.38,1.96,2.0,0.0,0.0,0.5833333333333334,272.4104054054054,-4881.92,6.0,0.0,0.02,LOW
2026-06-21 13:00:00+00:00,Zone_A,2.48,2.95,3.0,1.0,0.0,0.5833333333333334,272.41,-3879.97,6.0,1.0,0.1,LOW
2026-06-21 15:00:00+00:00,Zone_A,2.83,4.83,0.0,1.0,0.0,0.5,268.8204,-3873.92,3.0,1.0,0.1299999999999999,LOW
2026-06-21 16:00:00+00:00,Zone_A,2.83,2.24,0.0,0.0,0.0,0.5,268.82666666666665,-3872.38,0.0,0.0,0.0,LOW
2026-06-21 21:00:00+00:00,Zone_A,3.47,1.33,0.0,2.0,0.0,0.5,276.1787671232877,-3863.05,-63.0,2.0,0.0,MODERATE
2026-06-21 22:00:00+00:00,Zone_A,3.34,3.9,0.0,1.0,0.0,0.5,276.19109589041096,-3859.15,-115.0,1.0,-0.1300000000000003,MODERATE
2026-06-21 23:00:00+00:00,Zone_A,3.35,0.0,1.0,3.0,0.0,0.5,268.9376,-3851.53,-264.0,3.0,0.0100000000000002,MODERATE
2026-06-22 01:00:00+00:00,Zone_A,2.93,0.52,4.0,3.0,0.0,0.5,335.5761333333333,-3852.66,-258.0,3.0,-4997.07,LOW
2026-06-22 02:00:00+00:00,Zone_A,2.94,0.07,3.0,1.0,1.0,0.5,335.58,-3854.21,-255.0,2.0,0.0099999999999997,LOW
2026-06-22 04:00:00+00:00,Zone_A,3.03,2.54,0.0,1.0,0.0,0.5,335.5897333333333,-3853.7,-206.0,1.0,0.1199999999999996,MODERATE
2026-06-22 05:00:00+00:00,Zone_A,2.98,1.96,1.0,0.0,1.0,0.5,335.5965333333333,-3854.32,-207.0,1.0,-0.0499999999999998,LOW
2026-06-22 06:00:00+00:00,Zone_A,2.97,1.29,1.0,1.0,0.0,0.5,340.1085135135135,-3855.93,-210.0,1.0,-0.0099999999999997,LOW
2026-06-22 07:00:00+00:00,Zone_A,2.86,0.98,2.0,1.0,0.0,0.5,340.11445945945945,-3858.09,-209.0,1.0,-0.1100000000000003,LOW
2026-06-22 08:00:00+00:00,Zone_A,2.64,0.38,2.0,1.0,0.0,0.5,340.11810810810806,-3859.38,-211.0,1.0,-0.2199999999999997,LOW
2026-06-22 11:00:00+00:00,Zone_A,2.59,0.0,0.0,0.0,0.0,0.5,276.3023287671233,-3856.32,-218.0,0.0,-0.0700000000000002,LOW
2026-06-22 13:00:00+00:00,Zone_A,2.91,2.26,2.0,2.0,0.0,0.5,276.32191780821915,-2849.95,-224.0,2.0,-0.06,LOW
2026-06-22 14:00:00+00:00,Zone_A,2.83,0.66,0.0,0.0,0.0,0.5,276.3304109589041,-2849.4500000000003,-225.0,0.0,-0.08,LOW
2026-06-22 15:00:00+00:00,Zone_A,2.9,0.19,0.0,2.0,0.0,0.5,276.33876712328765,-2851.17,-225.0,2.0,0.0699999999999998,LOW
2026-06-22 16:00:00+00:00,Zone_A,3.01,1.34,5.0,1.0,0.0,0.5,276.3473972602739,-2851.07,-220.0,1.0,0.1099999999999998,MODERATE
2026-06-22 17:00:00+00:00,Zone_A,3.0,1.25,4.0,2.0,1.0,0.5,276.35643835616435,-1850.82,-217.0,3.0,-0.0099999999999997,MODERATE
2026-06-22 18:00:00+00:00,Zone_A,2.86,0.11,2.0,2.0,0.0,0.5,207.90246575342465,-1852.77,-165.0,2.0,-0.1400000000000001,LOW
2026-06-22 19:00:00+00:00,Zone_A,3.08,3.49,3.0,0.0,0.0,0.5,207.90931506849316,-1854.65,-163.0,0.0,0.2200000000000002,MODERATE
2026-06-22 20:00:00+00:00,Zone_A,2.97,0.9,3.0,2.0,1.0,0.5,207.91369863013696,-1855.9,-161.0,3.0,-0.1099999999999998,LOW
2026-06-22 21:00:00+00:00,Zone_A,2.69,0.0,1.0,1.0,0.0,0.5,207.91602739726028,-1856.21,-160.0,1.0,-0.2800000000000002,LOW
2026-06-22 23:00:00+00:00,Zone_A,2.39,0.3,0.0,0.0,0.0,0.5833333333333334,207.91520547945208,-1859.17,-11.0,0.0,-0.1399999999999996,LOW
2026-06-23 00:00:00+00:00,Zone_A,2.13,0.26,4.0,1.0,0.0,0.5833333333333334,207.91,-1860.63,-10.0,1.0,-0.2600000000000002,LOW
2026-06-23 01:00:00+00:00,Zone_A,2.14,0.11,4.0,0.0,0.0,0.5833333333333334,207.90328767123285,-1862.66,-10.0,0.0,0.0100000000000002,LOW
2026-06-23 02:00:00+00:00,Zone_A,2.12,2.77,0.0,1.0,0.0,0.5833333333333334,207.89753424657533,-1860.33,-13.0,1.0,-0.02,LOW
2026-06-23 03:00:00+00:00,Zone_A,2.11,0.87,0.0,1.0,0.0,0.5833333333333334,207.89082191780824,-1861.49,-14.0,1.0,-0.0100000000000002,LOW
2026-06-23 10:00:00+00:00,Zone_A,2.42,0.02,1.0,0.0,0.0,0.5833333333333334,210.75527777777776,-1859.67,-54.0,0.0,0.0,LOW
2026-06-23 11:00:00+00:00,Zone_A,2.25,0.51,3.0,0.0,0.0,0.5833333333333334,210.755,-1859.16,-51.0,0.0,-0.1699999999999999,LOW
2026-06-23 12:00:00+00:00,Zone_A,2.21,0.83,3.0,0.0,0.0,0.5833333333333334,210.7551388888889,-1860.85,-48.0,0.0,-0.04,LOW
2026-06-23 13:00:00+00:00,Zone_A,2.47,6.39,0.0,0.0,0.0,0.5833333333333334,210.7601388888889,-1854.46,-50.0,0.0,0.2600000000000002,LOW
2026-06-23 14:00:00+00:00,Zone_A,2.55,0.0,1.0,1.0,0.0,0.5,72.91943661971831,-1854.66,-49.0,1.0,0.0799999999999996,LOW
2026-06-23 15:00:00+00:00,Zone_A,2.51,2.45,1.0,2.0,0.0,0.5,71.94152777777778,-1852.23,-48.0,2.0,-0.04,LOW
2026-06-23 16:00:00+00:00,Zone_A,2.46,0.9,2.0,2.0,0.0,0.5833333333333334,70.99849315068492,-1849.11,-50.0,2.0,-0.0499999999999998,LOW
2026-06-23 17:00:00+00:00,Zone_A,2.36,3.16,1.0,0.0,0.0,0.5833333333333334,70.07094594594595,-1846.65,-53.0,0.0,-0.1,LOW
2026-06-23 18:00:00+00:00,Zone_A,2.22,1.95,0.0,0.0,0.0,0.5833333333333334,71.00945205479452,-1845.34,-55.0,0.0,-0.1399999999999996,LOW
2026-06-23 19:00:00+00:00,Zone_A,2.41,0.0,1.0,1.0,0.0,0.5833333333333334,71.01452054794521,-1849.58,-57.0,1.0,0.1899999999999999,LOW
2026-06-23 21:00:00+00:00,Zone_A,2.33,0.48,2.0,0.0,0.0,0.5833333333333334,71.02986301369863,-1850.77,-59.0,0.0,0.0,LOW
2026-06-23 22:00:00+00:00,Zone_A,2.26,0.83,4.0,0.0,0.0,0.5833333333333334,69.19693333333333,-1853.18,-3.0,0.0,-0.0700000000000002,LOW
2026-06-24 00:00:00+00:00,Zone_A,2.54,4.08,2.0,0.0,1.0,0.5,69.21693333333333,-1850.44,-1.0,1.0,0.25,LOW
2026-06-24 01:00:00+00:00,Zone_A,2.61,0.88,4.0,1.0,0.0,0.5,69.2284,-1852.25,-1.0,1.0,0.0699999999999998,LOW
2026-06-24 02:00:00+00:00,Zone_A,2.62,0.64,4.0,0.0,0.0,0.5,68.36315789473684,-1853.4,7.0,0.0,0.0100000000000002,LOW
2026-06-24 03:00:00+00:00,Zone_A,2.62,0.85,1.0,0.0,0.0,0.5,68.37355263157895,-1852.65,8.0,0.0,0.0,LOW
2026-06-24 04:00:00+00:00,Zone_A,2.55,0.09,4.0,1.0,0.0,0.5,68.37815789473684,-1855.61,9.0,1.0,-0.0700000000000002,LOW
2026-06-24 06:00:00+00:00,Zone_A,2.55,1.69,3.0,1.0,0.0,0.5,69.26933333333334,-1853.35,0.0,1.0,0.1599999999999997,LOW
2026-06-24 07:00:00+00:00,Zone_A,2.59,2.33,0.0,0.0,0.0,0.5,69.27759999999999,-1852.22,50.0,0.0,0.04,LOW
2026-06-24 08:00:00+00:00,Zone_A,2.63,0.4,1.0,2.0,0.0,0.5,70.18932432432433,-1865.36,51.0,2.0,0.04,LOW
2026-06-24 09:00:00+00:00,Zone_A,3.02,0.0,1.0,1.0,0.0,0.5,70.1981081081081,-1865.36,51.0,1.0,0.3900000000000001,MODERATE
2026-06-24 10:00:00+00:00,Zone_A,2.85,0.62,3.0,1.0,0.0,0.5,70.20202702702703,-1869.06,53.0,1.0,-0.1699999999999999,LOW
2026-06-24 13:00:00+00:00,Zone_A,2.84,0.05,3.0,0.0,0.0,0.5,72.09805555555555,-874.24,54.0,0.0,-0.1300000000000003,LOW
2026-06-24 15:00:00+00:00,Zone_A,2.84,1.23,0.0,0.0,0.0,0.5,71.15219178082191,-878.31,55.0,0.0,-0.0300000000000002,LOW
2026-06-24 16:00:00+00:00,Zone_A,2.82,1.25,2.0,2.0,0.0,0.5,71.15205479452055,-879.3,55.0,2.0,-0.02,LOW
2026-06-24 17:00:00+00:00,Zone_A,2.91,1.67,4.0,0.0,0.0,0.5,69.33106666666667,-881.37,60.0,0.0,0.0900000000000003,LOW
2026-06-24 18:00:00+00:00,Zone_A,2.8,0.23,3.0,1.0,1.0,0.5,69.32586666666666,-885.2199999999999,63.0,2.0,-0.1100000000000003,LOW
2026-06-24 19:00:00+00:00,Zone_A,2.73,0.52,0.0,0.0,0.0,0.5,68.44960526315789,-884.6999999999999,62.0,0.0,-0.0699999999999998,LOW
2026-06-24 20:00:00+00:00,Zone_A,2.72,0.59,1.0,0.0,0.0,0.5,68.43973684210525,-886.8199999999999,63.0,0.0,-0.0099999999999997,LOW
2026-06-24 21:00:00+00:00,Zone_A,2.75,0.73,0.0,0.0,0.0,0.5,68.43026315789473,-887.42,9.0,0.0,0.0299999999999998,LOW
2026-06-24 22:00:00+00:00,Zone_A,2.78,1.42,3.0,0.0,0.0,0.5,71.09753424657534,-901.6,8.0,0.0,0.0299999999999998,LOW
2026-06-24 23:00:00+00:00,Zone_A,2.69,0.73,0.0,2.0,0.0,0.5,71.08849315068493,-900.87,4.0,2.0,-0.0899999999999998,LOW
2026-06-25 00:00:00+00:00,Zone_A,2.74,2.43,1.0,1.0,1.0,0.5,2.632876712328767,-898.65,3.0,2.0,0.0500000000000002,LOW
2026-06-25 02:00:00+00:00,Zone_A,2.6,0.96,0.0,1.0,0.0,0.5,2.6234246575342466,-896.6999999999999,-7.0,1.0,0.02,LOW
2026-06-25 03:00:00+00:00,Zone_A,2.87,4.63,1.0,1.0,0.0,0.5,2.6228767123287677,-892.68,-7.0,1.0,0.27,LOW
2026-06-25 04:00:00+00:00,Zone_A,2.84,0.4,1.0,0.0,0.0,0.5,2.62027397260274,-894.8199999999999,-10.0,0.0,-0.0300000000000002,LOW
2026-06-25 06:00:00+00:00,Zone_A,2.89,2.27,5.0,0.0,0.0,0.5,2.6167123287671235,-895.15,-7.0,0.0,0.0900000000000003,LOW
2026-06-25 07:00:00+00:00,Zone_A,3.1,0.0,1.0,0.0,0.0,0.5,2.62,-896.13,-6.0,0.0,0.2099999999999999,MODERATE
2026-06-25 08:00:00+00:00,Zone_A,3.06,1.08,3.0,0.0,1.0,0.5,2.6257534246575345,-895.43,-4.0,1.0,-0.04,MODERATE
2026-06-25 09:00:00+00:00,Zone_A,2.96,0.38,5.0,1.0,0.0,0.5,2.6302702702702705,-897.63,0.0,1.0,-0.1,LOW
2026-06-25 10:00:00+00:00,Zone_A,2.94,0.5,1.0,0.0,0.0,0.5,2.6384000000000003,-900.31,3.0,0.0,-0.02,LOW
2026-06-25 11:00:00+00:00,Zone_A,2.69,0.82,1.0,0.0,0.0,0.5,2.639733333333333,-899.4899999999999,2.0,0.0,-0.25,LOW
2026-06-25 12:00:00+00:00,Zone_A,2.59,0.0,3.0,0.0,0.0,0.5,2.634666666666667,-904.6,3.0,0.0,-0.1,LOW
2026-06-25 13:00:00+00:00,Zone_A,2.41,1.19,0.0,0.0,0.0,0.5833333333333334,2.628,-905.67,0.0,0.0,-0.1799999999999997,LOW
2026-06-25 15:00:00+00:00,Zone_A,2.06,0.5,6.0,0.0,1.0,0.5833333333333334,2.6106666666666665,-905.53,3.0,1.0,-0.31,LOW
2026-06-25 16:00:00+00:00,Zone_A,1.93,0.51,0.0,1.0,0.0,0.5833333333333334,2.5962666666666667,-906.36,-1.0,1.0,-0.1300000000000001,LOW
2026-06-25 17:00:00+00:00,Zone_A,1.96,1.45,3.0,0.0,0.0,0.5833333333333334,2.5824000000000003,-906.16,-2.0,0.0,0.03,LOW
2026-06-25 19:00:00+00:00,Zone_A,2.15,1.66,0.0,0.0,1.0,0.5833333333333334,69.19853333333333,-908.1,-54.0,1.0,-4997.85,LOW
2026-06-25 20:00:00+00:00,Zone_A,2.45,3.49,0.0,0.0,0.0,0.5833333333333334,68.30947368421052,-903.85,-105.0,0.0,0.3000000000000002,LOW
2026-06-25 21:00:00+00:00,Zone_A,2.3,0.82,4.0,1.0,0.0,0.5833333333333334,68.30434210526316,-903.03,-51.0,1.0,-0.1500000000000003,LOW
2026-06-26 00:00:00+00:00,Zone_A,2.74,3.75,2.0,0.0,0.0,0.5,68.3125,-888.9899999999999,-45.0,0.0,0.1100000000000003,LOW
2026-06-26 01:00:00+00:00,Zone_A,2.69,1.19,0.0,0.0,0.0,0.5,68.31973684210526,-887.91,-47.0,0.0,-0.0500000000000002,LOW
2026-06-26 04:00:00+00:00,Zone_A,2.84,1.63,2.0,1.0,0.0,0.5,68.33868421052631,-883.05,-39.0,1.0,0.0099999999999997,LOW
2026-06-26 05:00:00+00:00,Zone_A,2.6,0.26,3.0,2.0,0.0,0.5,68.34394736842106,-883.78,-38.0,2.0,-0.2399999999999997,LOW
2026-06-26 06:00:00+00:00,Zone_A,2.55,0.05,2.0,1.0,0.0,0.5,68.3486842105263,-886.54,-41.0,1.0,-0.0500000000000002,LOW
2026-06-26 07:00:00+00:00,Zone_A,2.7,2.15,1.0,0.0,0.0,0.5,67.49610389610389,-885.57,-41.0,0.0,0.1500000000000003,LOW
2026-06-26 08:00:00+00:00,Zone_A,2.82,3.24,4.0,0.0,0.0,0.5,67.49896103896104,-888.5,-40.0,0.0,0.1199999999999996,LOW
2026-06-26 09:00:00+00:00,Zone_A,2.86,1.84,0.0,0.0,0.0,0.5,67.50467532467532,-887.0699999999999,-50.0,0.0,0.04,LOW
2026-06-26 11:00:00+00:00,Zone_A,2.5,0.22,3.0,0.0,0.0,0.5833333333333334,65.08624999999999,-881.6999999999999,-99.0,0.0,-0.1299999999999999,LOW
2026-06-26 12:00:00+00:00,Zone_A,2.32,0.69,2.0,2.0,0.0,0.5833333333333334,65.087625,-881.8399999999999,-100.0,2.0,-0.1800000000000001,LOW
2026-06-26 17:00:00+00:00,Zone_A,3.02,8.91,3.0,3.0,0.0,0.5,67.53493506493506,-878.26,-102.0,3.0,0.4700000000000002,MODERATE
2026-06-26 19:00:00+00:00,Zone_A,2.98,4.28,2.0,0.0,0.0,0.5,132.44857142857143,-875.06,0.0,0.0,-4997.02,LOW
2026-06-26 20:00:00+00:00,Zone_A,2.95,3.86,2.0,1.0,0.0,0.5,132.45662337662338,-871.1999999999999,2.0,1.0,-0.0299999999999998,LOW
2026-06-26 21:00:00+00:00,Zone_A,2.74,0.92,2.0,1.0,0.0,0.5,134.1742105263158,-871.2399999999999,-4.0,1.0,-0.2099999999999999,LOW
2026-06-26 22:00:00+00:00,Zone_A,2.99,5.65,2.0,0.0,1.0,0.5,134.1838157894737,-866.42,-2.0,1.0,0.25,LOW
2026-06-26 23:00:00+00:00,Zone_A,2.91,0.48,2.0,1.0,0.0,0.5,134.19197368421052,-867.66,-4.0,1.0,-0.08,LOW
2026-06-27 00:00:00+00:00,Zone_A,2.79,0.1,0.0,4.0,0.0,0.5,134.19526315789474,-871.6399999999999,-56.0,4.0,-0.1200000000000001,LOW
2026-06-27 01:00:00+00:00,Zone_A,2.77,0.03,1.0,0.0,0.0,0.5,135.95186666666666,-873.3699999999999,-55.0,0.0,-0.02,LOW
2026-06-27 02:00:00+00:00,Zone_A,2.65,2.44,3.0,0.0,0.0,0.5,135.95226666666667,-871.5699999999999,-58.0,0.0,-0.1200000000000001,LOW
2026-06-27 03:00:00+00:00,Zone_A,2.69,0.82,1.0,3.0,0.0,0.5,135.9532,-871.5999999999999,-59.0,3.0,0.04,LOW
2026-06-27 04:00:00+00:00,Zone_A,2.76,0.78,0.0,1.0,0.0,0.5,135.95600000000002,-870.91,-111.0,1.0,0.0699999999999998,LOW
2026-06-27 05:00:00+00:00,Zone_A,2.69,0.75,2.0,1.0,0.0,0.5,134.20736842105262,-871.79,-162.0,1.0,-0.0699999999999998,LOW
2026-06-27 06:00:00+00:00,Zone_A,2.72,0.68,0.0,0.0,1.0,0.5,134.2096052631579,-872.8,-164.0,1.0,0.0300000000000002,LOW
2026-06-27 07:00:00+00:00,Zone_A,2.85,0.0,2.0,3.0,0.0,0.5,134.21302631578948,-1874.13,-163.0,3.0,0.1299999999999999,LOW
2026-06-27 08:00:00+00:00,Zone_A,2.72,1.11,0.0,0.0,1.0,0.5,134.2142105263158,-1873.42,-167.0,1.0,-0.1299999999999999,LOW
2026-06-27 09:00:00+00:00,Zone_A,2.8,0.34,0.0,1.0,0.0,0.5,134.21131578947367,-874.0799999999999,-167.0,1.0,0.0799999999999996,LOW
2026-06-27 11:00:00+00:00,Zone_A,2.74,0.62,0.0,1.0,0.0,0.5,132.50155844155842,-875.22,-117.0,1.0,0.0700000000000002,LOW
2026-06-27 12:00:00+00:00,Zone_A,2.68,2.88,1.0,1.0,0.0,0.5,132.4977922077922,-873.77,-118.0,1.0,-0.06,LOW
2026-06-27 13:00:00+00:00,Zone_A,2.83,3.62,2.0,0.0,0.0,0.5,132.49766233766235,-870.1999999999999,-118.0,0.0,0.1499999999999999,LOW
2026-06-27 14:00:00+00:00,Zone_A,2.8,0.0,4.0,0.0,0.0,0.5,134.20236842105265,-871.52,-114.0,0.0,-0.0300000000000002,LOW
2026-06-27 15:00:00+00:00,Zone_A,3.03,5.13,0.0,0.0,0.0,0.5,134.20486842105262,-867.62,-116.0,0.0,0.2299999999999999,MODERATE
2026-06-27 16:00:00+00:00,Zone_A,3.16,3.63,3.0,0.0,0.0,0.5,135.9612,-866.49,-114.0,0.0,0.1300000000000003,MODERATE
2026-06-27 17:00:00+00:00,Zone_A,3.23,5.17,1.0,1.0,0.0,0.5,135.96546666666669,-862.99,-116.0,1.0,0.0699999999999998,MODERATE
2026-06-27 19:00:00+00:00,Zone_A,3.47,3.14,3.0,1.0,0.0,0.5,135.98280000000003,-854.51,-114.0,1.0,0.1100000000000003,MODERATE
2026-06-27 20:00:00+00:00,Zone_A,3.4,5.02,2.0,4.0,0.0,0.5,135.99186666666668,-850.08,-114.0,4.0,-0.0700000000000002,MODERATE
2026-06-27 21:00:00+00:00,Zone_A,3.27,1.96,2.0,3.0,0.0,0.5,135.99880000000002,-848.85,-114.0,3.0,-0.1299999999999999,MODERATE
2026-06-27 22:00:00+00:00,Zone_A,3.26,1.95,1.0,2.0,0.0,0.5,136.0052,-848.3199999999999,-115.0,2.0,-0.0100000000000002,MODERATE
2026-06-28 02:00:00+00:00,Zone_A,3.07,3.47,0.0,2.0,0.0,0.5,136.02986666666666,-847.7,-54.0,2.0,-0.02,MODERATE
2026-06-28 07:00:00+00:00,Zone_A,2.88,0.68,3.0,2.0,0.0,0.5,139.67328767123288,-845.9899999999999,49.0,2.0,0.02,LOW
2026-06-28 08:00:00+00:00,Zone_A,2.96,0.0,1.0,0.0,0.0,0.5,139.67191780821918,-1846.07,50.0,0.0,0.08,LOW
2026-06-28 09:00:00+00:00,Zone_A,2.84,0.72,1.0,1.0,0.0,0.5,141.56902777777776,-1846.11,51.0,1.0,-0.1200000000000001,LOW
2026-06-28 10:00:00+00:00,Zone_A,2.7,0.0,2.0,0.0,0.0,0.5,141.56569444444443,-1846.61,50.0,0.0,-0.1399999999999996,LOW
2026-06-28 11:00:00+00:00,Zone_A,2.82,0.0,0.0,0.0,0.0,0.5,139.66520547945208,-1847.43,52.0,0.0,0.1199999999999996,LOW
2026-06-28 15:00:00+00:00,Zone_A,2.79,1.24,2.0,0.0,0.0,0.5,141.59125,-1840.67,53.0,0.0,-0.04,LOW
2026-06-28 16:00:00+00:00,Zone_A,2.88,2.25,1.0,0.0,0.0,0.5,139.70287671232876,-1837.69,53.0,0.0,0.0899999999999998,LOW
2026-06-28 18:00:00+00:00,Zone_A,2.98,2.95,0.0,0.0,1.0,0.5,139.7168493150685,-1833.98,1.0,1.0,-4997.02,LOW
2026-06-28 19:00:00+00:00,Zone_A,2.85,1.45,3.0,0.0,0.0,0.5,141.63722222222225,-1835.85,1.0,0.0,-0.1299999999999999,LOW
2026-06-28 22:00:00+00:00,Zone_A,3.21,11.89,0.0,1.0,0.0,0.5,143.6170422535211,-1835.85,-1.0,1.0,0.4399999999999999,MODERATE
2026-06-28 23:00:00+00:00,Zone_A,3.26,0.0,1.0,1.0,0.0,0.5,143.62591549295774,-1836.83,-7.0,1.0,0.0499999999999998,MODERATE
2026-06-29 00:00:00+00:00,Zone_A,3.11,0.0,3.0,0.0,0.0,0.5,143.63112676056338,-1840.58,-8.0,0.0,-0.1499999999999999,MODERATE
2026-06-29 01:00:00+00:00,Zone_A,3.27,6.42,3.0,1.0,0.0,0.5,143.63929577464788,-1835.35,-11.0,1.0,0.1600000000000001,MODERATE
2026-06-29 04:00:00+00:00,Zone_A,3.66,0.0,2.0,3.0,1.0,0.1538461538461538,141.71180555555554,-2831.09,-9.0,4.0,0.02,MODERATE
2026-06-29 05:00:00+00:00,Zone_A,3.47,0.93,4.0,3.0,0.0,0.5,141.7238888888889,-2830.42,-6.0,3.0,-0.1899999999999999,MODERATE
2026-06-29 06:00:00+00:00,Zone_A,3.25,0.6,1.0,1.0,0.0,0.5,141.73361111111112,-2829.87,-5.0,1.0,-0.2200000000000002,MODERATE
2026-06-29 07:00:00+00:00,Zone_A,3.11,3.59,3.0,1.0,1.0,0.5,141.73930555555555,-2828.43,-5.0,2.0,-0.1400000000000001,MODERATE
2026-06-29 08:00:00+00:00,Zone_A,2.89,0.19,0.0,1.0,0.0,0.5,141.7402777777778,-2831.48,-6.0,1.0,-0.2199999999999997,LOW
2026-06-29 09:00:00+00:00,Zone_A,3.1,6.93,2.0,3.0,1.0,0.5,147.78202898550725,-2831.91,-5.0,4.0,0.2099999999999999,MODERATE
2026-06-29 12:00:00+00:00,Zone_A,2.97,2.79,0.0,1.0,1.0,0.5,147.80173913043478,-2822.7,-55.0,2.0,0.2299999999999999,LOW
2026-06-29 13:00:00+00:00,Zone_A,2.74,0.15,0.0,0.0,1.0,0.5,145.72942857142857,-2822.76,-56.0,1.0,-0.2299999999999999,LOW
2026-06-29 14:00:00+00:00,Zone_A,2.73,1.21,0.0,0.0,0.0,0.5,143.71535211267607,-2824.51,-60.0,0.0,-0.0100000000000002,LOW
2026-06-29 15:00:00+00:00,Zone_A,2.62,0.51,2.0,1.0,0.0,0.5,143.7174647887324,-2825.53,-62.0,1.0,-0.1099999999999998,LOW
2026-06-29 16:00:00+00:00,Zone_A,2.61,3.09,2.0,1.0,0.0,0.5,143.71830985915494,-2827.76,-61.0,1.0,-0.0100000000000002,LOW
2026-06-29 19:00:00+00:00,Zone_A,2.61,5.55,1.0,1.0,0.0,0.5,74.331,-2835.91,-14.0,1.0,0.0499999999999998,LOW
2026-06-29 21:00:00+00:00,Zone_A,2.68,1.78,3.0,0.0,0.0,0.5,145.71657142857143,-2836.0399999999995,-14.0,0.0,-4997.32,LOW
2026-06-29 22:00:00+00:00,Zone_A,2.66,1.01,1.0,0.0,0.0,0.5,145.71185714285716,-2840.68,-13.0,0.0,-0.02,LOW
2026-06-29 23:00:00+00:00,Zone_A,2.59,0.67,3.0,0.0,0.0,0.5,145.70728571428572,-2840.49,-11.0,0.0,-0.0700000000000002,LOW
2026-06-30 00:00:00+00:00,Zone_A,2.54,1.03,3.0,1.0,0.0,0.5,145.70371428571426,-2839.5599999999995,-11.0,1.0,-0.0499999999999998,LOW
2026-06-30 01:00:00+00:00,Zone_A,2.46,1.82,3.0,0.0,0.0,0.5833333333333334,145.69928571428574,-2837.77,-11.0,0.0,-0.08,LOW
2026-06-30 04:00:00+00:00,Zone_A,2.6,2.8,5.0,1.0,0.0,0.5,149.9010294117647,-2834.6,-12.0,1.0,0.02,LOW
2026-06-30 05:00:00+00:00,Zone_A,2.44,0.45,1.0,0.0,0.0,0.5833333333333334,147.76260869565215,-2832.1,-10.0,0.0,-0.1600000000000001,LOW
2026-06-30 10:00:00+00:00,Zone_A,2.23,1.8,2.0,0.0,1.0,0.5833333333333334,149.87029411764703,-1829.29,-7.0,1.0,-0.0100000000000002,LOW
2026-06-30 11:00:00+00:00,Zone_A,2.45,7.35,2.0,0.0,0.0,0.5833333333333334,149.86602941176469,-1822.56,-7.0,0.0,0.2200000000000002,LOW
2026-06-30 12:00:00+00:00,Zone_A,2.41,0.87,2.0,1.0,0.0,0.5833333333333334,149.8620588235294,-1824.57,45.0,1.0,-0.04,LOW
2026-06-30 13:00:00+00:00,Zone_A,2.4,1.68,1.0,0.0,0.0,0.5833333333333334,149.85573529411764,-1826.51,46.0,0.0,-0.0100000000000002,LOW
2026-06-30 14:00:00+00:00,Zone_A,2.37,1.87,0.0,1.0,0.0,0.5833333333333334,149.84941176470588,-1824.64,46.0,1.0,-0.0299999999999998,LOW
2026-06-30 15:00:00+00:00,Zone_A,2.32,0.2,0.0,1.0,0.0,0.5833333333333334,149.83897058823527,-1829.57,44.0,1.0,-0.0500000000000002,LOW
2026-06-30 16:00:00+00:00,Zone_A,2.25,2.57,0.0,0.0,0.0,0.5833333333333334,149.8255882352941,-1830.63,42.0,0.0,-0.0699999999999998,LOW
2026-06-30 17:00:00+00:00,Zone_A,2.45,0.34,0.0,0.0,0.0,0.5833333333333334,149.81411764705882,-1835.46,42.0,0.0,0.2000000000000001,LOW
2026-06-30 18:00:00+00:00,Zone_A,2.72,7.45,0.0,0.0,1.0,0.5,149.80470588235292,-1834.1,42.0,1.0,0.27,LOW
2026-06-30 19:00:00+00:00,Zone_A,2.8,3.51,4.0,0.0,0.0,0.5,149.79485294117646,-1833.73,45.0,0.0,0.0799999999999996,LOW
2026-06-30 20:00:00+00:00,Zone_A,2.64,0.43,2.0,1.0,0.0,0.5,149.78367647058826,-1838.32,47.0,1.0,-0.1599999999999997,LOW
2026-06-30 21:00:00+00:00,Zone_A,2.62,0.0,1.0,0.0,0.0,0.5,149.7741176470588,-2839.28,45.0,0.0,-0.02,LOW
2026-06-30 22:00:00+00:00,Zone_A,2.65,0.0,4.0,0.0,0.0,0.5,149.76514705882352,-3840.23,48.0,0.0,0.0299999999999998,LOW
2026-06-30 23:00:00+00:00,Zone_A,2.72,1.73,1.0,0.0,0.0,0.5,147.6340579710145,-3839.86,46.0,0.0,0.0700000000000002,LOW
2026-07-01 00:00:00+00:00,Zone_A,2.64,0.2,0.0,2.0,0.0,0.5,147.62579710144928,-3841.07,43.0,2.0,-0.08,LOW
2026-07-01 04:00:00+00:00,Zone_A,3.37,10.97,2.0,4.0,0.0,0.5,149.75058823529412,-3829.43,38.0,4.0,0.56,MODERATE
2026-07-01 05:00:00+00:00,Zone_A,3.15,0.93,0.0,3.0,0.0,0.5,147.62594202898552,-3834.63,36.0,3.0,-0.2200000000000002,MODERATE
2026-07-01 06:00:00+00:00,Zone_A,2.97,0.18,0.0,0.0,0.0,0.5,147.62753623188405,-3836.46,33.0,0.0,-0.1799999999999997,LOW
2026-07-01 07:00:00+00:00,Zone_A,3.06,2.74,0.0,3.0,0.0,0.5,147.63014492753624,-3834.4,-17.0,3.0,0.0899999999999998,MODERATE
2026-07-01 08:00:00+00:00,Zone_A,3.03,2.83,3.0,2.0,0.0,0.5,147.63115942028983,-2832.57,-14.0,2.0,-0.0300000000000002,MODERATE
2026-07-01 09:00:00+00:00,Zone_A,2.92,1.34,1.0,1.0,0.0,0.5,147.6323188405797,-2831.95,-19.0,1.0,-0.1099999999999998,LOW
2026-07-01 10:00:00+00:00,Zone_A,2.85,0.27,0.0,0.0,1.0,0.5,149.76588235294116,-2831.68,-21.0,1.0,-0.0699999999999998,LOW
2026-07-01 11:00:00+00:00,Zone_A,2.79,0.41,1.0,0.0,0.0,0.5,151.9586567164179,-2831.27,-22.0,0.0,-0.06,LOW
2026-07-01 12:00:00+00:00,Zone_A,2.78,1.79,2.0,1.0,0.0,0.5,149.76485294117649,-2834.41,-22.0,1.0,-0.0100000000000002,LOW
2026-07-01 13:00:00+00:00,Zone_A,2.74,2.47,3.0,1.0,0.0,0.5,147.6340579710145,-2833.03,-20.0,1.0,-0.0399999999999995,LOW
2026-07-01 14:00:00+00:00,Zone_A,2.66,0.26,4.0,1.0,0.0,0.5,147.63159420289855,-2834.45,-16.0,1.0,-0.08,LOW
2026-07-01 15:00:00+00:00,Zone_A,2.64,0.93,3.0,1.0,0.0,0.5,149.75941176470587,-2836.0,-13.0,1.0,-0.02,LOW
2026-07-01 16:00:00+00:00,Zone_A,2.49,0.0,0.0,0.0,0.0,0.5833333333333334,149.75367647058823,-2838.25,-13.0,0.0,-0.1499999999999999,LOW
2026-07-01 17:00:00+00:00,Zone_A,2.62,3.54,0.0,1.0,1.0,0.5,76.26279411764706,-2836.92,-63.0,2.0,0.1299999999999999,LOW
2026-07-01 18:00:00+00:00,Zone_A,2.53,0.0,2.0,0.0,0.0,0.5,76.25617647058823,-2839.87,-61.0,0.0,-0.0900000000000003,LOW
2026-07-01 19:00:00+00:00,Zone_A,2.64,5.34,0.0,2.0,0.0,0.5,76.25308823529411,-2835.98,-65.0,2.0,0.1100000000000003,LOW
2026-07-01 20:00:00+00:00,Zone_A,2.81,1.14,4.0,0.0,1.0,0.5,74.15228571428571,-2831.79,-63.0,1.0,0.1699999999999999,LOW
2026-07-01 21:00:00+00:00,Zone_A,2.52,0.0,2.0,2.0,0.0,0.5,73.14394366197182,-2830.65,-58.0,2.0,-0.29,LOW
2026-07-01 22:00:00+00:00,Zone_A,2.48,2.69,1.0,1.0,1.0,0.5833333333333334,73.13366197183097,-2839.85,-61.0,2.0,-0.04,LOW
2026-07-01 23:00:00+00:00,Zone_A,2.43,0.69,0.0,0.0,0.0,0.5833333333333334,73.12197183098591,-2839.16,-112.0,0.0,-0.0499999999999998,LOW
2026-07-02 00:00:00+00:00,Zone_A,2.55,0.28,3.0,0.0,0.0,0.5,73.11408450704225,-2838.88,-109.0,0.0,0.1199999999999996,LOW
2026-07-02 01:00:00+00:00,Zone_A,2.91,8.98,5.0,2.0,0.0,0.5,73.10901408450704,-2836.32,-106.0,2.0,0.3600000000000003,LOW
2026-07-02 02:00:00+00:00,Zone_A,2.79,1.09,1.0,1.0,0.0,0.5,73.10281690140845,-2838.25,-107.0,1.0,-0.1200000000000001,LOW
2026-07-02 03:00:00+00:00,Zone_A,2.83,5.86,0.0,0.0,0.0,0.5,73.09140845070422,-2841.72,-109.0,0.0,0.04,LOW
2026-07-02 06:00:00+00:00,Zone_A,2.48,0.85,4.0,0.0,0.0,0.5833333333333334,74.05914285714285,-1841.97,-103.0,0.0,-0.0699999999999998,LOW
2026-07-02 07:00:00+00:00,Zone_A,2.38,1.06,1.0,0.0,1.0,0.5833333333333334,74.04871428571427,-1844.5,-52.0,1.0,-0.1,LOW
2026-07-02 08:00:00+00:00,Zone_A,2.53,3.15,1.0,1.0,0.0,0.5,74.04357142857143,-1841.54,-54.0,1.0,0.1499999999999999,LOW
2026-07-02 09:00:00+00:00,Zone_A,2.58,0.6,4.0,0.0,0.0,0.5,75.06420289855073,-1854.8,-51.0,0.0,0.0500000000000002,LOW
2026-07-02 12:00:00+00:00,Zone_A,2.12,0.06,1.0,0.0,0.0,0.5833333333333334,74.00628571428571,-1854.21,-101.0,0.0,-0.1799999999999997,LOW
2026-07-02 13:00:00+00:00,Zone_A,2.11,0.21,2.0,0.0,0.0,0.5833333333333334,73.99728571428571,-1854.15,-102.0,0.0,-0.0100000000000002,LOW
2026-07-02 14:00:00+00:00,Zone_A,2.43,4.02,3.0,0.0,0.0,0.5833333333333334,73.993,-1851.34,-103.0,0.0,0.3200000000000003,LOW
2026-07-02 15:00:00+00:00,Zone_A,2.24,1.26,0.0,0.0,0.0,0.5833333333333334,73.98757142857143,-1850.59,-106.0,0.0,-0.1899999999999999,LOW
2026-07-02 16:00:00+00:00,Zone_A,2.32,1.08,2.0,0.0,0.0,0.5833333333333334,73.98342857142856,-1852.6,-104.0,0.0,0.0799999999999996,LOW
2026-07-02 20:00:00+00:00,Zone_A,2.3,0.32,0.0,0.0,0.0,0.5833333333333334,2.579285714285714,-1856.98,-56.0,0.0,0.0499999999999998,LOW
2026-07-03 00:00:00+00:00,Zone_A,2.22,0.0,4.0,0.0,0.0,0.5833333333333334,74.9940579710145,-1855.46,1.0,0.0,-0.0699999999999998,LOW
2026-07-03 01:00:00+00:00,Zone_A,2.48,5.54,1.0,0.0,0.0,0.5833333333333334,74.99434782608695,-1851.74,-3.0,0.0,0.2599999999999998,LOW
2026-07-03 04:00:00+00:00,Zone_A,2.69,4.56,2.0,0.0,0.0,0.5,147.42260869565217,-1857.04,-3.0,0.0,-4997.31,LOW
2026-07-03 05:00:00+00:00,Zone_A,2.69,2.76,2.0,2.0,0.0,0.5,149.55838235294118,-1855.18,-3.0,2.0,0.0,LOW
2026-07-03 06:00:00+00:00,Zone_A,2.63,0.67,0.0,1.0,0.0,0.5,147.42898550724638,-1854.51,-7.0,1.0,-0.06,LOW
2026-07-03 07:00:00+00:00,Zone_A,2.59,1.15,1.0,1.0,0.0,0.5,147.43159420289857,-1853.4,-7.0,1.0,-0.04,LOW
2026-07-03 08:00:00+00:00,Zone_A,2.85,4.57,0.0,0.0,0.0,0.5,145.36614285714288,-1851.76,-8.0,0.0,0.2600000000000002,LOW
2026-07-03 11:00:00+00:00,Zone_A,2.99,3.77,2.0,1.0,0.0,0.5,147.45884057971014,-1854.03,39.0,1.0,0.0300000000000002,LOW
2026-07-03 13:00:00+00:00,Zone_A,2.96,1.5,1.0,0.0,0.0,0.5,219.8957971014493,-1854.98,37.0,0.0,-4997.04,LOW
2026-07-03 14:00:00+00:00,Zone_A,2.85,3.17,4.0,1.0,0.0,0.5,219.9027536231884,-1853.68,38.0,1.0,-0.1099999999999998,LOW
2026-07-03 15:00:00+00:00,Zone_A,2.84,3.23,2.0,1.0,3.0,0.5,219.91028985507245,-1850.65,40.0,4.0,-0.0100000000000002,LOW
2026-07-03 16:00:00+00:00,Zone_A,2.85,3.27,3.0,1.0,0.0,0.5,219.9189855072464,-1849.95,41.0,1.0,0.0100000000000002,LOW
2026-07-03 17:00:00+00:00,Zone_A,2.92,0.57,3.0,1.0,0.0,0.5,219.9257971014493,-1849.72,41.0,1.0,0.0699999999999998,LOW
2026-07-03 18:00:00+00:00,Zone_A,2.92,0.0,4.0,0.0,0.0,0.5,219.9286956521739,-1857.17,42.0,0.0,0.0,LOW
2026-07-04 00:00:00+00:00,Zone_A,3.4,11.47,3.0,2.0,1.0,0.5,226.43880597014925,153.03,-11.0,3.0,0.4599999999999999,MODERATE
2026-07-04 01:00:00+00:00,Zone_A,3.19,0.65,0.0,2.0,0.0,0.5,226.4476119402985,152.20000000000002,-12.0,2.0,-0.2099999999999999,MODERATE
2026-07-04 02:00:00+00:00,Zone_A,3.06,0.13,2.0,3.0,0.0,0.5,223.1625,151.97,-11.0,3.0,-0.1299999999999999,MODERATE
2026-07-04 05:00:00+00:00,Zone_A,2.84,0.0,0.0,2.0,0.0,0.5,223.15441176470588,-856.62,-64.0,2.0,-0.1300000000000003,LOW
2026-07-04 06:00:00+00:00,Zone_A,2.82,4.43,4.0,1.0,0.0,0.5,223.15220588235292,-852.37,-60.0,1.0,-0.02,LOW
2026-07-04 07:00:00+00:00,Zone_A,2.65,0.0,0.0,0.0,0.0,0.5,223.14617647058824,-1854.11,-61.0,0.0,-0.1699999999999999,LOW
2026-07-04 08:00:00+00:00,Zone_A,2.58,4.2,2.0,1.0,0.0,0.5,219.94405797101447,-2851.74,-59.0,1.0,-0.0699999999999998,LOW
2026-07-04 09:00:00+00:00,Zone_A,2.51,1.62,3.0,1.0,0.0,0.5,219.938115942029,-2851.46,-57.0,1.0,-0.0700000000000002,LOW
2026-07-04 13:00:00+00:00,Zone_A,2.77,0.07,5.0,0.0,0.0,0.5,219.93463768115944,-2842.33,-46.0,0.0,-0.2399999999999997,LOW
2026-07-04 16:00:00+00:00,Zone_A,2.74,0.0,4.0,0.0,0.0,0.5,223.13382352941176,-2840.5800000000004,-45.0,0.0,0.08,LOW
2026-07-04 17:00:00+00:00,Zone_A,2.65,0.96,2.0,0.0,0.0,0.5,223.1342647058824,-2843.1600000000003,-46.0,0.0,-0.0900000000000003,LOW
2026-07-04 18:00:00+00:00,Zone_A,2.6,3.08,1.0,1.0,0.0,0.5,223.13529411764708,-2840.0800000000004,-49.0,1.0,-0.0499999999999998,LOW
2026-07-04 19:00:00+00:00,Zone_A,2.69,1.29,3.0,2.0,0.0,0.5,226.42701492537316,-2849.47,-48.0,2.0,0.0899999999999998,LOW
2026-07-04 23:00:00+00:00,Zone_A,2.91,0.2,5.0,1.0,0.0,0.5,233.32753846153844,-2842.86,6.0,1.0,-0.0299999999999998,LOW
2026-07-05 00:00:00+00:00,Zone_A,2.82,1.98,1.0,0.0,0.0,0.5,229.84045454545452,-2840.96,9.0,0.0,-0.0900000000000003,LOW
2026-07-05 01:00:00+00:00,Zone_A,2.93,3.73,2.0,0.0,0.0,0.5,229.8407575757576,-2846.21,11.0,0.0,0.1100000000000003,LOW
2026-07-05 02:00:00+00:00,Zone_A,2.72,0.07,0.0,2.0,0.0,0.5,229.83969696969697,-2847.23,9.0,2.0,-0.2099999999999999,LOW
2026-07-05 04:00:00+00:00,Zone_A,2.43,1.45,0.0,1.0,0.0,0.5833333333333334,226.4428358208955,-2849.56,-42.0,1.0,-0.2199999999999997,LOW
2026-07-05 05:00:00+00:00,Zone_A,2.46,0.34,2.0,0.0,0.0,0.5833333333333334,226.4414925373134,-2850.65,10.0,0.0,0.0299999999999998,LOW
2026-07-05 06:00:00+00:00,Zone_A,2.48,0.0,3.0,1.0,0.0,0.5833333333333334,223.1476470588235,-2851.1600000000003,11.0,1.0,0.02,LOW
2026-07-05 07:00:00+00:00,Zone_A,2.73,6.82,2.0,0.0,0.0,0.5,223.15279411764703,-2845.4,13.0,0.0,0.25,LOW
2026-07-05 08:00:00+00:00,Zone_A,2.83,2.16,0.0,0.0,1.0,0.5,223.1572058823529,-2846.3900000000003,11.0,1.0,0.1,LOW
2026-07-05 09:00:00+00:00,Zone_A,2.92,0.0,1.0,1.0,0.0,0.5,223.1622058823529,-2846.99,9.0,1.0,0.0899999999999998,LOW
2026-07-05 11:00:00+00:00,Zone_A,2.63,4.35,1.0,1.0,0.0,0.5,296.66264705882355,-2846.3500000000004,7.0,1.0,-4997.37,LOW
2026-07-05 12:00:00+00:00,Zone_A,2.73,5.17,1.0,0.0,0.0,0.5,296.6716176470588,-2841.24,6.0,0.0,0.1,LOW
2026-07-05 15:00:00+00:00,Zone_A,2.71,0.1,0.0,0.0,0.0,0.5,301.0807462686567,-3844.67,1.0,0.0,-0.1,LOW
2026-07-05 16:00:00+00:00,Zone_A,2.64,0.11,3.0,0.0,0.0,0.5,301.0855223880597,-3845.64,0.0,0.0,-0.0699999999999998,LOW
2026-07-05 17:00:00+00:00,Zone_A,2.46,0.0,3.0,0.0,0.0,0.5833333333333334,301.0874626865671,-3845.74,1.0,0.0,-0.1800000000000001,LOW
2026-07-05 18:00:00+00:00,Zone_A,2.52,3.51,0.0,0.0,1.0,0.5,296.6967647058823,-3843.33,-50.0,1.0,0.06,LOW
2026-07-05 19:00:00+00:00,Zone_A,2.37,0.0,1.0,0.0,0.0,0.5833333333333334,292.43507246376805,-4841.7,-102.0,0.0,-0.1499999999999999,LOW
2026-07-05 20:00:00+00:00,Zone_A,2.19,0.0,1.0,0.0,0.0,0.5833333333333334,292.43347826086955,-4842.02,-103.0,0.0,-0.1800000000000001,LOW
2026-07-05 21:00:00+00:00,Zone_A,2.39,3.05,0.0,0.0,0.0,0.5833333333333334,220.00434782608696,-4842.27,-105.0,0.0,0.2000000000000001,LOW
2026-07-05 23:00:00+00:00,Zone_A,2.23,0.0,3.0,0.0,0.0,0.5833333333333334,216.89542857142857,-4842.28,-113.0,0.0,-0.2099999999999999,LOW
2026-07-06 00:00:00+00:00,Zone_A,2.23,0.4,1.0,1.0,0.0,0.5833333333333334,216.89557142857143,-4841.88,-113.0,1.0,0.0,LOW
2026-07-06 01:00:00+00:00,Zone_A,2.37,1.66,2.0,0.0,0.0,0.5833333333333334,216.894,-4845.76,-113.0,0.0,0.1400000000000001,LOW
2026-07-06 02:00:00+00:00,Zone_A,2.51,0.0,1.0,1.0,0.0,0.5,216.8921428571429,-4846.28,-112.0,1.0,0.1399999999999996,LOW
2026-07-06 03:00:00+00:00,Zone_A,2.77,6.0,0.0,1.0,0.0,0.5,145.50314285714285,-4840.6900000000005,-62.0,1.0,0.2600000000000002,LOW
2026-07-06 04:00:00+00:00,Zone_A,2.73,0.0,2.0,2.0,1.0,0.5,145.50371428571427,-4845.25,-60.0,3.0,-0.04,LOW
2026-07-06 05:00:00+00:00,Zone_A,2.64,2.01,5.0,0.0,0.0,0.5,145.503,-4846.0,-59.0,0.0,-0.0899999999999998,LOW
2026-07-06 07:00:00+00:00,Zone_A,2.49,1.11,3.0,0.0,0.0,0.5833333333333334,213.8749295774648,-4841.349999999999,-56.0,0.0,-4997.51,LOW
2026-07-06 08:00:00+00:00,Zone_A,2.68,0.0,2.0,0.0,0.0,0.5,210.93666666666664,-5843.81,-51.0,0.0,0.1899999999999999,LOW
2026-07-06 10:00:00+00:00,Zone_A,2.52,0.0,3.0,1.0,0.0,0.5,208.07630136986305,-5848.33,-52.0,1.0,-0.0499999999999998,LOW
2026-07-06 12:00:00+00:00,Zone_A,2.41,0.66,1.0,1.0,0.0,0.5833333333333334,139.60917808219176,-5850.259999999999,-52.0,1.0,-0.0699999999999998,LOW
2026-07-06 14:00:00+00:00,Zone_A,2.55,3.85,0.0,0.0,0.0,0.5,139.59712328767122,-5848.57,-58.0,0.0,0.1699999999999999,LOW
2026-07-06 15:00:00+00:00,Zone_A,2.64,1.7,0.0,2.0,0.0,0.5,139.59438356164384,-5850.1,-58.0,2.0,0.0900000000000003,LOW
2026-07-06 16:00:00+00:00,Zone_A,2.92,4.5,1.0,2.0,0.0,0.5,139.59534246575342,-5848.87,-60.0,2.0,0.2799999999999998,LOW
2026-07-06 17:00:00+00:00,Zone_A,3.09,1.68,0.0,3.0,0.0,0.5,139.5976712328767,-5847.76,-113.0,3.0,0.1699999999999999,MODERATE
2026-07-06 18:00:00+00:00,Zone_A,3.09,2.59,0.0,0.0,0.0,0.5,139.6,-5845.17,-13.0,0.0,0.0,MODERATE
2026-07-06 19:00:00+00:00,Zone_A,3.06,1.71,3.0,2.0,1.0,0.5,139.59835616438357,-5848.78,-11.0,3.0,-0.0299999999999998,MODERATE
2026-07-06 20:00:00+00:00,Zone_A,2.94,2.22,3.0,1.0,1.0,0.5,137.7516216216216,-5847.6900000000005,-9.0,2.0,-0.1200000000000001,LOW
2026-07-06 21:00:00+00:00,Zone_A,3.23,7.14,0.0,3.0,1.0,0.5,137.7564864864865,-5840.7,-9.0,4.0,0.29,MODERATE
2026-07-07 00:00:00+00:00,Zone_A,2.82,0.06,5.0,3.0,0.0,0.5,137.7477027027027,-5851.38,-6.0,3.0,-0.0500000000000002,LOW
2026-07-07 01:00:00+00:00,Zone_A,2.77,0.0,0.0,1.0,0.0,0.5,137.74202702702704,-6851.03,-58.0,1.0,-0.0499999999999998,LOW
2026-07-07 02:00:00+00:00,Zone_A,2.75,0.98,3.0,0.0,0.0,0.5,137.73783783783784,-6850.18,-56.0,0.0,-0.02,LOW
2026-07-07 03:00:00+00:00,Zone_A,2.47,0.53,5.0,1.0,0.0,0.5833333333333334,135.93426666666667,-6855.08,-51.0,1.0,-0.2799999999999998,LOW
2026-07-07 04:00:00+00:00,Zone_A,2.59,0.66,0.0,1.0,0.0,0.5,135.92253333333335,-6853.99,-98.0,1.0,0.1199999999999996,LOW
2026-07-07 05:00:00+00:00,Zone_A,2.78,2.64,1.0,0.0,0.0,0.5,135.92173333333332,-5852.349999999999,-107.0,0.0,0.1899999999999999,LOW
2026-07-07 06:00:00+00:00,Zone_A,2.78,2.01,3.0,3.0,0.0,0.5,135.9212,-5854.77,-104.0,3.0,0.0,LOW
2026-07-07 07:00:00+00:00,Zone_A,2.65,0.0,3.0,1.0,0.0,0.5,137.72216216216216,-4855.77,-107.0,1.0,-0.1299999999999999,LOW
2026-07-07 08:00:00+00:00,Zone_A,2.63,2.8,0.0,0.0,0.0,0.5,137.72283783783786,-4857.17,-109.0,0.0,-0.02,LOW
2026-07-07 11:00:00+00:00,Zone_A,2.48,0.77,1.0,0.0,1.0,0.5833333333333334,139.57424657534247,-4863.64,-109.0,1.0,-0.1200000000000001,LOW
2026-07-07 12:00:00+00:00,Zone_A,2.29,0.0,2.0,0.0,0.0,0.5833333333333334,139.5643835616438,-4866.02,-108.0,0.0,-0.1899999999999999,LOW
2026-07-07 13:00:00+00:00,Zone_A,2.36,0.0,2.0,0.0,0.0,0.5833333333333334,137.7037837837838,-4866.09,-104.0,0.0,0.0699999999999998,LOW
2026-07-07 14:00:00+00:00,Zone_A,2.23,0.3,3.0,1.0,0.0,0.5833333333333334,135.89746666666667,-4865.9,-101.0,1.0,-0.1299999999999999,LOW
2026-07-07 15:00:00+00:00,Zone_A,2.21,1.26,4.0,1.0,0.0,0.5833333333333334,135.89146666666667,-4867.469999999999,-97.0,1.0,-0.02,LOW
2026-07-07 16:00:00+00:00,Zone_A,2.26,2.65,0.0,1.0,0.0,0.5833333333333334,135.88506666666666,-4864.82,-98.0,1.0,0.0499999999999998,LOW
2026-07-07 18:00:00+00:00,Zone_A,2.2,0.63,0.0,0.0,0.0,0.5833333333333334,202.51106666666664,-4866.49,-96.0,0.0,-4997.8,LOW
2026-07-07 19:00:00+00:00,Zone_A,2.25,0.9,0.0,1.0,1.0,0.5833333333333334,202.50520000000003,-4866.88,-99.0,2.0,0.0499999999999998,LOW
2026-07-07 20:00:00+00:00,Zone_A,2.35,1.62,1.0,0.0,0.0,0.5833333333333334,199.8715789473684,-4866.009999999999,-101.0,0.0,0.1,LOW
2026-07-07 21:00:00+00:00,Zone_A,2.43,2.54,1.0,0.0,0.0,0.5833333333333334,197.30051948051948,-4867.36,-99.0,0.0,0.08,LOW
2026-07-08 00:00:00+00:00,Zone_A,2.74,0.0,2.0,1.0,1.0,0.5,202.47946666666667,-5873.94,-102.0,2.0,0.08,LOW
2026-07-08 01:00:00+00:00,Zone_A,2.75,2.71,1.0,0.0,0.0,0.5,202.47706666666664,-5874.96,-51.0,0.0,0.0099999999999997,LOW
2026-07-08 02:00:00+00:00,Zone_A,2.7,0.0,2.0,1.0,0.0,0.5,199.8488157894737,-5872.32,-51.0,1.0,-0.0499999999999998,LOW
2026-07-08 04:00:00+00:00,Zone_A,2.61,1.12,1.0,1.0,1.0,0.5,265.60578947368424,-5873.87,-7.0,2.0,-4997.39,LOW
2026-07-08 05:00:00+00:00,Zone_A,2.79,6.32,0.0,1.0,0.0,0.5,269.1188,-5868.23,-8.0,1.0,0.1800000000000001,LOW
2026-07-08 06:00:00+00:00,Zone_A,2.62,0.54,1.0,0.0,0.0,0.5,269.12066666666664,-5867.69,-10.0,0.0,-0.1699999999999999,LOW
2026-07-08 07:00:00+00:00,Zone_A,2.7,0.02,5.0,0.0,0.0,0.5,269.1202666666667,-5874.490000000001,-8.0,0.0,0.08,LOW
2026-07-08 10:00:00+00:00,Zone_A,2.49,0.04,1.0,0.0,0.0,0.5833333333333334,205.1791891891892,-5874.92,-8.0,0.0,-0.0099999999999997,LOW
2026-07-08 12:00:00+00:00,Zone_A,2.31,1.92,0.0,0.0,0.0,0.5833333333333334,272.70554054054054,-5880.37,-11.0,0.0,-4997.69,LOW
2026-07-08 13:00:00+00:00,Zone_A,2.37,0.02,1.0,0.0,0.0,0.5833333333333334,269.10106666666667,-5881.31,-12.0,0.0,0.06,LOW
2026-07-08 14:00:00+00:00,Zone_A,2.33,3.21,0.0,0.0,0.0,0.5833333333333334,269.0946666666666,-4879.099999999999,-15.0,0.0,-0.04,LOW
2026-07-08 15:00:00+00:00,Zone_A,2.36,2.36,3.0,1.0,0.0,0.5833333333333334,265.58000000000004,-4873.63,-16.0,1.0,0.0299999999999998,LOW
2026-07-08 16:00:00+00:00,Zone_A,2.32,0.8,4.0,0.0,0.0,0.5833333333333334,265.5757894736842,-4872.94,-12.0,0.0,-0.04,LOW
2026-07-08 17:00:00+00:00,Zone_A,2.38,4.27,2.0,0.0,0.0,0.5833333333333334,265.57473684210527,-4868.67,-12.0,0.0,0.06,LOW
2026-07-08 18:00:00+00:00,Zone_A,2.23,0.17,0.0,0.0,0.0,0.5833333333333334,269.07826666666665,-4875.52,38.0,0.0,-0.1499999999999999,LOW
2026-07-08 20:00:00+00:00,Zone_A,2.62,1.74,1.0,1.0,0.0,0.5,269.0853333333333,-3869.92,38.0,1.0,0.1499999999999999,LOW
2026-07-08 21:00:00+00:00,Zone_A,2.46,1.88,2.0,1.0,0.0,0.5833333333333334,269.0862666666667,-3871.09,39.0,1.0,-0.1600000000000001,LOW
2026-07-08 22:00:00+00:00,Zone_A,2.47,2.59,1.0,0.0,0.0,0.5833333333333334,269.08666666666664,-3871.2,37.0,0.0,0.0100000000000002,LOW
2026-07-08 23:00:00+00:00,Zone_A,2.53,3.34,2.0,0.0,0.0,0.5,269.0906666666667,-3867.86,39.0,0.0,0.0599999999999996,LOW
2026-07-09 00:00:00+00:00,Zone_A,2.39,0.0,1.0,1.0,0.0,0.5833333333333334,269.0928,-3868.26,38.0,1.0,-0.1399999999999996,LOW
2026-07-09 01:00:00+00:00,Zone_A,2.73,0.0,0.0,1.0,0.0,0.5,269.0976,-4868.92,36.0,1.0,0.3399999999999998,LOW
2026-07-09 02:00:00+00:00,Zone_A,2.88,2.42,1.0,0.0,0.0,0.5,269.1025333333334,-4866.5,35.0,0.0,0.1499999999999999,LOW
2026-07-09 05:00:00+00:00,Zone_A,2.4,0.0,2.0,1.0,0.0,0.5833333333333334,276.3950684931507,-4875.55,38.0,1.0,-0.1299999999999999,LOW
2026-07-09 06:00:00+00:00,Zone_A,2.47,2.15,2.0,0.0,0.0,0.5833333333333334,207.93575342465755,-4876.75,39.0,0.0,0.0700000000000002,LOW
2026-07-09 07:00:00+00:00,Zone_A,2.43,2.37,1.0,0.0,0.0,0.5833333333333334,210.78833333333333,-4876.599999999999,35.0,0.0,-0.04,LOW
2026-07-09 08:00:00+00:00,Zone_A,2.44,2.92,4.0,0.0,0.0,0.5833333333333334,210.785,-3874.68,37.0,0.0,0.0099999999999997,LOW
2026-07-09 09:00:00+00:00,Zone_A,2.24,0.0,2.0,0.0,0.0,0.5833333333333334,210.78041666666667,-3875.05,38.0,0.0,-0.1999999999999997,LOW
2026-07-09 10:00:00+00:00,Zone_A,2.38,0.0,1.0,2.0,0.0,0.5833333333333334,210.77847222222223,-3875.05,38.0,2.0,0.1399999999999996,LOW
2026-07-09 13:00:00+00:00,Zone_A,2.71,0.0,2.0,0.0,0.0,0.5,213.7207042253521,-3872.57,39.0,0.0,0.0299999999999998,LOW
2026-07-09 14:00:00+00:00,Zone_A,2.65,2.18,3.0,1.0,0.0,0.5,213.72211267605635,-3874.24,42.0,1.0,-0.06,LOW
2026-07-09 15:00:00+00:00,Zone_A,2.56,1.67,2.0,1.0,0.0,0.5,213.72098591549295,-3874.27,41.0,1.0,-0.0899999999999998,LOW
2026-07-09 16:00:00+00:00,Zone_A,2.58,4.4,2.0,0.0,0.0,0.5,213.7161971830986,-3874.37,39.0,0.0,0.02,LOW
2026-07-09 17:00:00+00:00,Zone_A,2.63,0.15,2.0,1.0,0.0,0.5,213.7097183098592,-3875.9,39.0,1.0,0.0499999999999998,LOW
2026-07-09 18:00:00+00:00,Zone_A,2.9,2.63,3.0,1.0,1.0,0.5,213.70704225352117,-3875.86,42.0,2.0,0.27,LOW
2026-07-09 19:00:00+00:00,Zone_A,2.81,0.94,1.0,1.0,0.0,0.5,213.7035211267605,-3876.63,42.0,1.0,-0.0899999999999998,LOW
2026-07-09 20:00:00+00:00,Zone_A,2.73,2.41,0.0,0.0,0.0,0.5,213.7005633802817,-3876.44,41.0,0.0,-0.08,LOW
2026-07-09 21:00:00+00:00,Zone_A,2.71,0.79,3.0,0.0,0.0,0.5,213.6932394366197,-3882.79,42.0,0.0,-0.02,LOW
2026-07-09 22:00:00+00:00,Zone_A,2.87,6.42,2.0,2.0,0.0,0.5,210.76513888888888,-3877.1,43.0,2.0,0.1600000000000001,LOW
2026-07-09 23:00:00+00:00,Zone_A,2.84,1.35,7.0,0.0,0.0,0.5,210.76472222222225,-3875.75,48.0,0.0,-0.0300000000000002,LOW
2026-07-10 00:00:00+00:00,Zone_A,3.16,6.79,2.0,0.0,0.0,0.5,210.76944444444447,-3869.02,49.0,0.0,0.3200000000000003,MODERATE
2026-07-10 01:00:00+00:00,Zone_A,3.1,2.31,2.0,1.0,1.0,0.5,210.7740277777778,-2867.71,51.0,2.0,-0.06,MODERATE
2026-07-10 02:00:00+00:00,Zone_A,3.09,0.0,0.0,0.0,0.0,0.5,210.77875,-3867.69,0.0,0.0,-0.0100000000000002,MODERATE
2026-07-10 03:00:00+00:00,Zone_A,3.16,5.27,0.0,0.0,0.0,0.5,213.7223943661972,-3863.48,-51.0,0.0,0.0700000000000002,MODERATE
2026-07-10 04:00:00+00:00,Zone_A,2.94,0.29,2.0,1.0,0.0,0.5,213.727323943662,-3863.85,-53.0,1.0,-0.2200000000000002,LOW
2026-07-10 05:00:00+00:00,Zone_A,2.96,1.7,1.0,0.0,1.0,0.5,213.7298591549296,-3864.79,-54.0,1.0,0.02,LOW
2026-07-10 06:00:00+00:00,Zone_A,2.99,3.0,1.0,0.0,0.0,0.5,213.73281690140848,-3863.8,-55.0,0.0,0.0300000000000002,LOW
2026-07-10 07:00:00+00:00,Zone_A,2.76,0.15,1.0,1.0,0.0,0.5,213.7343661971831,-2864.65,-55.0,1.0,-0.2300000000000004,LOW
2026-07-10 10:00:00+00:00,Zone_A,2.72,0.0,3.0,1.0,0.0,0.5,213.7361971830986,-2871.57,-50.0,1.0,0.08,LOW
2026-07-10 11:00:00+00:00,Zone_A,2.59,0.24,3.0,1.0,0.0,0.5,213.7377464788732,-2872.1,-47.0,1.0,-0.1300000000000003,LOW
2026-07-10 13:00:00+00:00,Zone_A,2.71,0.0,3.0,2.0,0.0,0.5,288.15928571428566,-2872.1,-47.0,2.0,-4997.29,LOW
2026-07-10 14:00:00+00:00,Zone_A,2.95,4.64,1.0,1.0,0.0,0.5,288.16957142857143,-2867.76,-49.0,1.0,0.2400000000000002,LOW
2026-07-10 17:00:00+00:00,Zone_A,2.57,0.52,0.0,0.0,1.0,0.5,284.1632394366198,-2867.59,-95.0,1.0,-0.2400000000000002,LOW
2026-07-10 18:00:00+00:00,Zone_A,2.67,0.0,1.0,0.0,0.0,0.5,284.1698591549296,-2868.22,-97.0,0.0,0.1,LOW
2026-07-10 19:00:00+00:00,Zone_A,3.1,10.62,1.0,1.0,0.0,0.5,284.1818309859155,-2858.5,-97.0,1.0,0.4300000000000001,MODERATE
2026-07-10 22:00:00+00:00,Zone_A,2.87,0.96,6.0,1.0,0.0,0.5,284.20718309859154,-2858.89,-89.0,1.0,-0.1599999999999997,LOW
2026-07-10 23:00:00+00:00,Zone_A,2.77,4.86,2.0,0.0,0.0,0.5,284.20873239436617,-2854.37,-94.0,0.0,-0.1,LOW
2026-07-11 00:00:00+00:00,Zone_A,2.64,0.44,1.0,0.0,0.0,0.5,284.20732394366195,-1854.93,-95.0,0.0,-0.1299999999999999,LOW
2026-07-11 01:00:00+00:00,Zone_A,2.49,0.11,3.0,0.0,0.0,0.5833333333333334,284.20211267605634,-1859.8,-93.0,0.0,-0.1499999999999999,LOW
2026-07-11 02:00:00+00:00,Zone_A,2.31,0.0,5.0,0.0,0.0,0.5833333333333334,284.1966197183099,-1859.8,-38.0,0.0,-0.1800000000000001,LOW
2026-07-11 03:00:00+00:00,Zone_A,2.27,0.35,1.0,0.0,0.0,0.5833333333333334,213.80605633802816,-1860.31,13.0,0.0,-0.04,LOW
2026-07-11 04:00:00+00:00,Zone_A,2.43,0.3,1.0,1.0,0.0,0.5833333333333334,213.80352112676056,-1861.13,12.0,1.0,0.1600000000000001,LOW
2026-07-11 06:00:00+00:00,Zone_A,3.35,6.73,4.0,3.0,1.0,0.5,213.81661971830985,-1849.65,18.0,4.0,0.3599999999999999,MODERATE
2026-07-11 07:00:00+00:00,Zone_A,3.43,2.66,1.0,6.0,2.0,0.5,213.8269014084507,-1847.01,18.0,8.0,0.08,MODERATE
2026-07-11 08:00:00+00:00,Zone_A,3.21,1.01,3.0,3.0,0.0,0.5,208.0595890410959,-1843.67,15.0,3.0,-0.2200000000000002,MODERATE
2026-07-11 11:00:00+00:00,Zone_A,2.98,1.42,3.0,1.0,0.0,0.5,139.61945205479455,-2844.97,14.0,1.0,0.04,LOW
2026-07-11 15:00:00+00:00,Zone_A,2.72,3.83,1.0,0.0,0.0,0.5,143.50028169014084,-2844.98,10.0,0.0,0.1,LOW
2026-07-11 16:00:00+00:00,Zone_A,2.71,2.08,4.0,0.0,0.0,0.5,143.50577464788734,-2843.7,8.0,0.0,-0.0100000000000002,LOW
2026-07-11 17:00:00+00:00,Zone_A,2.59,2.54,0.0,1.0,0.0,0.5,143.50873239436618,-2845.43,58.0,1.0,-0.1200000000000001,LOW
2026-07-11 18:00:00+00:00,Zone_A,2.62,1.87,2.0,0.0,0.0,0.5,143.51422535211267,-2843.73,59.0,0.0,0.0300000000000002,LOW
2026-07-11 20:00:00+00:00,Zone_A,2.46,0.92,1.0,0.0,0.0,0.5833333333333334,213.89971830985917,-2848.32,58.0,0.0,-4997.54,LOW
2026-07-11 21:00:00+00:00,Zone_A,2.57,3.58,3.0,0.0,0.0,0.5,213.90126760563385,-2846.62,57.0,0.0,0.1099999999999998,LOW
2026-07-12 00:00:00+00:00,Zone_A,2.68,2.34,0.0,1.0,0.0,0.5,216.92742857142855,-2845.27,51.0,1.0,0.04,LOW
2026-07-12 01:00:00+00:00,Zone_A,2.88,3.82,1.0,1.0,1.0,0.5,216.92957142857145,-1842.45,49.0,2.0,0.1999999999999997,LOW
2026-07-12 06:00:00+00:00,Zone_A,2.76,7.39,1.0,0.0,0.0,0.5,223.23617647058825,-1835.48,43.0,0.0,0.25,LOW
2026-07-12 07:00:00+00:00,Zone_A,2.79,0.0,1.0,1.0,0.0,0.5,223.24147058823533,-2836.85,42.0,1.0,0.0300000000000002,LOW
2026-07-12 09:00:00+00:00,Zone_A,2.85,1.26,3.0,2.0,1.0,0.5,296.7439705882353,-2837.67,46.0,3.0,-4997.15,LOW
2026-07-12 10:00:00+00:00,Zone_A,2.76,2.41,4.0,0.0,0.0,0.5,296.7495588235294,-2835.26,46.0,0.0,-0.0900000000000003,LOW
2026-07-12 11:00:00+00:00,Zone_A,2.49,0.17,0.0,0.0,0.0,0.5833333333333334,292.4849275362319,-2836.03,43.0,0.0,-0.2699999999999996,LOW
2026-07-12 12:00:00+00:00,Zone_A,2.46,0.0,3.0,0.0,0.0,0.5833333333333334,292.4817391304348,-2842.02,44.0,0.0,-0.0300000000000002,LOW
2026-07-12 13:00:00+00:00,Zone_A,2.54,3.07,1.0,0.0,0.0,0.5,292.4792753623189,-2838.95,43.0,0.0,0.08,LOW
2026-07-12 14:00:00+00:00,Zone_A,2.79,6.11,3.0,2.0,0.0,0.5,292.4813043478261,-2835.02,46.0,2.0,0.25,LOW
2026-07-12 15:00:00+00:00,Zone_A,2.71,1.32,4.0,0.0,0.0,0.5,292.4834782608696,-2835.37,49.0,0.0,-0.08,LOW
2026-07-12 16:00:00+00:00,Zone_A,2.81,2.38,0.0,2.0,0.0,0.5,292.4868115942029,-2837.39,45.0,2.0,0.1,LOW
2026-07-12 17:00:00+00:00,Zone_A,2.79,3.12,2.0,1.0,0.0,0.5,292.4891304347826,-2834.42,47.0,1.0,-0.02,LOW
2026-07-12 19:00:00+00:00,Zone_A,2.68,0.23,0.0,1.0,0.0,0.5,292.484347826087,-3836.76,46.0,1.0,-0.02,LOW
2026-07-12 20:00:00+00:00,Zone_A,2.61,0.0,1.0,1.0,0.0,0.5,292.48260869565223,-4838.17,46.0,1.0,-0.0700000000000002,LOW
2026-07-12 21:00:00+00:00,Zone_A,2.4,0.69,2.0,1.0,0.0,0.5833333333333334,292.478115942029,-4838.27,45.0,1.0,-0.2099999999999999,LOW
2026-07-12 22:00:00+00:00,Zone_A,2.32,1.49,2.0,0.0,0.0,0.5833333333333334,292.47014492753624,-4843.2,46.0,0.0,-0.08,LOW
2026-07-12 23:00:00+00:00,Zone_A,2.8,2.11,2.0,3.0,0.0,0.5,292.4695652173913,-4842.4400000000005,45.0,3.0,0.48,LOW
2026-07-13 00:00:00+00:00,Zone_A,2.78,0.0,1.0,0.0,0.0,0.5,292.4640579710145,-5848.2300000000005,46.0,0.0,-0.02,LOW
2026-07-13 01:00:00+00:00,Zone_A,2.79,5.18,2.0,0.0,0.0,0.5,292.45956521739134,-5845.36,47.0,0.0,0.0100000000000002,LOW
2026-07-13 02:00:00+00:00,Zone_A,2.68,0.91,1.0,0.0,0.0,0.5,292.4536231884058,-4845.45,46.0,0.0,-0.1099999999999998,LOW
2026-07-13 03:00:00+00:00,Zone_A,2.76,7.17,3.0,1.0,1.0,0.5,288.3082857142857,-4842.64,48.0,2.0,0.0799999999999996,LOW
2026-07-13 04:00:00+00:00,Zone_A,2.61,0.32,2.0,2.0,0.0,0.5,288.30357142857144,-4842.610000000001,48.0,2.0,-0.1499999999999999,LOW
2026-07-13 07:00:00+00:00,Zone_A,3.16,0.0,5.0,0.0,0.0,0.5,292.44347826086954,-4839.799999999999,51.0,0.0,0.2600000000000002,MODERATE
2026-07-13 08:00:00+00:00,Zone_A,2.98,0.49,3.0,0.0,0.0,0.5,288.30828571428566,-4840.84,50.0,0.0,-0.1800000000000001,LOW
2026-07-13 09:00:00+00:00,Zone_A,2.76,1.54,2.0,0.0,1.0,0.5,288.31,-4839.65,49.0,1.0,-0.2200000000000002,LOW
2026-07-13 10:00:00+00:00,Zone_A,2.95,2.85,0.0,0.0,0.0,0.5,284.2914084507042,-4835.26,47.0,0.0,0.1900000000000004,LOW
2026-07-13 11:00:00+00:00,Zone_A,3.0,0.97,4.0,1.0,2.0,0.5,284.2971830985915,-4834.53,51.0,3.0,0.0499999999999998,MODERATE
2026-07-13 15:00:00+00:00,Zone_A,2.77,1.26,1.0,1.0,0.0,0.5,145.53985714285716,-4840.18,50.0,1.0,0.1,LOW
2026-07-13 16:00:00+00:00,Zone_A,2.86,3.93,1.0,0.0,0.0,0.5,147.60913043478263,-4837.29,51.0,0.0,0.0899999999999998,LOW
2026-07-13 20:00:00+00:00,Zone_A,2.69,0.27,1.0,2.0,0.0,0.5,149.7379411764706,-4843.58,50.0,2.0,-0.1099999999999998,LOW
2026-07-13 21:00:00+00:00,Zone_A,2.66,0.07,2.0,0.0,0.0,0.5,151.92208955223882,-4846.95,50.0,0.0,-0.0299999999999998,LOW
2026-07-13 22:00:00+00:00,Zone_A,2.52,1.71,5.0,0.0,0.0,0.5,151.9168656716418,-4846.200000000001,53.0,0.0,-0.1400000000000001,LOW
2026-07-13 23:00:00+00:00,Zone_A,2.75,3.94,5.0,1.0,0.0,0.5,151.9165671641791,-4847.12,56.0,1.0,0.2299999999999999,LOW
2026-07-14 00:00:00+00:00,Zone_A,2.77,0.91,0.0,2.0,1.0,0.5,154.18030303030304,-4847.09,55.0,3.0,0.02,LOW
2026-07-14 01:00:00+00:00,Zone_A,2.83,3.72,0.0,0.0,0.0,0.5,154.18545454545455,-4843.48,53.0,0.0,0.06,LOW
2026-07-14 02:00:00+00:00,Zone_A,2.98,2.38,1.0,3.0,1.0,0.5,151.93641791044774,-4837.38,52.0,4.0,0.1499999999999999,LOW
2026-07-14 03:00:00+00:00,Zone_A,3.01,0.0,0.0,1.0,0.0,0.5,151.94746268656718,-4837.7300000000005,-1.0,1.0,0.0299999999999998,MODERATE
2026-07-14 04:00:00+00:00,Zone_A,3.03,1.42,3.0,3.0,0.0,0.5,151.95641791044775,-4836.610000000001,0.0,3.0,0.02,MODERATE
2026-07-14 05:00:00+00:00,Zone_A,2.9,1.51,0.0,2.0,0.0,0.5,151.95507462686567,-4846.71,0.0,2.0,-0.1299999999999999,LOW
2026-07-14 06:00:00+00:00,Zone_A,2.9,4.12,2.0,1.0,0.0,0.5,151.94835820895523,-4849.32,0.0,1.0,0.0,LOW
2026-07-14 07:00:00+00:00,Zone_A,2.88,0.75,1.0,1.0,0.0,0.5,154.19030303030303,-4853.89,-4.0,1.0,-0.02,LOW
2026-07-14 08:00:00+00:00,Zone_A,2.84,0.89,2.0,0.0,0.0,0.5,154.18469696969697,-4854.01,-5.0,0.0,-0.04,LOW
2026-07-14 15:00:00+00:00,Zone_A,2.86,1.14,4.0,0.0,1.0,0.5,237.00171875,-3851.14,-3.0,1.0,-0.1200000000000001,LOW
2026-07-14 17:00:00+00:00,Zone_A,2.57,0.4,4.0,0.0,1.0,0.5,315.0840625,-3855.26,-1.0,1.0,-4997.43,LOW
2026-07-14 18:00:00+00:00,Zone_A,2.62,1.97,1.0,1.0,0.0,0.5,315.0840625,-3855.16,-1.0,1.0,0.0500000000000002,LOW
2026-07-14 21:00:00+00:00,Zone_A,2.74,0.0,2.0,1.0,0.0,0.5,240.72333333333333,-4855.94,0.0,1.0,0.2600000000000002,LOW
2026-07-14 22:00:00+00:00,Zone_A,2.73,1.54,2.0,1.0,0.0,0.5,233.40061538461535,-5857.929999999999,-1.0,1.0,-0.0100000000000002,LOW
2026-07-15 01:00:00+00:00,Zone_A,2.75,2.18,0.0,0.0,0.0,0.5,237.00625,-5858.240000000001,-5.0,0.0,-0.06,LOW
2026-07-15 02:00:00+00:00,Zone_A,2.8,0.53,0.0,0.0,1.0,0.5,233.40307692307687,-5857.71,-6.0,1.0,0.0499999999999998,LOW
2026-07-15 03:00:00+00:00,Zone_A,2.84,0.0,4.0,1.0,0.0,0.5,226.52,-5859.4,48.0,1.0,0.04,LOW
2026-07-15 04:00:00+00:00,Zone_A,2.74,0.13,2.0,0.0,0.0,0.5,223.22911764705884,-5860.63,47.0,0.0,-0.0999999999999996,LOW
2026-07-15 05:00:00+00:00,Zone_A,2.77,0.0,2.0,1.0,0.0,0.5,223.2329411764706,-5862.17,49.0,1.0,0.0299999999999998,LOW
2026-07-15 06:00:00+00:00,Zone_A,2.67,0.18,0.0,1.0,0.0,0.5,220.03652173913045,-5869.379999999999,49.0,1.0,-0.1,LOW
2026-07-15 07:00:00+00:00,Zone_A,2.76,4.72,1.0,0.0,0.0,0.5,220.03608695652173,-4865.66,49.0,0.0,0.0899999999999998,LOW
2026-07-15 08:00:00+00:00,Zone_A,2.87,0.0,0.0,1.0,0.0,0.5,147.61391304347828,-5865.5,-3.0,1.0,0.1100000000000003,LOW
2026-07-15 09:00:00+00:00,Zone_A,2.78,1.43,0.0,1.0,0.0,0.5,147.61289855072465,-5865.33,-7.0,1.0,-0.0900000000000003,LOW
2026-07-15 10:00:00+00:00,Zone_A,2.88,0.05,3.0,0.0,0.0,0.5,147.61463768115945,-5867.69,-6.0,0.0,0.1,LOW
2026-07-15 11:00:00+00:00,Zone_A,2.92,1.07,1.0,1.0,1.0,0.5,147.62086956521742,-5866.79,-7.0,2.0,0.04,LOW
2026-07-15 13:00:00+00:00,Zone_A,2.76,1.52,3.0,0.0,0.0,0.5,147.62985507246378,-5865.53,-6.0,0.0,-0.1,LOW
2026-07-15 14:00:00+00:00,Zone_A,2.65,4.16,0.0,1.0,0.0,0.5,147.62782608695653,-5867.4800000000005,-7.0,1.0,-0.1099999999999998,LOW
2026-07-15 17:00:00+00:00,Zone_A,3.06,3.13,4.0,1.0,0.0,0.5,147.63463768115943,-5862.05,-4.0,1.0,0.2000000000000001,MODERATE
2026-07-15 18:00:00+00:00,Zone_A,2.94,0.14,1.0,0.0,0.0,0.5,147.638115942029,-4862.91,-4.0,0.0,-0.1200000000000001,LOW
2026-07-15 19:00:00+00:00,Zone_A,3.1,2.15,0.0,4.0,0.0,0.5,147.6442028985507,-4860.990000000001,-5.0,4.0,0.1600000000000001,MODERATE
2026-07-15 20:00:00+00:00,Zone_A,2.91,0.04,1.0,3.0,0.0,0.5,147.64855072463772,-3861.95,-7.0,3.0,-0.1899999999999999,LOW
2026-07-15 21:00:00+00:00,Zone_A,2.62,0.4,3.0,0.0,0.0,0.5,147.6517391304348,-3862.24,-8.0,0.0,-0.29,LOW
2026-07-15 23:00:00+00:00,Zone_A,2.53,2.59,3.0,0.0,0.0,0.5,147.65057971014494,-3862.95,-7.0,0.0,0.02,LOW
2026-07-16 00:00:00+00:00,Zone_A,2.54,2.76,1.0,1.0,0.0,0.5,147.64710144927537,-2861.19,-6.0,1.0,0.0100000000000002,LOW
2026-07-16 01:00:00+00:00,Zone_A,2.59,5.32,2.0,0.0,0.0,0.5,147.64420289855073,-2861.05,-4.0,0.0,0.0499999999999998,LOW
2026-07-16 06:00:00+00:00,Zone_A,2.39,2.16,2.0,0.0,1.0,0.5833333333333334,149.77,-2874.91,8.0,1.0,-0.1,LOW
2026-07-16 07:00:00+00:00,Zone_A,2.38,2.79,0.0,0.0,0.0,0.5833333333333334,149.7585294117647,-2872.12,7.0,0.0,-0.0100000000000002,LOW
2026-07-16 08:00:00+00:00,Zone_A,2.26,0.39,4.0,0.0,0.0,0.5833333333333334,149.7479411764706,-2872.2200000000003,61.0,0.0,-0.1200000000000001,LOW
2026-07-16 09:00:00+00:00,Zone_A,2.37,0.69,0.0,1.0,0.0,0.5833333333333334,151.9359701492537,-2874.61,61.0,1.0,0.1100000000000003,LOW
2026-07-16 10:00:00+00:00,Zone_A,2.47,1.49,2.0,0.0,0.0,0.5833333333333334,151.92880597014928,-2875.9700000000003,60.0,0.0,0.1,LOW
2026-07-16 11:00:00+00:00,Zone_A,2.5,5.81,0.0,0.0,0.0,0.5833333333333334,151.9213432835821,-2871.13,59.0,0.0,0.0299999999999998,LOW
2026-07-16 13:00:00+00:00,Zone_A,2.34,0.0,2.0,0.0,0.0,0.5833333333333334,223.20823529411769,-2870.79,53.0,0.0,-4997.66,LOW
2026-07-16 14:00:00+00:00,Zone_A,2.21,2.36,2.0,0.0,0.0,0.5833333333333334,223.2014705882353,-2868.94,55.0,0.0,-0.1299999999999999,LOW
2026-07-16 15:00:00+00:00,Zone_A,2.13,2.58,2.0,0.0,0.0,0.5833333333333334,219.98942028985508,-2865.26,58.0,0.0,-0.08,LOW
2026-07-16 17:00:00+00:00,Zone_A,2.1,1.59,3.0,0.0,0.0,0.5833333333333334,216.8672857142857,-2866.28,54.0,0.0,-0.1,LOW
2026-07-16 18:00:00+00:00,Zone_A,2.04,0.0,0.0,0.0,0.0,0.5833333333333334,213.84154929577463,-2869.07,3.0,0.0,-0.06,LOW
2026-07-16 19:00:00+00:00,Zone_A,2.32,3.76,3.0,0.0,0.0,0.5833333333333334,213.8347887323944,-2867.39,6.0,0.0,0.2799999999999998,LOW
2026-07-16 20:00:00+00:00,Zone_A,2.66,8.46,2.0,2.0,0.0,0.5,213.8343661971831,-2859.2,7.0,2.0,0.3400000000000003,LOW
2026-07-16 21:00:00+00:00,Zone_A,2.49,0.42,3.0,0.0,0.0,0.5833333333333334,213.83197183098596,-2858.85,7.0,0.0,-0.1699999999999999,LOW
2026-07-16 22:00:00+00:00,Zone_A,2.54,2.89,3.0,0.0,1.0,0.5,213.8322535211268,-2857.67,9.0,1.0,0.0499999999999998,LOW
2026-07-17 01:00:00+00:00,Zone_A,2.66,1.11,3.0,0.0,0.0,0.5,219.94405797101447,-2865.76,7.0,0.0,0.0900000000000003,LOW
2026-07-17 02:00:00+00:00,Zone_A,2.81,3.77,2.0,2.0,0.0,0.5,219.94159420289856,-2864.37,8.0,2.0,0.1499999999999999,LOW
2026-07-17 03:00:00+00:00,Zone_A,2.69,0.0,0.0,0.0,1.0,0.5,219.93695652173912,-2864.37,-6.0,1.0,-0.1200000000000001,LOW
2026-07-17 05:00:00+00:00,Zone_A,2.89,0.86,1.0,1.0,0.0,0.5,292.3566666666667,-2859.11,-10.0,1.0,-4997.11,LOW
2026-07-17 06:00:00+00:00,Zone_A,3.23,6.47,2.0,1.0,0.0,0.5,292.3614492753624,-2856.76,-10.0,1.0,0.3399999999999998,MODERATE
2026-07-17 07:00:00+00:00,Zone_A,3.09,0.0,3.0,1.0,0.0,0.5,292.3644927536232,-3856.51,-7.0,1.0,-0.1400000000000001,MODERATE
2026-07-17 11:00:00+00:00,Zone_A,2.71,0.0,0.0,1.0,0.0,0.5,288.2288571428572,-3855.9,-9.0,1.0,-0.2299999999999999,LOW
2026-07-17 12:00:00+00:00,Zone_A,3.1,5.63,3.0,2.0,1.0,0.5,216.84457142857144,-3853.6,-6.0,3.0,0.3900000000000001,MODERATE
2026-07-17 13:00:00+00:00,Zone_A,3.1,1.38,2.0,3.0,0.0,0.5,213.83408450704223,-3853.65,-6.0,3.0,0.0,MODERATE
2026-07-17 14:00:00+00:00,Zone_A,3.05,1.98,2.0,1.0,0.0,0.5,213.8350704225352,-3855.98,-8.0,1.0,-0.0500000000000002,MODERATE
2026-07-17 15:00:00+00:00,Zone_A,2.85,1.07,2.0,0.0,0.0,0.5,213.8349295774648,-3856.05,-8.0,0.0,-0.1999999999999997,LOW
2026-07-17 16:00:00+00:00,Zone_A,2.92,4.99,4.0,2.0,0.0,0.5,141.50069444444446,-3850.09,-5.0,2.0,0.0699999999999998,LOW
2026-07-17 17:00:00+00:00,Zone_A,2.82,0.13,1.0,0.0,0.0,0.5,141.5041666666667,-3850.36,-7.0,0.0,-0.1,LOW
2026-07-17 18:00:00+00:00,Zone_A,2.85,0.0,1.0,0.0,0.0,0.5,141.50736111111112,-3852.33,44.0,0.0,0.0300000000000002,LOW
2026-07-17 19:00:00+00:00,Zone_A,2.79,1.73,0.0,1.0,0.0,0.5,139.60712328767124,-3852.81,41.0,1.0,-0.06,LOW
2026-07-17 20:00:00+00:00,Zone_A,2.81,1.45,4.0,1.0,0.0,0.5,137.7627027027027,-3851.23,43.0,1.0,0.02,LOW
2026-07-17 21:00:00+00:00,Zone_A,2.74,1.74,3.0,1.0,0.0,0.5,139.6123287671233,-1851.49,43.0,1.0,-0.0699999999999998,LOW
2026-07-17 22:00:00+00:00,Zone_A,2.54,0.0,4.0,2.0,1.0,0.5,139.6097260273973,-2852.03,44.0,3.0,-0.2000000000000001,LOW
2026-07-17 23:00:00+00:00,Zone_A,2.64,0.57,3.0,1.0,0.0,0.5,137.7587837837838,-2851.46,46.0,1.0,0.1,LOW
2026-07-18 00:00:00+00:00,Zone_A,2.71,0.0,5.0,2.0,0.0,0.5,137.7574324324324,-2855.54,51.0,2.0,0.0699999999999998,LOW
2026-07-18 01:00:00+00:00,Zone_A,2.76,4.45,3.0,1.0,0.0,0.5,135.95693333333335,-2853.27,56.0,1.0,0.0499999999999998,LOW
2026-07-18 02:00:00+00:00,Zone_A,2.77,2.81,3.0,1.0,0.0,0.5,137.75594594594594,-2851.52,57.0,1.0,0.0100000000000002,LOW
2026-07-18 03:00:00+00:00,Zone_A,2.95,7.76,5.0,2.0,2.0,0.5,137.75743243243244,-2843.76,62.0,4.0,0.1800000000000001,LOW
2026-07-18 04:00:00+00:00,Zone_A,2.78,2.48,0.0,1.0,0.0,0.5,137.75797297297296,-2841.41,62.0,1.0,-0.1700000000000003,LOW
2026-07-18 06:00:00+00:00,Zone_A,2.74,2.18,1.0,1.0,0.0,0.5,139.60890410958905,-2836.02,60.0,1.0,-0.0899999999999998,LOW
2026-07-18 07:00:00+00:00,Zone_A,2.83,4.26,2.0,0.0,0.0,0.5,139.60986301369863,-2836.48,59.0,0.0,0.0899999999999998,LOW
2026-07-18 08:00:00+00:00,Zone_A,2.72,1.21,0.0,0.0,0.0,0.5,139.60780821917808,-1836.27,57.0,0.0,-0.1099999999999998,LOW
2026-07-18 09:00:00+00:00,Zone_A,2.61,0.96,0.0,0.0,0.0,0.5,139.6054794520548,-1836.74,57.0,0.0,-0.1100000000000003,LOW
2026-07-18 12:00:00+00:00,Zone_A,2.68,0.0,4.0,0.0,0.0,0.5,139.59232876712332,-1837.11,70.0,0.0,0.1700000000000003,LOW
2026-07-18 13:00:00+00:00,Zone_A,2.67,2.03,3.0,1.0,0.0,0.5,139.59109589041097,-1836.6,71.0,1.0,-0.0100000000000002,LOW
2026-07-18 14:00:00+00:00,Zone_A,2.53,1.4,1.0,1.0,0.0,0.5,137.7391891891892,-1837.33,73.0,1.0,-0.1400000000000001,LOW
2026-07-18 15:00:00+00:00,Zone_A,2.42,1.94,0.0,1.0,0.0,0.5833333333333334,135.93493333333333,-1840.53,69.0,1.0,-0.1099999999999998,LOW
2026-07-18 16:00:00+00:00,Zone_A,2.47,3.42,3.0,0.0,0.0,0.5833333333333334,137.727972972973,-1841.09,68.0,0.0,0.0500000000000002,LOW
2026-07-18 17:00:00+00:00,Zone_A,2.51,1.58,3.0,1.0,0.0,0.5,137.72054054054053,-1842.64,70.0,1.0,0.0399999999999995,LOW
2026-07-18 18:00:00+00:00,Zone_A,2.5,3.02,0.0,0.0,0.0,0.5833333333333334,137.7145945945946,-1839.76,69.0,0.0,-0.0099999999999997,LOW
2026-07-18 19:00:00+00:00,Zone_A,2.59,3.31,5.0,0.0,0.0,0.5,137.7077027027027,-1838.6,74.0,0.0,0.0899999999999998,LOW
2026-07-18 20:00:00+00:00,Zone_A,2.55,1.37,1.0,0.0,0.0,0.5,137.70283783783785,-1837.27,71.0,0.0,-0.04,LOW
2026-07-18 21:00:00+00:00,Zone_A,2.69,0.48,1.0,0.0,1.0,0.5,137.7037837837838,-1837.19,69.0,1.0,0.1400000000000001,LOW
2026-07-18 22:00:00+00:00,Zone_A,2.63,0.23,4.0,2.0,0.0,0.5,137.70540540540543,-1837.26,69.0,2.0,-0.06,LOW
2026-07-18 23:00:00+00:00,Zone_A,2.65,0.12,1.0,0.0,0.0,0.5,137.707027027027,-1839.73,67.0,0.0,0.02,LOW
2026-07-19 00:00:00+00:00,Zone_A,2.64,2.66,1.0,1.0,0.0,0.5,137.70837837837837,-1839.83,58.0,1.0,-0.0099999999999997,LOW
2026-07-19 02:00:00+00:00,Zone_A,2.54,0.45,2.0,0.0,0.0,0.5,202.5382666666667,-1843.74,54.0,0.0,-4997.46,LOW
2026-07-19 03:00:00+00:00,Zone_A,2.53,0.81,1.0,0.0,0.0,0.5,205.232972972973,-1842.99,50.0,0.0,-0.0100000000000002,LOW
2026-07-19 04:00:00+00:00,Zone_A,2.65,1.87,2.0,0.0,0.0,0.5,202.53186666666667,-1841.66,52.0,0.0,0.1200000000000001,LOW
2026-07-19 05:00:00+00:00,Zone_A,2.71,2.22,2.0,2.0,0.0,0.5,202.5348,-1839.79,54.0,2.0,0.06,LOW
2026-07-19 08:00:00+00:00,Zone_A,2.67,0.76,3.0,1.0,0.0,0.5,205.24905405405408,-1841.71,61.0,1.0,-0.0100000000000002,LOW
2026-07-19 09:00:00+00:00,Zone_A,2.67,0.0,2.0,0.0,0.0,0.5,205.2531081081081,-1842.4,63.0,0.0,0.0,LOW
2026-07-19 11:00:00+00:00,Zone_A,2.67,1.1,1.0,0.0,0.0,0.5,205.2589189189189,-1846.57,51.0,0.0,-0.06,LOW
2026-07-19 13:00:00+00:00,Zone_A,3.05,7.62,3.0,0.0,0.0,0.5,137.73702702702704,-1839.63,47.0,0.0,0.3799999999999999,MODERATE
2026-07-19 14:00:00+00:00,Zone_A,2.95,0.57,2.0,1.0,0.0,0.5,139.603698630137,-1843.78,48.0,1.0,-0.0999999999999996,LOW
2026-07-19 15:00:00+00:00,Zone_A,2.84,0.66,1.0,0.0,1.0,0.5,139.61342465753427,-1845.7,49.0,1.0,-0.1100000000000003,LOW
2026-07-19 16:00:00+00:00,Zone_A,2.62,0.69,2.0,2.0,0.0,0.5,139.61917808219178,-1847.3,48.0,2.0,-0.2199999999999997,LOW
2026-07-19 21:00:00+00:00,Zone_A,3.55,0.0,1.0,4.0,0.0,0.1538461538461538,143.52704225352113,-2854.13,45.0,4.0,-0.04,MODERATE
2026-07-19 22:00:00+00:00,Zone_A,3.41,0.79,0.0,0.0,2.0,0.5,143.5392957746479,-2856.23,41.0,2.0,-0.1399999999999996,MODERATE
2026-07-19 23:00:00+00:00,Zone_A,3.34,3.41,1.0,1.0,0.0,0.5,141.5920833333333,-2854.15,41.0,1.0,-0.0700000000000002,MODERATE
2026-07-20 00:00:00+00:00,Zone_A,3.17,0.0,3.0,2.0,0.0,0.5,141.6004166666667,-2855.91,43.0,2.0,-0.1699999999999999,MODERATE
2026-07-20 03:00:00+00:00,Zone_A,3.06,0.53,5.0,1.0,1.0,0.5,141.62458333333336,-2851.42,47.0,2.0,-0.2799999999999998,MODERATE
2026-07-20 04:00:00+00:00,Zone_A,2.94,0.47,3.0,1.0,1.0,0.5,72.22097222222222,-2858.28,48.0,2.0,-0.1200000000000001,LOW
2026-07-20 05:00:00+00:00,Zone_A,3.05,0.59,1.0,1.0,0.0,0.5,72.22319444444445,-2858.55,47.0,1.0,0.1099999999999998,MODERATE
2026-07-20 06:00:00+00:00,Zone_A,2.97,1.41,4.0,1.0,1.0,0.5,72.21958333333333,-2863.61,48.0,2.0,-0.0799999999999996,LOW
2026-07-20 07:00:00+00:00,Zone_A,2.99,3.33,4.0,1.0,1.0,0.5,72.21819444444445,-1861.28,48.0,2.0,0.02,LOW
2026-07-20 08:00:00+00:00,Zone_A,2.82,0.31,2.0,0.0,0.0,0.5,71.26753424657534,-1863.12,47.0,0.0,-0.1700000000000003,LOW
2026-07-20 09:00:00+00:00,Zone_A,2.69,0.06,5.0,2.0,0.0,0.5,71.26328767123287,-1867.3,50.0,2.0,-0.1299999999999999,LOW
2026-07-20 10:00:00+00:00,Zone_A,2.55,0.0,5.0,0.0,1.0,0.5,70.33135135135136,-1868.14,59.0,1.0,-0.1400000000000001,LOW
2026-07-20 11:00:00+00:00,Zone_A,2.37,0.31,3.0,0.0,0.0,0.5833333333333334,70.32675675675677,-1867.83,61.0,0.0,-0.1799999999999997,LOW
2026-07-20 12:00:00+00:00,Zone_A,2.32,1.01,4.0,0.0,0.0,0.5833333333333334,70.31621621621622,-1872.45,62.0,0.0,-0.0500000000000002,LOW
2026-07-20 13:00:00+00:00,Zone_A,2.27,1.77,1.0,0.0,1.0,0.5833333333333334,70.30499999999999,-1872.06,60.0,1.0,-0.0499999999999998,LOW
2026-07-20 14:00:00+00:00,Zone_A,2.49,3.92,2.0,1.0,0.0,0.5833333333333334,70.29743243243243,-1870.12,60.0,1.0,0.2200000000000002,LOW
2026-07-20 15:00:00+00:00,Zone_A,2.43,1.2,2.0,0.0,0.0,0.5833333333333334,71.21561643835616,-1871.06,61.0,0.0,-0.06,LOW
2026-07-20 17:00:00+00:00,Zone_A,2.37,2.98,0.0,0.0,0.0,0.5833333333333334,71.20219178082192,-1871.47,58.0,0.0,-0.02,LOW
2026-07-20 19:00:00+00:00,Zone_A,2.45,0.39,3.0,1.0,0.0,0.5833333333333334,72.14166666666668,-1870.87,60.0,1.0,0.0300000000000002,LOW
2026-07-20 20:00:00+00:00,Zone_A,2.38,0.97,1.0,2.0,0.0,0.5833333333333334,72.13569444444445,-1871.35,60.0,2.0,-0.0700000000000002,LOW
2026-07-20 21:00:00+00:00,Zone_A,2.41,0.75,0.0,0.0,0.0,0.5833333333333334,72.13111111111112,-1872.34,59.0,0.0,0.0300000000000002,LOW
2026-07-20 22:00:00+00:00,Zone_A,2.42,0.04,0.0,0.0,0.0,0.5833333333333334,72.12944444444446,-873.3,59.0,0.0,0.0099999999999997,LOW
2026-07-21 01:00:00+00:00,Zone_A,2.19,2.67,1.0,1.0,0.0,0.5833333333333334,213.86887323943665,-874.4599999999999,62.0,1.0,-4997.81,LOW
2026-07-21 02:00:00+00:00,Zone_A,2.18,2.31,2.0,0.0,0.0,0.5833333333333334,213.8605633802817,-874.96,64.0,0.0,-0.0099999999999997,LOW
2026-07-21 03:00:00+00:00,Zone_A,2.16,1.0,3.0,0.0,0.0,0.5833333333333334,213.84943661971832,-881.72,62.0,0.0,-0.02,LOW
2026-07-21 04:00:00+00:00,Zone_A,2.15,0.88,2.0,0.0,0.0,0.5833333333333334,213.8405633802817,-883.32,61.0,0.0,-0.0100000000000002,LOW
2026-07-21 05:00:00+00:00,Zone_A,2.2,2.11,1.0,0.0,0.0,0.5833333333333334,213.83169014084507,-884.6,61.0,0.0,0.0500000000000002,LOW
2026-07-21 06:00:00+00:00,Zone_A,2.35,3.75,1.0,1.0,0.0,0.5833333333333334,213.8261971830986,-883.03,58.0,1.0,0.1499999999999999,LOW
2026-07-21 07:00:00+00:00,Zone_A,2.27,0.1,2.0,0.0,0.0,0.5833333333333334,213.8183098591549,-887.1899999999999,56.0,0.0,-0.08,LOW
2026-07-21 09:00:00+00:00,Zone_A,2.76,4.87,0.0,1.0,0.0,0.5,284.2046478873239,-882.45,45.0,1.0,-4997.24,LOW
2026-07-21 10:00:00+00:00,Zone_A,2.92,0.0,2.0,2.0,1.0,0.5,280.29791666666665,-885.59,42.0,3.0,0.1600000000000001,LOW
2026-07-21 11:00:00+00:00,Zone_A,2.8,0.0,4.0,1.0,0.0,0.5,284.2145070422535,-886.01,43.0,1.0,-0.1200000000000001,LOW
2026-07-21 14:00:00+00:00,Zone_A,2.6,1.26,5.0,1.0,0.0,0.5,292.3779710144928,-888.5500000000001,45.0,1.0,-0.1999999999999997,LOW
2026-07-21 15:00:00+00:00,Zone_A,2.51,1.22,1.0,0.0,0.0,0.5,292.3792753623188,-889.27,44.0,0.0,-0.0900000000000003,LOW
2026-07-21 16:00:00+00:00,Zone_A,2.27,0.13,2.0,1.0,1.0,0.5833333333333334,292.37637681159424,-892.5600000000001,45.0,2.0,-0.2399999999999997,LOW
2026-07-21 17:00:00+00:00,Zone_A,2.1,1.51,1.0,0.0,0.0,0.5833333333333334,288.2261428571428,-892.5,48.0,0.0,-0.1699999999999999,LOW
2026-07-21 22:00:00+00:00,Zone_A,2.42,0.15,2.0,0.0,1.0,0.5833333333333334,292.3531884057971,-893.7700000000001,63.0,1.0,0.0,LOW
2026-07-22 00:00:00+00:00,Zone_A,2.37,0.06,2.0,0.0,0.0,0.5833333333333334,292.3457971014493,-893.86,59.0,0.0,-0.04,LOW
2026-07-22 03:00:00+00:00,Zone_A,2.45,4.46,3.0,0.0,0.0,0.5833333333333334,216.80414285714284,-889.4000000000001,60.0,0.0,0.1100000000000003,LOW
2026-07-22 04:00:00+00:00,Zone_A,2.64,3.28,0.0,0.0,0.0,0.5,216.804,-887.9899999999999,58.0,0.0,0.1899999999999999,LOW
2026-07-22 06:00:00+00:00,Zone_A,2.59,1.11,3.0,1.0,0.0,0.5,213.78605633802815,-891.1600000000001,59.0,1.0,-0.06,LOW
2026-07-22 07:00:00+00:00,Zone_A,2.62,0.09,0.0,1.0,0.0,0.5,213.78521126760563,-891.6700000000001,57.0,1.0,0.0300000000000002,LOW
2026-07-22 08:00:00+00:00,Zone_A,2.58,1.39,2.0,0.0,0.0,0.5,213.78394366197185,-891.0400000000001,58.0,0.0,-0.04,LOW
2026-07-22 11:00:00+00:00,Zone_A,2.81,9.25,2.0,0.0,0.0,0.5,288.19142857142856,-884.13,58.0,0.0,-4997.19,LOW
2026-07-22 12:00:00+00:00,Zone_A,2.94,1.12,2.0,1.0,0.0,0.5,288.1952857142857,-884.15,57.0,1.0,0.1299999999999999,LOW
2026-07-22 14:00:00+00:00,Zone_A,2.9,3.31,0.0,0.0,0.0,0.5,288.1924285714286,-886.8299999999999,55.0,0.0,0.0,LOW
2026-07-22 15:00:00+00:00,Zone_A,3.13,7.13,0.0,2.0,0.0,0.5,288.1965714285715,-880.36,54.0,2.0,0.2299999999999999,MODERATE
2026-07-22 16:00:00+00:00,Zone_A,3.05,0.0,2.0,1.0,0.0,0.5,288.2027142857143,-881.05,52.0,1.0,-0.08,MODERATE
2026-07-22 17:00:00+00:00,Zone_A,2.98,2.4,1.0,1.0,0.0,0.5,288.20685714285713,-878.76,52.0,1.0,-0.0699999999999998,LOW
2026-07-22 18:00:00+00:00,Zone_A,2.83,1.27,4.0,1.0,0.0,0.5,284.1874647887324,121.51,54.0,1.0,-0.1499999999999999,MODERATE
2026-07-22 19:00:00+00:00,Zone_A,2.96,1.83,0.0,1.0,0.0,0.5,280.2815277777778,118.25,53.0,1.0,0.1299999999999999,MODERATE
2026-07-22 20:00:00+00:00,Zone_A,2.98,2.41,0.0,0.0,0.0,0.5,280.2730555555556,119.46,53.0,0.0,0.02,MODERATE
2026-07-22 21:00:00+00:00,Zone_A,2.83,1.61,3.0,0.0,1.0,0.5,276.4646575342466,123.48,40.0,1.0,-0.1499999999999999,MODERATE
2026-07-22 23:00:00+00:00,Zone_A,2.57,0.28,1.0,3.0,0.0,0.5,344.9005479452055,120.27,-13.0,3.0,-4997.43,MODERATE
2026-06-01 06:00:00+00:00,Zone_B,1.57,5.68,0.0,0.0,0.0,0.6,1.3228571428571427,14.07,-40.0,0.0,0.31,LOW
2026-06-01 07:00:00+00:00,Zone_B,1.76,1.81,0.0,0.0,0.0,0.6,1.3775,15.88,-40.0,0.0,0.1899999999999999,LOW
2026-06-01 08:00:00+00:00,Zone_B,1.94,4.74,1.0,0.0,0.0,0.6,1.4400000000000002,20.62,-39.0,0.0,0.1799999999999999,LOW
2026-06-01 10:00:00+00:00,Zone_B,2.28,0.0,1.0,0.0,0.0,0.6,1.5718181818181818,-977.05,-37.0,0.0,0.2299999999999999,LOW
2026-06-01 11:00:00+00:00,Zone_B,2.31,4.31,1.0,0.0,0.0,0.6,1.6333333333333335,-972.74,-36.0,0.0,0.0300000000000002,LOW
2026-06-01 13:00:00+00:00,Zone_B,2.71,0.0,3.0,1.0,0.0,0.2727272727272727,1.7785714285714285,-968.81,-30.0,1.0,0.1200000000000001,LOW
2026-06-01 14:00:00+00:00,Zone_B,2.86,0.0,0.0,0.0,0.0,0.2727272727272727,1.8506666666666665,-1967.81,-80.0,0.0,0.1499999999999999,LOW
2026-06-01 15:00:00+00:00,Zone_B,2.62,0.58,4.0,1.0,0.0,0.2727272727272727,1.9552941176470588,-2966.23,-126.0,1.0,-0.2399999999999997,LOW
2026-06-01 16:00:00+00:00,Zone_B,2.53,1.11,1.0,0.0,0.0,0.2727272727272727,1.987222222222222,-2965.12,-125.0,0.0,-0.0900000000000003,LOW
2026-06-01 17:00:00+00:00,Zone_B,2.58,2.33,2.0,1.0,0.0,0.2727272727272727,2.018421052631579,-2962.79,-123.0,1.0,0.0500000000000002,LOW
2026-06-01 18:00:00+00:00,Zone_B,2.63,1.16,0.0,1.0,0.0,0.2727272727272727,2.049,-2961.63,-123.0,1.0,0.0499999999999998,LOW
2026-06-01 19:00:00+00:00,Zone_B,2.39,0.54,4.0,1.0,0.0,0.6,2.065238095238095,-2961.09,-119.0,1.0,-0.2399999999999997,LOW
2026-06-01 21:00:00+00:00,Zone_B,2.64,5.6,3.0,0.0,0.0,0.2727272727272727,2.104782608695652,-2953.04,-114.0,0.0,0.2400000000000002,LOW
2026-06-01 22:00:00+00:00,Zone_B,2.59,3.52,4.0,1.0,0.0,0.2727272727272727,2.125,-2949.52,-110.0,1.0,-0.0500000000000002,LOW
2026-06-02 00:00:00+00:00,Zone_B,2.64,2.12,0.0,1.0,0.0,0.2727272727272727,194.37076923076924,-2944.18,-107.0,1.0,-4997.36,LOW
2026-06-02 02:00:00+00:00,Zone_B,2.64,2.83,0.0,1.0,0.0,0.2727272727272727,180.67928571428573,-2936.1,-110.0,1.0,-0.1,LOW
2026-06-02 03:00:00+00:00,Zone_B,2.42,0.07,3.0,0.0,0.0,0.6,174.53241379310344,-2936.03,-109.0,0.0,-0.2200000000000002,LOW
2026-06-02 04:00:00+00:00,Zone_B,2.44,0.0,3.0,0.0,0.0,0.6,168.796,-2936.03,-109.0,0.0,0.02,LOW
2026-06-02 05:00:00+00:00,Zone_B,2.4,2.1,0.0,0.0,0.0,0.6,163.42838709677417,-2933.93,-111.0,0.0,-0.04,LOW
2026-06-02 06:00:00+00:00,Zone_B,2.49,1.78,1.0,0.0,0.0,0.6,158.3990625,-2932.15,-110.0,0.0,0.0900000000000003,LOW
2026-06-02 07:00:00+00:00,Zone_B,2.41,2.03,1.0,0.0,0.0,0.6,153.67212121212123,-2930.12,-109.0,0.0,-0.08,LOW
2026-06-02 09:00:00+00:00,Zone_B,2.12,0.0,3.0,1.0,0.0,0.6,145.01600000000002,-2926.93,-106.0,1.0,-0.1399999999999996,LOW
2026-06-02 10:00:00+00:00,Zone_B,2.11,1.19,5.0,0.0,0.0,0.6,141.04638888888888,-2925.74,-102.0,0.0,-0.0100000000000002,LOW
2026-06-02 11:00:00+00:00,Zone_B,2.12,2.63,3.0,0.0,1.0,0.6,133.7342105263158,-2921.92,-95.0,1.0,0.0100000000000002,LOW
2026-06-02 12:00:00+00:00,Zone_B,2.02,0.3,3.0,2.0,0.0,0.6,127.151,-2918.99,-92.0,2.0,-0.1,LOW
2026-06-02 15:00:00+00:00,Zone_B,1.79,1.52,0.0,1.0,0.0,0.6,118.4086046511628,-2916.07,7.0,1.0,-0.04,LOW
2026-06-02 16:00:00+00:00,Zone_B,1.68,0.1,2.0,0.0,0.0,0.6,115.7556818181818,-2915.97,8.0,0.0,-0.1100000000000001,LOW
2026-06-02 17:00:00+00:00,Zone_B,1.79,0.0,3.0,0.0,0.0,0.6,113.22311111111112,-2915.97,9.0,0.0,0.1100000000000001,LOW
2026-06-02 18:00:00+00:00,Zone_B,1.74,3.39,2.0,0.0,0.0,0.6,110.7995652173913,-2912.58,11.0,0.0,-0.05,LOW
2026-06-02 20:00:00+00:00,Zone_B,2.27,3.27,3.0,0.0,0.0,0.6,210.396875,-2909.31,11.0,0.0,-4997.73,LOW
2026-06-02 21:00:00+00:00,Zone_B,2.25,0.0,1.0,0.0,0.0,0.6,206.1489795918367,-2909.31,9.0,0.0,-0.02,LOW
2026-06-02 22:00:00+00:00,Zone_B,2.19,0.78,1.0,0.0,0.0,0.6,202.0698,-2908.53,6.0,0.0,-0.06,LOW
2026-06-02 23:00:00+00:00,Zone_B,2.4,0.0,3.0,1.0,0.0,0.6,198.1547058823529,-3907.53,6.0,1.0,0.2099999999999999,LOW
2026-06-03 04:00:00+00:00,Zone_B,2.73,1.45,0.0,0.0,0.0,0.2727272727272727,183.93527272727275,-3888.3,60.0,0.0,-0.0499999999999998,LOW
2026-06-03 05:00:00+00:00,Zone_B,3.26,12.41,4.0,1.0,0.0,0.2727272727272727,180.70892857142852,-3875.89,64.0,1.0,0.5299999999999998,MODERATE
2026-06-03 06:00:00+00:00,Zone_B,3.46,6.07,0.0,2.0,1.0,0.2727272727272727,177.59929824561402,-3869.82,13.0,3.0,0.2000000000000001,MODERATE
2026-06-03 07:00:00+00:00,Zone_B,3.34,0.52,0.0,2.0,0.0,0.2727272727272727,174.5948275862069,-3869.3,12.0,2.0,-0.1200000000000001,MODERATE
2026-06-03 12:00:00+00:00,Zone_B,2.73,1.86,1.0,1.0,0.0,0.2727272727272727,163.51887096774195,-3863.15,-6.0,1.0,0.0299999999999998,LOW
2026-06-03 13:00:00+00:00,Zone_B,2.63,0.12,4.0,1.0,0.0,0.2727272727272727,160.96507936507936,-3863.03,-4.0,1.0,-0.1,LOW
2026-06-03 14:00:00+00:00,Zone_B,2.57,0.78,3.0,0.0,1.0,0.2727272727272727,158.49015624999998,-3862.25,-5.0,1.0,-0.06,LOW
2026-06-03 15:00:00+00:00,Zone_B,2.44,0.18,0.0,0.0,0.0,0.6,156.0893846153846,-3862.07,-5.0,0.0,-0.1299999999999999,LOW
2026-06-03 16:00:00+00:00,Zone_B,2.44,2.06,1.0,0.0,0.0,0.6,153.76136363636363,-3860.01,-6.0,0.0,0.0,LOW
2026-06-03 19:00:00+00:00,Zone_B,2.56,2.24,3.0,0.0,0.0,0.2727272727272727,222.8060294117647,-3852.58,-7.0,0.0,-4997.44,LOW
2026-06-03 20:00:00+00:00,Zone_B,2.35,0.2,2.0,0.0,0.0,0.6,219.6110144927536,-3852.38,-8.0,0.0,-0.2099999999999999,LOW
2026-06-03 21:00:00+00:00,Zone_B,2.32,2.29,3.0,0.0,1.0,0.6,216.50685714285717,-3850.09,-6.0,1.0,-0.0300000000000002,LOW
2026-06-03 22:00:00+00:00,Zone_B,2.13,1.84,2.0,0.0,0.0,0.6,213.4874647887324,-3848.25,-5.0,0.0,-0.1899999999999999,LOW
2026-06-03 23:00:00+00:00,Zone_B,2.3,3.81,1.0,0.0,0.0,0.6,210.55430555555557,-3844.44,-7.0,0.0,0.1699999999999999,LOW
2026-06-04 00:00:00+00:00,Zone_B,2.47,5.89,2.0,0.0,0.0,0.6,210.5718055555556,-3838.82,-9.0,0.0,0.1700000000000003,LOW
2026-06-04 01:00:00+00:00,Zone_B,2.49,3.67,1.0,2.0,0.0,0.6,210.5883333333333,-3837.97,-10.0,2.0,0.02,LOW
2026-06-04 02:00:00+00:00,Zone_B,2.4,0.48,0.0,0.0,0.0,0.6,210.60361111111112,-3837.89,-13.0,0.0,-0.0900000000000003,LOW
2026-06-04 03:00:00+00:00,Zone_B,2.12,1.11,2.0,0.0,0.0,0.6,210.61486111111108,-3841.15,-12.0,0.0,-0.2799999999999998,LOW
2026-06-04 04:00:00+00:00,Zone_B,2.26,1.47,1.0,1.0,0.0,0.6,210.62805555555556,-3840.1,-11.0,1.0,0.1399999999999996,LOW
2026-06-04 06:00:00+00:00,Zone_B,2.25,0.52,2.0,0.0,0.0,0.6,280.06444444444446,-3844.54,38.0,0.0,-4997.75,LOW
2026-06-04 07:00:00+00:00,Zone_B,2.22,0.96,1.0,0.0,0.0,0.6,280.0708333333334,-3845.39,39.0,0.0,-0.0299999999999998,LOW
2026-06-04 09:00:00+00:00,Zone_B,2.39,3.12,3.0,1.0,0.0,0.6,413.1986301369863,-3847.72,39.0,1.0,-4997.61,LOW
2026-06-04 12:00:00+00:00,Zone_B,2.37,1.09,1.0,0.0,0.0,0.6,413.1991780821918,-2847.72,49.0,0.0,-0.0899999999999998,LOW
2026-06-04 13:00:00+00:00,Zone_B,2.32,0.11,0.0,0.0,0.0,0.6,413.1938356164384,-2847.61,45.0,0.0,-0.0500000000000002,LOW
2026-06-04 14:00:00+00:00,Zone_B,2.53,6.07,3.0,1.0,0.0,0.2727272727272727,413.1819178082192,-843.4300000000001,45.0,1.0,0.2099999999999999,LOW
2026-06-04 16:00:00+00:00,Zone_B,2.04,0.0,0.0,0.0,0.0,0.6,413.1693150684932,-844.6200000000001,44.0,0.0,-0.1499999999999999,LOW
2026-06-04 17:00:00+00:00,Zone_B,2.09,0.11,1.0,1.0,0.0,0.6,407.6068918918919,-846.84,43.0,1.0,0.0499999999999998,LOW
2026-06-04 18:00:00+00:00,Zone_B,1.74,0.3,4.0,0.0,0.0,0.6,407.5948648648648,-847.6999999999999,45.0,0.0,-0.3499999999999998,LOW
2026-06-04 19:00:00+00:00,Zone_B,1.77,0.0,2.0,0.0,0.0,0.6,407.5864864864865,-1847.24,44.0,0.0,0.03,LOW
2026-06-04 20:00:00+00:00,Zone_B,1.96,2.86,3.0,0.0,0.0,0.6,407.5805405405406,-1846.83,45.0,0.0,0.1899999999999999,LOW
2026-06-04 22:00:00+00:00,Zone_B,1.76,0.23,0.0,0.0,0.0,0.6,475.1012162162162,-1854.62,-9.0,0.0,-4998.24,LOW
2026-06-05 01:00:00+00:00,Zone_B,1.8,0.47,1.0,0.0,0.0,0.6,413.09301369863016,-1863.73,-12.0,0.0,-0.0799999999999998,LOW
2026-06-05 02:00:00+00:00,Zone_B,2.0,1.77,2.0,0.0,0.0,0.6,413.0842465753425,-1864.79,-10.0,0.0,0.1999999999999999,LOW
2026-06-05 03:00:00+00:00,Zone_B,2.04,0.0,1.0,0.0,0.0,0.6,407.5239189189189,-1863.09,-9.0,0.0,0.04,LOW
2026-06-05 06:00:00+00:00,Zone_B,5.73,37.88,20.0,10.0,1.0,1.0,402.2322666666667,-1769.48,28.0,11.0,1.4400000000000004,SEVERE
2026-06-07 03:00:00+00:00,Zone_B,7.38,2.21,19.0,10.0,2.0,1.0,418.2338356164384,141.38000000000005,435.0,12.0,-0.7199999999999998,SEVERE
2026-06-07 04:00:00+00:00,Zone_B,6.68,0.15,22.0,10.0,1.0,1.0,418.2943835616438,140.06000000000006,430.0,11.0,-0.7000000000000002,SEVERE
2026-06-07 07:00:00+00:00,Zone_B,5.51,2.4,23.0,9.0,1.0,1.0,354.75375,141.11000000000004,475.0,10.0,-0.2300000000000004,SEVERE
2026-06-07 08:00:00+00:00,Zone_B,4.99,0.56,32.0,8.0,0.0,1.0,218.97549295774647,141.05000000000004,483.0,8.0,-0.5199999999999996,SEVERE
2026-06-07 09:00:00+00:00,Zone_B,4.6,2.61,24.0,6.0,0.0,1.0,222.1011428571429,137.42000000000007,487.0,6.0,-0.3900000000000005,SEVERE
2026-06-07 10:00:00+00:00,Zone_B,4.46,2.62,0.0,8.0,1.0,0.5,219.0357746478873,139.92000000000004,466.0,9.0,-0.1399999999999996,MODERATE
2026-06-07 14:00:00+00:00,Zone_B,3.73,3.07,0.0,4.0,1.0,0.5,228.6345588235294,135.43000000000004,431.0,5.0,-0.1499999999999999,MODERATE
2026-06-07 15:00:00+00:00,Zone_B,3.49,0.32,3.0,2.0,1.0,0.2727272727272727,228.6536764705882,135.25000000000003,415.0,3.0,-0.2399999999999997,MODERATE
2026-06-07 18:00:00+00:00,Zone_B,3.31,0.72,2.0,1.0,1.0,0.2727272727272727,232.10134328358208,-862.0699999999999,360.0,2.0,-0.1400000000000001,MODERATE
2026-06-07 19:00:00+00:00,Zone_B,3.46,9.97,1.0,2.0,0.0,0.2727272727272727,232.1265671641791,146.90000000000003,336.0,2.0,0.1499999999999999,MODERATE
2026-06-07 20:00:00+00:00,Zone_B,3.51,4.41,1.0,3.0,0.0,0.5,232.1497014925373,148.45000000000002,314.0,3.0,0.0499999999999998,MODERATE
2026-06-07 21:00:00+00:00,Zone_B,3.25,0.87,2.0,1.0,0.0,0.2727272727272727,157.57134328358208,148.22000000000003,289.0,1.0,-0.2599999999999998,MODERATE
2026-06-07 23:00:00+00:00,Zone_B,2.89,0.0,0.0,0.0,0.0,0.2727272727272727,297.94797101449274,154.43000000000004,240.0,0.0,-4997.11,MODERATE
2026-06-08 00:00:00+00:00,Zone_B,2.72,0.73,0.0,1.0,0.0,0.2727272727272727,297.96014492753625,154.81000000000006,222.0,1.0,-0.1699999999999999,MODERATE
2026-06-08 01:00:00+00:00,Zone_B,2.58,0.43,3.0,0.0,0.0,0.2727272727272727,297.9714492753623,154.77000000000004,212.0,0.0,-0.1400000000000001,MODERATE
2026-06-08 02:00:00+00:00,Zone_B,2.74,5.4,1.0,2.0,0.0,0.2727272727272727,297.9905797101449,157.06000000000003,199.0,2.0,0.1600000000000001,MODERATE
2026-06-08 03:00:00+00:00,Zone_B,3.09,9.9,2.0,0.0,1.0,0.2727272727272727,293.7877142857143,172.36000000000004,183.0,1.0,0.3499999999999996,MODERATE
2026-06-08 04:00:00+00:00,Zone_B,2.88,0.71,2.0,1.0,1.0,0.2727272727272727,293.77642857142854,140.28000000000003,163.0,2.0,-0.2099999999999999,MODERATE
2026-06-08 05:00:00+00:00,Zone_B,2.7,1.23,4.0,0.0,0.0,0.2727272727272727,297.9488405797101,114.69000000000004,140.0,0.0,-0.1799999999999997,MODERATE
2026-06-08 09:00:00+00:00,Zone_B,2.15,0.37,2.0,0.0,0.0,0.6,320.47703125,-147.62999999999997,48.0,0.0,-0.2400000000000002,LOW
2026-06-08 10:00:00+00:00,Zone_B,2.2,2.84,1.0,1.0,0.0,0.6,242.38640625,-166.79999999999995,49.0,1.0,0.0500000000000002,LOW
2026-06-08 11:00:00+00:00,Zone_B,2.04,0.32,2.0,0.0,0.0,0.6,242.261875,-191.25,50.0,0.0,-0.1600000000000001,LOW
2026-06-08 12:00:00+00:00,Zone_B,1.92,1.95,4.0,0.0,0.0,0.6,242.13859375,-201.56,51.0,0.0,-0.1200000000000001,LOW
2026-06-08 14:00:00+00:00,Zone_B,2.01,3.28,3.0,1.0,0.0,0.6,241.8603125,-263.98,51.0,1.0,0.1499999999999997,LOW
2026-06-08 15:00:00+00:00,Zone_B,1.9,0.23,4.0,0.0,0.0,0.6,241.7178125,-279.08,49.0,0.0,-0.1099999999999998,LOW
2026-06-08 16:00:00+00:00,Zone_B,2.01,5.0,2.0,0.0,0.0,0.6,238.03,-320.23,49.0,0.0,0.1099999999999998,LOW
2026-06-08 17:00:00+00:00,Zone_B,2.07,0.0,2.0,0.0,0.0,0.6,237.87246153846152,-1337.28,50.0,0.0,0.06,LOW
2026-06-08 18:00:00+00:00,Zone_B,2.07,1.56,0.0,1.0,0.0,0.6,237.7213846153846,-1346.62,48.0,1.0,0.0,LOW
2026-06-08 19:00:00+00:00,Zone_B,2.04,2.61,0.0,0.0,0.0,0.6,237.5690769230769,-1366.9299999999998,47.0,0.0,-0.0299999999999998,LOW
2026-06-08 20:00:00+00:00,Zone_B,2.06,2.83,3.0,0.0,0.0,0.6,237.4213846153846,-1383.56,49.0,0.0,0.02,LOW
2026-06-08 21:00:00+00:00,Zone_B,1.98,1.04,3.0,0.0,0.0,0.6,160.52876923076923,-1423.61,50.0,0.0,-0.08,LOW
2026-06-08 22:00:00+00:00,Zone_B,1.98,0.23,2.0,1.0,0.0,0.6,160.36892307692307,-1437.72,48.0,1.0,0.0,LOW
2026-06-09 01:00:00+00:00,Zone_B,2.03,0.0,3.0,0.0,0.0,0.6,236.78276923076925,-2513.42,52.0,0.0,-0.0700000000000002,LOW
2026-06-09 02:00:00+00:00,Zone_B,1.84,1.16,6.0,0.0,0.0,0.6,236.5983076923077,-2549.82,56.0,0.0,-0.1899999999999997,LOW
2026-06-09 05:00:00+00:00,Zone_B,1.89,1.19,1.0,0.0,0.0,0.6,239.695625,-2556.46,52.0,0.0,-0.02,LOW
2026-06-09 06:00:00+00:00,Zone_B,1.99,1.47,0.0,0.0,0.0,0.6,239.49015625,-2554.99,50.0,0.0,0.1,LOW
2026-06-09 07:00:00+00:00,Zone_B,1.93,2.41,1.0,0.0,0.0,0.6,239.2725,-2597.8,49.0,0.0,-0.06,LOW
2026-06-09 08:00:00+00:00,Zone_B,1.88,1.26,2.0,0.0,0.0,0.6,235.40907692307687,-2594.13,52.0,0.0,-0.05,LOW
2026-06-09 09:00:00+00:00,Zone_B,1.92,0.0,1.0,0.0,0.0,0.6,235.2015384615385,-3617.52,51.0,0.0,0.04,LOW
2026-06-09 10:00:00+00:00,Zone_B,2.04,2.66,3.0,0.0,0.0,0.6,231.6687878787879,-3628.94,53.0,0.0,0.1200000000000001,LOW
2026-06-09 13:00:00+00:00,Zone_B,1.67,0.66,2.0,0.0,0.0,0.6,224.7014705882353,-3746.28,3.0,0.0,-0.04,LOW
2026-06-09 16:00:00+00:00,Zone_B,1.97,0.33,2.0,0.0,0.0,0.6,227.47626865671643,-3787.58,3.0,0.0,-0.0599999999999998,LOW
2026-06-09 17:00:00+00:00,Zone_B,2.12,3.08,0.0,0.0,0.0,0.6,227.3113432835821,-3795.71,1.0,0.0,0.1500000000000001,LOW
2026-06-09 18:00:00+00:00,Zone_B,2.02,0.11,1.0,0.0,0.0,0.6,227.1565671641791,-3806.16,2.0,0.0,-0.1,LOW
2026-06-10 01:00:00+00:00,Zone_B,1.59,0.04,2.0,0.0,0.0,0.6,443.7394117647059,-3856.81,0.0,0.0,-0.02,LOW
2026-06-10 05:00:00+00:00,Zone_B,1.7,1.22,4.0,0.0,0.0,0.6,450.0820895522388,-3855.59,0.0,0.0,0.02,LOW
2026-06-10 06:00:00+00:00,Zone_B,1.82,0.0,2.0,0.0,0.0,0.6,450.0235820895522,-3856.55,2.0,0.0,0.1200000000000001,LOW
2026-06-10 07:00:00+00:00,Zone_B,1.96,5.36,0.0,0.0,0.0,0.6,443.3801470588235,-3853.59,2.0,0.0,0.1399999999999999,LOW
2026-06-10 08:00:00+00:00,Zone_B,1.94,0.37,1.0,0.0,0.0,0.6,443.33529411764704,-3853.78,1.0,0.0,-0.02,LOW
2026-06-10 09:00:00+00:00,Zone_B,2.12,3.65,0.0,1.0,0.0,0.6,436.9023188405797,-3852.37,1.0,1.0,0.1800000000000001,LOW
2026-06-10 11:00:00+00:00,Zone_B,1.95,1.71,2.0,1.0,0.0,0.6,430.65371428571433,-3856.06,53.0,1.0,-0.0599999999999998,LOW
2026-06-10 12:00:00+00:00,Zone_B,2.11,2.06,1.0,0.0,0.0,0.6,424.6178873239437,-3854.22,50.0,0.0,0.1599999999999999,LOW
2026-06-10 13:00:00+00:00,Zone_B,2.37,7.68,4.0,0.0,0.0,0.6,424.59661971830985,-3846.54,52.0,0.0,0.2600000000000002,LOW
2026-06-10 14:00:00+00:00,Zone_B,2.35,1.27,1.0,2.0,0.0,0.6,424.5771830985916,-3848.34,53.0,2.0,-0.02,LOW
2026-06-10 15:00:00+00:00,Zone_B,2.72,9.6,1.0,1.0,0.0,0.2727272727272727,430.5817142857143,-3839.38,47.0,1.0,0.3700000000000001,LOW
2026-06-10 16:00:00+00:00,Zone_B,2.57,2.0,0.0,0.0,0.0,0.2727272727272727,424.5533802816902,-3838.43,45.0,0.0,-0.1500000000000003,LOW
2026-06-10 17:00:00+00:00,Zone_B,2.66,2.1,1.0,0.0,0.0,0.2727272727272727,424.5422535211268,-2837.33,46.0,0.0,0.0900000000000003,LOW
2026-06-10 18:00:00+00:00,Zone_B,2.97,0.0,1.0,0.0,0.0,0.2727272727272727,424.5374647887324,-3837.05,46.0,0.0,0.31,LOW
2026-06-10 19:00:00+00:00,Zone_B,2.7,0.89,3.0,1.0,0.0,0.2727272727272727,424.52676056338026,-3846.13,45.0,1.0,-0.27,LOW
2026-06-10 20:00:00+00:00,Zone_B,2.7,2.54,3.0,1.0,0.0,0.2727272727272727,424.51535211267606,-3848.0,47.0,1.0,0.0,LOW
2026-06-10 22:00:00+00:00,Zone_B,2.48,1.6,5.0,2.0,0.0,0.6,287.74928571428575,-3854.07,50.0,2.0,-0.1499999999999999,LOW
2026-06-10 23:00:00+00:00,Zone_B,2.36,1.02,5.0,0.0,0.0,0.6,287.7417142857143,-3853.05,52.0,0.0,-0.1200000000000001,LOW
2026-06-11 00:00:00+00:00,Zone_B,2.24,2.86,5.0,1.0,0.0,0.6,287.73485714285715,-3850.92,55.0,1.0,-0.1199999999999996,LOW
2026-06-11 01:00:00+00:00,Zone_B,2.28,0.0,2.0,0.0,0.0,0.6,291.86318840579713,-4850.78,55.0,0.0,0.0399999999999995,LOW
2026-06-11 04:00:00+00:00,Zone_B,2.29,0.79,0.0,0.0,0.0,0.6,300.4738805970149,-4867.95,52.0,0.0,-0.06,LOW
2026-06-11 06:00:00+00:00,Zone_B,2.32,0.21,2.0,0.0,0.0,0.6,369.5789705882353,-4863.240000000001,48.0,0.0,-4997.68,LOW
2026-06-11 07:00:00+00:00,Zone_B,2.33,0.84,2.0,1.0,0.0,0.6,364.2565217391305,-4862.400000000001,50.0,1.0,0.0100000000000002,LOW
2026-06-11 08:00:00+00:00,Zone_B,2.29,0.02,1.0,0.0,0.0,0.6,364.2550724637681,-4865.08,49.0,0.0,-0.04,LOW
2026-06-11 09:00:00+00:00,Zone_B,2.29,0.0,0.0,0.0,0.0,0.6,364.2571014492754,-5864.45,49.0,0.0,0.0,LOW
2026-06-11 10:00:00+00:00,Zone_B,2.24,3.69,1.0,0.0,0.0,0.6,364.2576811594203,-5863.6,47.0,0.0,-0.0499999999999998,LOW
2026-06-11 12:00:00+00:00,Zone_B,2.13,0.0,3.0,0.0,0.0,0.6,436.69492753623183,-6864.61,49.0,0.0,-4997.87,LOW
2026-06-11 14:00:00+00:00,Zone_B,2.51,0.0,2.0,0.0,0.0,0.2727272727272727,509.13898550724633,-7858.370000000001,46.0,0.0,-4997.49,LOW
2026-06-11 15:00:00+00:00,Zone_B,2.42,0.25,1.0,0.0,0.0,0.6,509.1465217391304,-7858.35,46.0,0.0,-0.0899999999999998,LOW
2026-06-11 16:00:00+00:00,Zone_B,2.59,4.65,3.0,0.0,0.0,0.2727272727272727,509.1549275362319,-7858.7,49.0,0.0,0.1699999999999999,LOW
2026-06-11 19:00:00+00:00,Zone_B,2.22,0.6,1.0,0.0,1.0,0.6,516.6173529411765,-7862.18,51.0,1.0,-0.0299999999999998,LOW
2026-06-11 20:00:00+00:00,Zone_B,1.93,0.74,2.0,0.0,0.0,0.6,516.6154411764705,-7864.269999999999,50.0,0.0,-0.2900000000000002,LOW
2026-06-11 21:00:00+00:00,Zone_B,1.95,2.0,5.0,0.0,0.0,0.6,516.615,-7863.309999999999,53.0,0.0,0.02,LOW
2026-06-11 22:00:00+00:00,Zone_B,1.91,1.46,4.0,0.0,0.0,0.6,516.6139705882352,-7862.08,52.0,0.0,-0.04,LOW
2026-06-11 23:00:00+00:00,Zone_B,1.8,0.0,3.0,0.0,0.0,0.6,443.1110294117647,-7864.15,50.0,0.0,-0.1099999999999998,LOW
2026-06-12 00:00:00+00:00,Zone_B,1.85,1.16,3.0,0.0,1.0,0.6,443.1073529411765,-7865.73,48.0,1.0,0.05,LOW
2026-06-12 01:00:00+00:00,Zone_B,1.79,0.0,2.0,0.0,0.0,0.6,443.1038235294118,-6866.73,48.0,0.0,-0.06,LOW
2026-06-12 02:00:00+00:00,Zone_B,1.78,3.41,2.0,0.0,0.0,0.6,443.1029411764706,-6864.48,48.0,0.0,-0.01,LOW
2026-06-12 03:00:00+00:00,Zone_B,1.55,1.26,3.0,0.0,0.0,0.6,436.70362318840586,-6867.4,50.0,0.0,-0.2299999999999999,LOW
2026-06-12 04:00:00+00:00,Zone_B,1.86,2.47,3.0,0.0,1.0,0.6,436.7028985507247,-6867.3,53.0,1.0,0.31,LOW
2026-06-12 10:00:00+00:00,Zone_B,1.93,1.47,0.0,0.0,0.0,0.6,532.1886363636363,-5867.370000000001,56.0,0.0,-4998.07,LOW
2026-06-12 11:00:00+00:00,Zone_B,2.22,6.92,0.0,0.0,0.0,0.6,524.2786567164179,-5861.29,54.0,0.0,0.2900000000000002,LOW
2026-06-12 12:00:00+00:00,Zone_B,2.12,0.83,0.0,0.0,0.0,0.6,532.2025757575758,-5862.46,51.0,0.0,-0.1,LOW
2026-06-12 13:00:00+00:00,Zone_B,2.19,0.1,3.0,0.0,0.0,0.6,532.2104545454547,-5863.02,54.0,0.0,0.0699999999999998,LOW
2026-06-12 14:00:00+00:00,Zone_B,2.13,1.39,1.0,0.0,1.0,0.6,524.2988059701493,-5869.69,53.0,1.0,-0.06,LOW
2026-06-12 15:00:00+00:00,Zone_B,1.97,1.37,0.0,0.0,0.0,0.6,516.6189705882352,-5867.46,3.0,0.0,-0.1599999999999999,LOW
2026-06-12 16:00:00+00:00,Zone_B,1.95,0.0,7.0,0.0,0.0,0.6,516.6186764705883,-5867.79,7.0,0.0,-0.02,LOW
2026-06-12 17:00:00+00:00,Zone_B,1.89,0.1,3.0,0.0,1.0,0.6,516.6152941176471,-5870.77,9.0,1.0,-0.06,LOW
2026-06-12 18:00:00+00:00,Zone_B,1.85,0.04,4.0,1.0,0.0,0.6,516.612794117647,-5870.84,8.0,1.0,-0.0399999999999998,LOW
2026-06-12 19:00:00+00:00,Zone_B,1.66,0.04,0.0,0.0,0.0,0.6,443.1077941176471,-5871.07,7.0,0.0,-0.1900000000000001,LOW
2026-06-12 20:00:00+00:00,Zone_B,1.78,2.39,0.0,1.0,0.0,0.6,369.60455882352943,-5869.74,5.0,1.0,0.1200000000000001,LOW
2026-06-12 21:00:00+00:00,Zone_B,1.82,0.15,2.0,0.0,0.0,0.6,296.1019117647059,-5869.75,2.0,0.0,0.04,LOW
2026-06-13 01:00:00+00:00,Zone_B,1.89,0.37,2.0,0.0,0.0,0.6,296.1155882352941,-5867.41,-49.0,0.0,-0.2900000000000002,LOW
2026-06-13 03:00:00+00:00,Zone_B,2.09,2.51,2.0,0.0,0.0,0.6,287.71500000000003,-5862.88,-50.0,0.0,-0.0100000000000002,LOW
2026-06-13 04:00:00+00:00,Zone_B,2.09,1.65,2.0,0.0,0.0,0.6,287.7208571428572,-5861.830000000001,-51.0,0.0,0.0,LOW
2026-06-13 06:00:00+00:00,Zone_B,1.97,0.76,3.0,0.0,0.0,0.6,364.305652173913,-5862.29,-52.0,0.0,-4998.03,LOW
2026-06-13 07:00:00+00:00,Zone_B,1.9,1.0,0.0,0.0,0.0,0.6,364.3047826086957,-5866.650000000001,-53.0,0.0,-0.07,LOW
2026-06-13 08:00:00+00:00,Zone_B,1.8,0.47,2.0,0.0,0.0,0.6,369.6316176470588,-5866.92,-54.0,0.0,-0.0999999999999998,LOW
2026-06-13 09:00:00+00:00,Zone_B,1.83,1.23,1.0,0.0,0.0,0.6,369.6273529411765,-5869.34,-55.0,0.0,0.03,LOW
2026-06-13 10:00:00+00:00,Zone_B,1.67,3.05,4.0,0.0,0.0,0.6,369.6223529411765,-5868.02,-51.0,0.0,-0.1600000000000001,LOW
2026-06-13 11:00:00+00:00,Zone_B,1.68,1.19,3.0,0.0,0.0,0.6,369.6183823529412,-5868.54,-48.0,0.0,0.01,LOW
2026-06-13 13:00:00+00:00,Zone_B,1.91,0.81,4.0,0.0,0.0,0.6,369.6080882352941,-5874.15,-45.0,0.0,0.0399999999999998,LOW
2026-06-13 14:00:00+00:00,Zone_B,1.68,1.12,0.0,0.0,0.0,0.6,369.59823529411767,-5874.299999999999,-47.0,0.0,-0.2299999999999999,LOW
2026-06-13 15:00:00+00:00,Zone_B,1.72,0.34,4.0,0.0,0.0,0.6,369.5835294117647,-5883.56,7.0,0.0,0.04,LOW
2026-06-13 16:00:00+00:00,Zone_B,1.73,0.42,3.0,0.0,0.0,0.6,369.5711764705882,-5885.14,3.0,0.0,0.01,LOW
2026-06-13 17:00:00+00:00,Zone_B,1.72,0.95,5.0,0.0,0.0,0.6,369.5573529411765,-5886.29,5.0,0.0,-0.01,LOW
2026-06-13 20:00:00+00:00,Zone_B,2.29,0.0,2.0,1.0,0.0,0.6,509.0672463768116,-5873.44,8.0,1.0,-4997.71,LOW
2026-06-13 21:00:00+00:00,Zone_B,2.33,1.02,0.0,1.0,0.0,0.6,501.82328571428576,-5872.72,6.0,1.0,0.04,LOW
2026-06-13 22:00:00+00:00,Zone_B,2.33,2.12,0.0,0.0,0.0,0.6,501.8211428571428,-5872.2,4.0,0.0,0.0,LOW
2026-06-13 23:00:00+00:00,Zone_B,2.32,1.03,3.0,0.0,0.0,0.6,501.8205714285714,-5872.19,2.0,0.0,-0.0100000000000002,LOW
2026-06-14 00:00:00+00:00,Zone_B,2.36,1.98,2.0,0.0,0.0,0.6,501.82228571428567,-5873.070000000001,54.0,0.0,0.04,LOW
2026-06-14 01:00:00+00:00,Zone_B,2.22,1.61,2.0,1.0,0.0,0.6,501.82142857142856,-4872.46,54.0,1.0,-0.1399999999999996,LOW
2026-06-14 02:00:00+00:00,Zone_B,2.28,0.52,2.0,0.0,0.0,0.6,494.7856338028169,-4872.4800000000005,54.0,0.0,0.0599999999999996,LOW
2026-06-14 03:00:00+00:00,Zone_B,2.42,3.18,2.0,1.0,0.0,0.6,494.78661971830985,-4872.21,54.0,1.0,0.1400000000000001,LOW
2026-06-14 06:00:00+00:00,Zone_B,2.43,6.61,1.0,1.0,0.0,0.6,430.4272857142857,-4872.94,57.0,1.0,0.1899999999999999,LOW
2026-06-14 07:00:00+00:00,Zone_B,2.7,9.0,3.0,0.0,1.0,0.2727272727272727,430.4325714285714,-4864.78,60.0,1.0,0.27,LOW
2026-06-14 08:00:00+00:00,Zone_B,2.5,0.21,0.0,0.0,0.0,0.6,430.43557142857145,-4864.59,58.0,0.0,-0.2000000000000001,LOW
2026-06-14 12:00:00+00:00,Zone_B,2.23,1.79,0.0,0.0,0.0,0.6,369.5338235294118,-2866.25,53.0,0.0,-0.0100000000000002,LOW
2026-06-14 13:00:00+00:00,Zone_B,2.01,0.1,0.0,0.0,0.0,0.6,291.77594202898547,-2872.88,49.0,0.0,-0.2200000000000002,LOW
2026-06-14 14:00:00+00:00,Zone_B,2.1,2.66,3.0,0.0,0.0,0.6,291.77000000000004,-1871.22,52.0,0.0,0.0900000000000003,LOW
2026-06-14 15:00:00+00:00,Zone_B,1.96,0.91,0.0,0.0,0.0,0.6,291.7633333333334,-1870.56,48.0,0.0,-0.1400000000000001,LOW
2026-06-14 17:00:00+00:00,Zone_B,1.96,4.02,1.0,0.0,0.0,0.6,287.61428571428576,-1871.18,44.0,0.0,0.0,LOW
2026-06-14 18:00:00+00:00,Zone_B,1.98,4.88,1.0,0.0,0.0,0.6,287.6104285714286,-867.3,40.0,0.0,0.02,LOW
2026-06-14 19:00:00+00:00,Zone_B,2.01,5.03,0.0,0.0,0.0,0.6,287.60742857142856,-862.87,40.0,0.0,0.0299999999999998,LOW
2026-06-14 20:00:00+00:00,Zone_B,2.02,0.0,1.0,0.0,0.0,0.6,287.6087142857143,-863.61,37.0,0.0,0.0100000000000002,LOW
2026-06-14 21:00:00+00:00,Zone_B,1.93,0.25,2.0,1.0,0.0,0.6,287.6084285714286,-865.36,39.0,1.0,-0.09,LOW
2026-06-15 00:00:00+00:00,Zone_B,1.83,0.2,2.0,0.0,0.0,0.6,283.58661971830986,-858.1700000000001,44.0,0.0,-0.0999999999999998,LOW
2026-06-15 02:00:00+00:00,Zone_B,1.91,1.04,0.0,0.0,0.0,0.6,283.58929577464795,-857.64,41.0,0.0,0.0599999999999998,LOW
2026-06-15 03:00:00+00:00,Zone_B,1.81,0.2,3.0,0.0,0.0,0.6,283.5929577464789,-858.7,42.0,0.0,-0.0999999999999998,LOW
2026-06-15 04:00:00+00:00,Zone_B,1.86,4.13,2.0,0.0,0.0,0.6,283.5929577464789,-857.0400000000001,42.0,0.0,0.05,LOW
2026-06-15 05:00:00+00:00,Zone_B,2.13,7.03,2.0,0.0,0.0,0.6,279.68375,-850.49,38.0,0.0,0.2699999999999998,LOW
2026-06-15 06:00:00+00:00,Zone_B,2.14,1.32,2.0,0.0,0.0,0.6,279.69041666666664,-852.2900000000001,39.0,0.0,0.0100000000000002,LOW
2026-06-15 11:00:00+00:00,Zone_B,2.15,1.19,3.0,0.0,0.0,0.6,279.7002777777777,-858.86,40.0,0.0,-4997.85,LOW
2026-06-15 12:00:00+00:00,Zone_B,2.16,3.34,3.0,1.0,0.0,0.6,279.7008333333333,-856.3499999999999,43.0,1.0,0.0100000000000002,LOW
2026-06-15 13:00:00+00:00,Zone_B,1.89,0.33,6.0,0.0,0.0,0.6,279.6966666666667,-856.12,49.0,0.0,-0.2700000000000002,LOW
2026-06-15 14:00:00+00:00,Zone_B,1.95,0.25,0.0,0.0,0.0,0.6,283.60352112676054,-858.65,-4.0,0.0,0.06,LOW
2026-06-15 15:00:00+00:00,Zone_B,1.67,0.11,2.0,0.0,0.0,0.6,283.59929577464794,-859.91,-2.0,0.0,-0.28,LOW
2026-06-15 16:00:00+00:00,Zone_B,1.73,1.06,1.0,0.0,0.0,0.6,283.59619718309864,-858.8499999999999,-4.0,0.0,0.06,LOW
2026-06-15 17:00:00+00:00,Zone_B,1.77,0.0,2.0,0.0,0.0,0.6,279.67972222222227,-1856.89,-2.0,0.0,0.04,LOW
2026-06-15 19:00:00+00:00,Zone_B,1.66,0.24,1.0,0.0,0.0,0.6,279.6801388888889,-1855.67,0.0,0.0,-0.2199999999999999,LOW
2026-06-15 20:00:00+00:00,Zone_B,1.55,1.07,1.0,0.0,0.0,0.6,279.6769444444445,-1856.99,0.0,0.0,-0.1099999999999998,LOW
2026-06-16 00:00:00+00:00,Zone_B,1.56,3.34,0.0,0.0,0.0,0.6,275.84068493150687,-1853.49,-7.0,0.0,0.1200000000000001,LOW
2026-06-16 03:00:00+00:00,Zone_B,1.67,0.3,1.0,0.0,0.0,0.6,344.2987671232877,-1855.29,-9.0,0.0,-0.1800000000000001,LOW
2026-06-16 04:00:00+00:00,Zone_B,1.66,0.48,0.0,0.0,1.0,0.6,344.2928767123288,-1856.46,-61.0,1.0,-0.01,LOW
2026-06-16 05:00:00+00:00,Zone_B,1.69,2.44,0.0,0.0,0.0,0.6,275.8228767123288,-1854.02,-63.0,0.0,0.03,LOW
2026-06-16 06:00:00+00:00,Zone_B,1.61,0.89,3.0,0.0,0.0,0.6,275.8179452054795,-1853.89,-62.0,0.0,-0.0799999999999998,LOW
2026-06-16 07:00:00+00:00,Zone_B,1.71,3.8,2.0,0.0,0.0,0.6,275.8153424657534,-1851.09,-62.0,0.0,0.0999999999999998,LOW
2026-06-16 08:00:00+00:00,Zone_B,1.68,1.79,1.0,0.0,0.0,0.6,275.813698630137,-1849.77,-63.0,0.0,-0.03,LOW
2026-06-16 09:00:00+00:00,Zone_B,1.94,5.29,3.0,0.0,0.0,0.6,275.81520547945206,-1845.71,-62.0,0.0,0.26,LOW
2026-06-16 10:00:00+00:00,Zone_B,2.01,3.22,4.0,0.0,0.0,0.6,272.1187837837838,-1840.25,-55.0,0.0,0.0699999999999998,LOW
2026-06-16 11:00:00+00:00,Zone_B,1.81,0.63,2.0,0.0,0.0,0.6,272.12054054054056,-1840.81,-56.0,0.0,-0.1999999999999997,LOW
2026-06-16 12:00:00+00:00,Zone_B,1.77,0.73,0.0,0.0,0.0,0.6,272.1191891891892,-1843.4,-109.0,0.0,-0.04,LOW
2026-06-16 13:00:00+00:00,Zone_B,1.68,0.22,0.0,0.0,0.0,0.6,272.1160810810811,-1843.99,-115.0,0.0,-0.09,LOW
2026-06-16 19:00:00+00:00,Zone_B,1.94,1.36,4.0,0.0,0.0,0.6,140.80083333333334,-860.52,-66.0,0.0,-0.0699999999999998,LOW
2026-06-16 20:00:00+00:00,Zone_B,2.01,0.26,3.0,1.0,0.0,0.6,142.74774647887324,-860.26,-64.0,1.0,0.0699999999999998,LOW
2026-06-16 23:00:00+00:00,Zone_B,2.06,1.11,3.0,0.0,0.0,0.6,142.73507042253522,-1861.64,-64.0,0.0,-0.0099999999999997,LOW
2026-06-17 00:00:00+00:00,Zone_B,2.03,1.14,1.0,2.0,0.0,0.6,142.7304225352113,-1862.48,-63.0,2.0,-0.0300000000000002,LOW
2026-06-17 01:00:00+00:00,Zone_B,2.11,1.7,3.0,0.0,0.0,0.6,142.72887323943664,-1862.39,-61.0,0.0,0.08,LOW
2026-06-17 09:00:00+00:00,Zone_B,1.64,0.52,0.0,0.0,0.0,0.6,146.7621739130435,-1875.7,-57.0,0.0,0.01,LOW
2026-06-17 10:00:00+00:00,Zone_B,1.57,0.3,0.0,0.0,0.0,0.6,144.68800000000002,-1875.7,-61.0,0.0,-0.0699999999999998,LOW
2026-06-17 13:00:00+00:00,Zone_B,1.57,1.45,0.0,0.0,0.0,0.6,146.72304347826088,-1878.78,-8.0,0.0,0.1900000000000001,LOW
2026-06-17 16:00:00+00:00,Zone_B,1.76,0.27,2.0,0.0,0.0,0.6,148.8464705882353,-1876.54,1.0,0.0,-0.1699999999999999,LOW
2026-06-17 17:00:00+00:00,Zone_B,1.81,0.95,2.0,0.0,0.0,0.6,148.84426470588238,-1879.61,2.0,0.0,0.05,LOW
2026-06-17 18:00:00+00:00,Zone_B,1.75,0.87,2.0,0.0,0.0,0.6,148.8408823529412,-1883.62,3.0,0.0,-0.06,LOW
2026-06-17 19:00:00+00:00,Zone_B,1.72,0.72,2.0,0.0,0.0,0.6,148.83661764705883,-1887.93,1.0,0.0,-0.03,LOW
2026-06-17 22:00:00+00:00,Zone_B,1.67,1.82,0.0,0.0,0.0,0.6,151.01910447761196,-1888.05,-53.0,0.0,0.0699999999999998,LOW
2026-06-17 23:00:00+00:00,Zone_B,1.74,2.97,2.0,0.0,0.0,0.6,153.27515151515155,-1892.16,-54.0,0.0,0.07,LOW
2026-06-18 00:00:00+00:00,Zone_B,1.71,0.88,1.0,0.0,0.0,0.6,153.27333333333334,-1891.48,-54.0,0.0,-0.03,LOW
2026-06-18 01:00:00+00:00,Zone_B,1.89,0.0,3.0,0.0,0.0,0.6,151.01179104477615,-1893.5,-53.0,0.0,0.1799999999999999,LOW
2026-06-18 08:00:00+00:00,Zone_B,2.05,0.0,0.0,0.0,0.0,0.6,374.8005970149254,-2899.8,-57.0,0.0,-4997.95,LOW
2026-06-18 09:00:00+00:00,Zone_B,2.0,0.52,2.0,0.0,0.0,0.6,374.7961194029851,-2900.95,-5.0,0.0,-0.0499999999999998,LOW
2026-06-18 11:00:00+00:00,Zone_B,2.03,3.48,2.0,0.0,0.0,0.6,374.794328358209,-2899.81,-5.0,0.0,-4997.97,LOW
2026-06-18 12:00:00+00:00,Zone_B,1.83,0.65,0.0,0.0,0.0,0.6,374.7894029850747,-2902.5,-7.0,0.0,-0.1999999999999997,LOW
2026-06-18 13:00:00+00:00,Zone_B,1.77,2.38,2.0,0.0,0.0,0.6,374.78761194029846,-2900.45,-5.0,0.0,-0.06,LOW
2026-06-18 14:00:00+00:00,Zone_B,1.79,1.1,5.0,0.0,0.0,0.6,374.785223880597,-2899.6,-6.0,0.0,0.02,LOW
2026-06-18 15:00:00+00:00,Zone_B,1.98,1.08,0.0,0.0,0.0,0.6,374.7898507462687,-2898.63,-9.0,0.0,0.1899999999999999,LOW
2026-06-18 17:00:00+00:00,Zone_B,1.74,2.41,1.0,0.0,0.0,0.6,380.4442424242424,-1899.26,-11.0,0.0,-0.1499999999999999,LOW
2026-06-18 18:00:00+00:00,Zone_B,1.78,2.35,3.0,0.0,0.0,0.6,380.4427272727272,-1897.97,-10.0,0.0,0.04,LOW
2026-06-18 19:00:00+00:00,Zone_B,1.64,0.15,0.0,0.0,0.0,0.6,374.79074626865673,-1895.71,-9.0,0.0,-0.1400000000000001,LOW
2026-06-18 20:00:00+00:00,Zone_B,1.72,0.88,2.0,0.0,0.0,0.6,374.7932835820896,-1895.9,-7.0,0.0,0.08,LOW
2026-06-18 23:00:00+00:00,Zone_B,1.76,0.0,0.0,0.0,0.0,0.6,380.4665151515152,-1897.83,44.0,0.0,-0.01,LOW
2026-06-19 00:00:00+00:00,Zone_B,1.9,4.7,1.0,0.0,0.0,0.6,380.4716666666666,-1896.47,43.0,0.0,0.1399999999999999,LOW
2026-06-19 01:00:00+00:00,Zone_B,2.0,5.78,3.0,0.0,0.0,0.6,304.7443939393939,-1895.92,43.0,0.0,0.1,LOW
2026-06-19 03:00:00+00:00,Zone_B,1.99,0.0,2.0,0.0,0.0,0.6,300.2302985074627,-1890.45,47.0,0.0,0.1599999999999999,LOW
2026-06-19 05:00:00+00:00,Zone_B,2.13,0.04,2.0,0.0,1.0,0.6,442.8560294117647,-1893.33,46.0,1.0,-4997.87,LOW
2026-06-19 06:00:00+00:00,Zone_B,2.19,0.92,1.0,0.0,0.0,0.6,442.8645588235294,-1893.3,47.0,0.0,0.06,LOW
2026-06-19 07:00:00+00:00,Zone_B,2.14,1.93,1.0,1.0,0.0,0.6,442.8708823529412,-1895.17,44.0,1.0,-0.0499999999999998,LOW
2026-06-19 08:00:00+00:00,Zone_B,1.82,1.48,3.0,0.0,0.0,0.6,442.8729411764706,-1895.48,47.0,0.0,-0.32,LOW
2026-06-19 09:00:00+00:00,Zone_B,1.75,1.67,1.0,0.0,0.0,0.6,449.45119402985074,-1904.39,46.0,0.0,-0.07,LOW
2026-06-19 10:00:00+00:00,Zone_B,1.8,0.0,0.0,1.0,0.0,0.6,449.4480597014925,-2906.61,45.0,1.0,0.05,LOW
2026-06-19 11:00:00+00:00,Zone_B,1.88,2.42,2.0,0.0,0.0,0.6,449.449104477612,-2904.82,45.0,0.0,0.0799999999999998,LOW
2026-06-19 12:00:00+00:00,Zone_B,2.11,0.0,1.0,0.0,0.0,0.6,449.4541791044776,-3904.55,46.0,0.0,0.2299999999999999,LOW
2026-06-19 17:00:00+00:00,Zone_B,2.13,0.25,4.0,0.0,0.0,0.6,456.25060606060606,-3892.82,50.0,0.0,-0.02,LOW
2026-06-19 18:00:00+00:00,Zone_B,2.15,0.77,2.0,0.0,0.0,0.6,456.25272727272727,-3893.15,46.0,0.0,0.02,LOW
2026-06-19 19:00:00+00:00,Zone_B,2.33,4.16,2.0,0.0,0.0,0.6,456.2586363636364,-3890.35,48.0,0.0,0.1800000000000001,LOW
2026-06-19 20:00:00+00:00,Zone_B,2.25,1.67,1.0,0.0,1.0,0.6,456.2622727272727,-3888.94,47.0,1.0,-0.08,LOW
2026-06-19 21:00:00+00:00,Zone_B,2.15,0.32,3.0,0.0,0.0,0.6,456.2653030303031,-3889.3,48.0,0.0,-0.1,LOW
2026-06-19 22:00:00+00:00,Zone_B,2.38,0.34,1.0,2.0,0.0,0.6,456.27,-2889.96,47.0,2.0,0.2299999999999999,LOW
2026-06-19 23:00:00+00:00,Zone_B,2.39,3.16,3.0,1.0,0.0,0.6,456.275,-2887.91,50.0,1.0,0.0100000000000002,LOW
2026-06-20 00:00:00+00:00,Zone_B,2.32,0.7,0.0,0.0,0.0,0.6,456.279393939394,-2888.35,49.0,0.0,-0.0700000000000002,LOW
2026-06-20 01:00:00+00:00,Zone_B,2.26,1.18,1.0,0.0,0.0,0.6,456.2816666666667,-2888.8700000000003,44.0,0.0,-0.06,LOW
2026-06-20 02:00:00+00:00,Zone_B,2.44,0.79,0.0,1.0,0.0,0.6,449.5079104477612,-2890.06,39.0,1.0,0.1800000000000001,LOW
2026-06-20 03:00:00+00:00,Zone_B,2.43,2.78,0.0,0.0,0.0,0.6,449.51432835820896,-2888.13,37.0,0.0,-0.0099999999999997,LOW
2026-06-20 04:00:00+00:00,Zone_B,2.51,0.0,1.0,0.0,0.0,0.2727272727272727,442.9407352941176,-2890.09,38.0,0.0,0.0799999999999996,LOW
2026-06-20 06:00:00+00:00,Zone_B,2.35,3.51,1.0,0.0,0.0,0.6,508.98811594202897,-2888.98,38.0,0.0,-4997.65,LOW
2026-06-20 10:00:00+00:00,Zone_B,2.17,0.0,2.0,0.0,0.0,0.6,573.1711428571429,-2884.27,41.0,0.0,0.0,LOW
2026-06-20 11:00:00+00:00,Zone_B,2.01,0.84,2.0,1.0,0.0,0.6,573.1785714285714,-2884.2,41.0,1.0,-0.1600000000000001,LOW
2026-06-20 12:00:00+00:00,Zone_B,2.0,2.72,4.0,0.0,0.0,0.6,573.1874285714287,-2881.48,44.0,0.0,-0.0099999999999997,LOW
2026-06-20 13:00:00+00:00,Zone_B,1.86,0.25,0.0,0.0,0.0,0.6,565.1466197183099,-2879.96,45.0,0.0,-0.1399999999999999,LOW
2026-06-20 15:00:00+00:00,Zone_B,1.66,0.65,1.0,0.0,0.0,0.6,549.7091780821918,-2884.7000000000003,41.0,0.0,-0.1100000000000001,LOW
2026-06-20 16:00:00+00:00,Zone_B,1.95,4.7,5.0,0.0,0.0,0.6,549.7117808219178,-2880.27,46.0,0.0,0.29,LOW
2026-06-20 17:00:00+00:00,Zone_B,1.98,4.24,0.0,0.0,0.0,0.6,549.7141095890412,-2876.98,42.0,0.0,0.03,LOW
2026-06-20 18:00:00+00:00,Zone_B,1.92,4.0,2.0,0.0,0.0,0.6,549.7164383561644,-2873.85,42.0,0.0,-0.06,LOW
2026-06-20 19:00:00+00:00,Zone_B,2.06,4.23,2.0,0.0,0.0,0.6,549.721095890411,-2870.34,42.0,0.0,0.1400000000000001,LOW
2026-06-20 20:00:00+00:00,Zone_B,2.16,0.75,3.0,1.0,0.0,0.6,542.3216216216217,-2869.87,44.0,1.0,0.1,LOW
2026-06-20 21:00:00+00:00,Zone_B,2.3,1.08,1.0,0.0,0.0,0.6,542.331081081081,-2869.35,42.0,0.0,0.1399999999999996,LOW
2026-06-21 00:00:00+00:00,Zone_B,2.42,4.74,0.0,0.0,1.0,0.6,557.36625,-2867.5,41.0,1.0,0.1400000000000001,LOW
2026-06-21 01:00:00+00:00,Zone_B,2.44,4.2,4.0,0.0,0.0,0.6,557.3738888888888,-2863.3,44.0,0.0,0.02,LOW
2026-06-21 02:00:00+00:00,Zone_B,2.54,0.79,0.0,1.0,0.0,0.2727272727272727,557.3831944444444,-2862.51,44.0,1.0,0.1,LOW
2026-06-21 03:00:00+00:00,Zone_B,2.5,2.46,2.0,0.0,0.0,0.6,487.9734722222222,-2862.28,46.0,0.0,-0.04,LOW
2026-06-21 04:00:00+00:00,Zone_B,2.72,0.0,0.0,0.0,0.0,0.2727272727272727,481.3261643835616,-2864.0800000000004,45.0,0.0,0.2200000000000002,LOW
2026-06-21 12:00:00+00:00,Zone_B,2.16,4.7,2.0,0.0,1.0,0.6,418.58402777777775,-2865.24,36.0,1.0,-4997.84,LOW
2026-06-21 13:00:00+00:00,Zone_B,2.25,5.48,4.0,1.0,0.0,0.6,418.59069444444447,-2862.14,40.0,1.0,0.0899999999999998,LOW
2026-06-21 14:00:00+00:00,Zone_B,1.94,0.45,3.0,0.0,0.0,0.6,418.59277777777777,-2862.79,42.0,0.0,-0.31,LOW
2026-06-21 15:00:00+00:00,Zone_B,2.23,4.37,7.0,0.0,0.0,0.6,418.59625,-2859.4999999999995,48.0,0.0,0.29,LOW
2026-06-21 16:00:00+00:00,Zone_B,2.37,1.38,1.0,0.0,0.0,0.6,412.8991780821917,-2853.83,51.0,0.0,0.1400000000000001,LOW
2026-06-21 17:00:00+00:00,Zone_B,2.37,3.63,2.0,1.0,0.0,0.6,412.9078082191781,-2852.61,53.0,1.0,0.0,LOW
2026-06-21 18:00:00+00:00,Zone_B,2.39,0.71,3.0,1.0,0.0,0.6,418.62638888888887,-2856.6,54.0,1.0,0.02,LOW
2026-06-21 19:00:00+00:00,Zone_B,2.3,3.04,5.0,1.0,0.0,0.6,418.6355555555555,-2853.71,57.0,1.0,-0.0900000000000003,LOW
2026-06-21 20:00:00+00:00,Zone_B,2.13,0.5,2.0,0.0,1.0,0.6,418.64125,-2854.09,56.0,1.0,-0.1699999999999999,LOW
2026-06-21 21:00:00+00:00,Zone_B,2.18,0.0,2.0,0.0,0.0,0.6,412.936301369863,-2854.74,57.0,0.0,0.0500000000000002,LOW
2026-06-21 23:00:00+00:00,Zone_B,2.2,3.44,0.0,0.0,0.0,0.6,481.4112328767123,-2851.45,55.0,0.0,-4997.8,LOW
2026-06-22 00:00:00+00:00,Zone_B,2.19,0.17,2.0,0.0,0.0,0.6,481.415205479452,-2855.98,57.0,0.0,-0.0100000000000002,LOW
2026-06-22 01:00:00+00:00,Zone_B,2.3,0.73,2.0,0.0,0.0,0.6,488.0779166666667,-2866.81,55.0,0.0,0.1099999999999998,LOW
2026-06-22 02:00:00+00:00,Zone_B,2.2,1.48,3.0,0.0,0.0,0.6,488.0830555555556,-2865.55,58.0,0.0,-0.0999999999999996,LOW
2026-06-22 03:00:00+00:00,Zone_B,2.12,0.0,4.0,1.0,0.0,0.6,488.0848611111112,-2865.55,60.0,1.0,-0.08,LOW
2026-06-22 04:00:00+00:00,Zone_B,1.9,0.03,2.0,0.0,0.0,0.6,354.14098591549293,-2865.52,62.0,0.0,-0.2200000000000002,LOW
2026-06-22 05:00:00+00:00,Zone_B,2.05,1.42,1.0,1.0,0.0,0.6,354.1398591549296,-2864.14,62.0,1.0,0.1499999999999999,LOW
2026-06-22 06:00:00+00:00,Zone_B,2.11,0.49,1.0,0.0,0.0,0.6,349.2486111111111,-2863.15,64.0,0.0,0.06,LOW
2026-06-22 09:00:00+00:00,Zone_B,2.31,1.92,0.0,0.0,0.0,0.6,349.2625,-2857.37,63.0,0.0,0.1099999999999998,LOW
2026-06-22 10:00:00+00:00,Zone_B,2.22,0.31,2.0,0.0,0.0,0.6,349.2683333333333,-1858.06,63.0,0.0,-0.0899999999999998,LOW
2026-06-22 11:00:00+00:00,Zone_B,2.15,0.23,0.0,0.0,0.0,0.6,344.5179452054794,-1859.94,15.0,0.0,-0.0700000000000002,LOW
2026-06-22 12:00:00+00:00,Zone_B,2.24,4.64,1.0,0.0,0.0,0.6,344.51972602739727,-856.3,14.0,0.0,0.0900000000000003,LOW
2026-06-22 15:00:00+00:00,Zone_B,2.13,0.29,2.0,1.0,0.0,0.6,407.4293243243243,-867.36,-53.0,1.0,-4997.87,LOW
2026-06-22 17:00:00+00:00,Zone_B,2.08,0.51,1.0,1.0,0.0,0.6,407.42743243243245,-867.61,-53.0,1.0,0.02,LOW
2026-06-22 18:00:00+00:00,Zone_B,1.9,1.2,4.0,2.0,0.0,0.6,407.424054054054,-867.1800000000001,-52.0,2.0,-0.1800000000000001,LOW
2026-06-22 19:00:00+00:00,Zone_B,2.21,0.0,2.0,0.0,0.0,0.6,407.4224324324324,-871.34,-55.0,0.0,0.31,LOW
2026-06-22 20:00:00+00:00,Zone_B,2.12,1.9,4.0,0.0,0.0,0.6,407.4206756756757,-871.1099999999999,-53.0,0.0,-0.0899999999999998,LOW
2026-06-22 21:00:00+00:00,Zone_B,2.01,0.61,2.0,1.0,0.0,0.6,407.4187837837837,-870.8199999999999,-53.0,1.0,-0.1100000000000003,LOW
2026-06-22 22:00:00+00:00,Zone_B,2.05,5.38,2.0,0.0,0.0,0.6,407.4143243243243,-865.78,-52.0,0.0,0.04,LOW
2026-06-22 23:00:00+00:00,Zone_B,1.83,1.58,4.0,0.0,0.0,0.6,407.4067567567568,-867.36,-48.0,0.0,-0.2199999999999997,LOW
2026-06-23 01:00:00+00:00,Zone_B,1.78,0.0,0.0,0.0,0.0,0.6,407.39229729729726,-1867.47,-51.0,0.0,0.05,LOW
2026-06-23 02:00:00+00:00,Zone_B,1.65,0.97,1.0,0.0,0.0,0.6,407.3816216216216,-1867.29,-53.0,0.0,-0.1300000000000001,LOW
2026-06-23 03:00:00+00:00,Zone_B,1.9,0.0,1.0,0.0,0.0,0.6,407.3744594594595,-1870.07,-56.0,0.0,0.25,LOW
2026-06-23 04:00:00+00:00,Zone_B,1.9,0.0,1.0,0.0,0.0,0.6,407.3662162162162,-1870.07,-57.0,0.0,0.0,LOW
2026-06-23 05:00:00+00:00,Zone_B,1.97,0.0,2.0,0.0,0.0,0.6,339.82527027027027,-2869.07,-57.0,0.0,0.07,LOW
2026-06-23 06:00:00+00:00,Zone_B,1.93,0.0,0.0,0.0,0.0,0.6,339.8195945945946,-3871.58,-58.0,0.0,-0.04,LOW
2026-06-23 07:00:00+00:00,Zone_B,2.07,2.74,3.0,0.0,0.0,0.6,339.81648648648644,-3870.9,-57.0,0.0,0.1399999999999999,LOW
2026-06-23 08:00:00+00:00,Zone_B,1.9,0.0,0.0,0.0,0.0,0.6,272.27459459459453,-3871.02,-111.0,0.0,-0.1699999999999999,LOW
2026-06-23 09:00:00+00:00,Zone_B,2.01,0.27,1.0,0.0,0.0,0.6,272.2724324324324,-3874.44,-110.0,0.0,0.1099999999999998,LOW
2026-06-23 10:00:00+00:00,Zone_B,1.98,3.5,5.0,0.0,0.0,0.6,272.26986486486487,-3870.94,-109.0,0.0,-0.0299999999999998,LOW
2026-06-23 11:00:00+00:00,Zone_B,2.0,3.47,2.0,0.0,0.0,0.6,272.2697297297297,-3868.31,-57.0,0.0,0.02,LOW
2026-06-23 12:00:00+00:00,Zone_B,2.03,0.0,0.0,0.0,0.0,0.6,275.9724657534246,-3873.75,-58.0,0.0,0.0299999999999998,LOW
2026-06-23 13:00:00+00:00,Zone_B,1.89,0.76,1.0,0.0,0.0,0.6,279.78,-3873.49,-59.0,0.0,-0.1399999999999999,LOW
2026-06-23 14:00:00+00:00,Zone_B,1.85,0.48,1.0,1.0,0.0,0.6,279.7811111111112,-3873.01,-8.0,1.0,-0.0399999999999998,LOW
2026-06-23 17:00:00+00:00,Zone_B,1.74,3.45,4.0,1.0,0.0,0.6,279.77777777777777,-3873.67,-8.0,1.0,-0.02,LOW
2026-06-23 18:00:00+00:00,Zone_B,1.9,0.0,0.0,0.0,0.0,0.6,279.7775,-4876.67,-62.0,0.0,0.1599999999999999,LOW
2026-06-23 20:00:00+00:00,Zone_B,1.96,0.0,2.0,0.0,0.0,0.6,279.7730555555555,-4881.070000000001,-65.0,0.0,0.02,LOW
2026-06-23 21:00:00+00:00,Zone_B,1.86,0.0,0.0,0.0,0.0,0.6,279.7669444444444,-5881.150000000001,-67.0,0.0,-0.0999999999999998,LOW
2026-06-24 00:00:00+00:00,Zone_B,2.39,2.12,1.0,2.0,0.0,0.6,344.42150684931505,-6876.61,-67.0,2.0,-4997.61,LOW
2026-06-24 02:00:00+00:00,Zone_B,2.56,4.45,3.0,0.0,0.0,0.2727272727272727,344.41972602739725,-6877.15,-62.0,0.0,0.27,LOW
2026-06-24 03:00:00+00:00,Zone_B,2.57,1.73,0.0,0.0,0.0,0.2727272727272727,344.42068493150686,-6877.88,-63.0,0.0,0.0099999999999997,LOW
2026-06-24 04:00:00+00:00,Zone_B,2.59,3.9,2.0,2.0,0.0,0.2727272727272727,344.41890410958905,-6873.98,-62.0,2.0,0.02,LOW
2026-06-24 05:00:00+00:00,Zone_B,2.38,2.32,2.0,1.0,0.0,0.6,339.7967567567568,-5872.66,-62.0,1.0,-0.2099999999999999,LOW
2026-06-24 07:00:00+00:00,Zone_B,2.14,1.31,1.0,0.0,1.0,0.6,401.92893333333336,-5870.1900000000005,-62.0,1.0,-4997.86,LOW
2026-06-24 08:00:00+00:00,Zone_B,2.16,0.57,5.0,0.0,0.0,0.6,335.29106666666667,-5872.77,-7.0,0.0,0.02,LOW
2026-06-24 09:00:00+00:00,Zone_B,2.12,0.87,1.0,1.0,0.0,0.6,339.789054054054,-5871.9,-7.0,1.0,-0.04,LOW
2026-06-24 12:00:00+00:00,Zone_B,2.39,2.53,5.0,0.0,0.0,0.6,275.95506849315063,-5873.9,-5.0,0.0,0.1600000000000001,LOW
2026-06-24 15:00:00+00:00,Zone_B,2.51,0.84,2.0,0.0,0.0,0.2727272727272727,283.67591549295776,-5886.929999999999,-5.0,0.0,0.0999999999999996,LOW
2026-06-24 16:00:00+00:00,Zone_B,2.14,0.05,0.0,0.0,0.0,0.6,283.67267605633805,-5888.26,-5.0,0.0,-0.3699999999999996,LOW
2026-06-24 18:00:00+00:00,Zone_B,2.58,9.01,1.0,0.0,0.0,0.2727272727272727,283.67295774647886,-5880.9,44.0,0.0,0.3799999999999999,LOW
2026-06-24 19:00:00+00:00,Zone_B,2.92,7.83,0.0,0.0,1.0,0.2727272727272727,283.6816901408451,-5876.11,43.0,1.0,0.3399999999999998,LOW
2026-06-24 21:00:00+00:00,Zone_B,2.71,2.04,0.0,0.0,0.0,0.2727272727272727,272.3097297297297,-5861.05,3.0,0.0,-0.0699999999999998,LOW
2026-06-24 22:00:00+00:00,Zone_B,2.81,0.59,2.0,0.0,0.0,0.2727272727272727,204.78013513513517,-5862.150000000001,1.0,0.0,0.1,LOW
2026-06-24 23:00:00+00:00,Zone_B,2.78,3.41,4.0,0.0,0.0,0.2727272727272727,204.78797297297297,-5862.18,3.0,0.0,-0.0300000000000002,LOW
2026-06-25 00:00:00+00:00,Zone_B,2.71,0.56,0.0,0.0,0.0,0.2727272727272727,204.795,-5861.79,2.0,0.0,-0.0699999999999998,LOW
2026-06-25 01:00:00+00:00,Zone_B,2.61,0.48,0.0,0.0,0.0,0.2727272727272727,204.7991891891892,-5862.04,-51.0,0.0,-0.1,LOW
2026-06-25 03:00:00+00:00,Zone_B,2.48,3.87,3.0,0.0,0.0,0.6,204.81094594594595,-5856.13,-51.0,0.0,-0.2299999999999999,LOW
2026-06-25 04:00:00+00:00,Zone_B,2.33,0.03,2.0,1.0,0.0,0.6,204.81675675675675,-5856.13,-51.0,1.0,-0.1499999999999999,LOW
2026-06-25 05:00:00+00:00,Zone_B,2.41,0.39,1.0,0.0,0.0,0.6,207.59931506849315,-5858.58,-52.0,0.0,0.08,LOW
2026-06-25 06:00:00+00:00,Zone_B,2.36,0.15,3.0,0.0,0.0,0.6,207.6027397260274,-5858.92,-51.0,0.0,-0.0500000000000002,LOW
2026-06-25 10:00:00+00:00,Zone_B,2.21,0.0,2.0,0.0,0.0,0.6,213.39028169014085,-6866.64,-104.0,0.0,-0.06,LOW
2026-06-25 11:00:00+00:00,Zone_B,2.08,0.25,2.0,0.0,0.0,0.6,213.3892957746479,-6866.62,-104.0,0.0,-0.1299999999999999,LOW
2026-06-25 12:00:00+00:00,Zone_B,2.2,1.36,0.0,0.0,0.0,0.6,213.38873239436617,-6869.900000000001,-109.0,0.0,0.1200000000000001,LOW
2026-06-25 13:00:00+00:00,Zone_B,2.15,0.88,0.0,0.0,0.0,0.6,210.45486111111111,-6869.02,-109.0,0.0,-0.0500000000000002,LOW
2026-06-25 14:00:00+00:00,Zone_B,2.33,6.11,0.0,0.0,0.0,0.6,141.0427777777778,-6863.38,-110.0,0.0,0.1800000000000001,LOW
2026-06-25 15:00:00+00:00,Zone_B,2.44,2.76,0.0,1.0,0.0,0.6,141.04708333333332,-6860.910000000001,-112.0,1.0,0.1099999999999998,LOW
2026-06-25 16:00:00+00:00,Zone_B,2.45,0.19,0.0,0.0,0.0,0.6,141.0525,-6861.21,-112.0,0.0,0.0100000000000002,LOW
2026-06-25 18:00:00+00:00,Zone_B,2.52,4.64,1.0,0.0,0.0,0.2727272727272727,139.16849315068495,-6853.96,-98.0,0.0,0.0299999999999998,LOW
2026-06-25 19:00:00+00:00,Zone_B,2.35,0.0,0.0,1.0,0.0,0.6,139.1704109589041,-7852.96,-98.0,1.0,-0.1699999999999999,LOW
2026-06-25 20:00:00+00:00,Zone_B,2.18,0.45,1.0,0.0,0.0,0.6,139.17123287671234,-7854.41,-109.0,0.0,-0.1699999999999999,LOW
2026-06-25 22:00:00+00:00,Zone_B,2.48,4.39,1.0,0.0,0.0,0.6,137.33270270270268,-7845.41,-54.0,0.0,0.1299999999999999,LOW
2026-06-26 02:00:00+00:00,Zone_B,2.71,1.46,4.0,0.0,0.0,0.2727272727272727,139.23041095890412,-6838.77,1.0,0.0,0.0499999999999998,LOW
2026-06-26 03:00:00+00:00,Zone_B,2.57,1.31,5.0,1.0,0.0,0.2727272727272727,139.23958904109588,-6837.46,3.0,1.0,-0.1400000000000001,LOW
2026-06-26 04:00:00+00:00,Zone_B,2.61,2.89,0.0,0.0,0.0,0.2727272727272727,137.4022972972973,-6833.26,-44.0,0.0,0.04,LOW
2026-06-26 05:00:00+00:00,Zone_B,2.67,1.62,2.0,0.0,0.0,0.2727272727272727,137.41175675675674,-5832.64,-43.0,0.0,0.06,LOW
2026-06-26 06:00:00+00:00,Zone_B,2.73,1.8,0.0,0.0,1.0,0.2727272727272727,137.42256756756757,-4831.84,-46.0,1.0,0.06,LOW
2026-06-26 07:00:00+00:00,Zone_B,2.74,0.6,4.0,2.0,1.0,0.2727272727272727,137.43162162162162,-4833.98,8.0,3.0,0.0100000000000002,LOW
2026-06-26 09:00:00+00:00,Zone_B,2.81,0.2,3.0,1.0,0.0,0.2727272727272727,137.45513513513515,-4833.6900000000005,12.0,1.0,-0.0299999999999998,LOW
2026-06-26 12:00:00+00:00,Zone_B,2.46,0.27,4.0,0.0,0.0,0.6,139.32739726027395,-4833.24,17.0,0.0,-0.31,LOW
2026-06-26 13:00:00+00:00,Zone_B,2.37,0.27,7.0,0.0,0.0,0.6,139.33397260273972,-4833.73,24.0,0.0,-0.0899999999999998,LOW
2026-06-26 16:00:00+00:00,Zone_B,2.32,2.11,4.0,0.0,0.0,0.6,141.2566666666667,-4834.77,-22.0,0.0,0.0799999999999996,LOW
2026-06-26 18:00:00+00:00,Zone_B,2.21,0.47,0.0,0.0,0.0,0.6,141.26777777777775,-3834.72,-37.0,0.0,-0.02,LOW
2026-06-26 19:00:00+00:00,Zone_B,2.13,0.0,3.0,0.0,0.0,0.6,141.27041666666668,-3835.3,-34.0,0.0,-0.08,LOW
2026-06-27 00:00:00+00:00,Zone_B,2.15,5.36,0.0,1.0,0.0,0.6,72.84281690140844,-1837.42,-84.0,1.0,0.1899999999999999,LOW
2026-06-27 01:00:00+00:00,Zone_B,2.17,1.64,1.0,0.0,0.0,0.6,72.84112676056337,-1835.78,-83.0,0.0,0.02,LOW
2026-06-27 02:00:00+00:00,Zone_B,2.03,2.74,0.0,0.0,0.0,0.6,72.83366197183098,-1837.49,-87.0,0.0,-0.1400000000000001,LOW
2026-06-27 03:00:00+00:00,Zone_B,2.06,3.5,0.0,0.0,0.0,0.6,72.82647887323942,-1835.72,-97.0,0.0,0.0300000000000002,LOW
2026-06-27 04:00:00+00:00,Zone_B,2.19,0.0,1.0,1.0,0.0,0.6,72.82084507042254,-1839.62,-46.0,1.0,0.1299999999999999,LOW
2026-06-27 05:00:00+00:00,Zone_B,2.36,3.94,1.0,0.0,0.0,0.6,72.8205633802817,-1838.0,-47.0,0.0,0.1699999999999999,LOW
2026-06-27 07:00:00+00:00,Zone_B,2.33,0.29,2.0,0.0,0.0,0.6,2.433943661971831,-1837.71,-48.0,0.0,-0.0299999999999998,LOW
2026-06-27 08:00:00+00:00,Zone_B,2.1,0.05,2.0,0.0,0.0,0.6,2.433098591549296,-1838.23,-51.0,0.0,-0.2299999999999999,LOW
2026-06-27 09:00:00+00:00,Zone_B,2.24,5.45,2.0,2.0,0.0,0.6,2.434788732394366,-1833.65,-52.0,2.0,0.1400000000000001,LOW
2026-06-27 10:00:00+00:00,Zone_B,2.34,1.8,4.0,0.0,0.0,0.6,2.4334722222222225,-1833.26,-49.0,0.0,0.0999999999999996,LOW
2026-06-27 11:00:00+00:00,Zone_B,2.53,3.62,0.0,1.0,0.0,0.2727272727272727,2.436301369863014,-1829.27,-49.0,1.0,0.1899999999999999,LOW
2026-06-27 13:00:00+00:00,Zone_B,2.62,0.38,1.0,1.0,0.0,0.2727272727272727,69.97405405405405,-1829.01,-58.0,1.0,-4997.38,LOW
2026-06-27 15:00:00+00:00,Zone_B,2.72,1.08,1.0,0.0,0.0,0.2727272727272727,137.51189189189188,-1824.71,-6.0,0.0,-4997.28,LOW
2026-06-27 16:00:00+00:00,Zone_B,2.59,0.0,5.0,0.0,0.0,0.2727272727272727,137.51797297297298,-1824.76,-5.0,0.0,-0.1300000000000003,LOW
2026-06-27 17:00:00+00:00,Zone_B,2.39,0.01,0.0,0.0,0.0,0.6,137.52054054054054,-1827.44,-57.0,0.0,-0.1999999999999997,LOW
2026-06-27 18:00:00+00:00,Zone_B,2.32,0.0,2.0,0.0,0.0,0.6,137.51702702702704,-2835.45,-55.0,0.0,-0.0700000000000002,LOW
2026-06-27 19:00:00+00:00,Zone_B,2.09,0.0,2.0,0.0,0.0,0.6,137.50581081081083,-2843.28,-56.0,0.0,-0.2299999999999999,LOW
2026-06-27 20:00:00+00:00,Zone_B,2.05,2.05,0.0,0.0,0.0,0.6,143.1881690140845,-2854.75,-60.0,0.0,-0.04,LOW
2026-06-27 21:00:00+00:00,Zone_B,1.99,0.0,2.0,0.0,0.0,0.6,143.17802816901408,-2856.79,-60.0,0.0,-0.0599999999999998,LOW
2026-06-27 22:00:00+00:00,Zone_B,2.01,5.29,0.0,0.0,0.0,0.6,143.16676056338028,-2852.09,-63.0,0.0,0.0199999999999997,LOW
2026-06-27 23:00:00+00:00,Zone_B,2.13,0.05,1.0,1.0,0.0,0.6,143.15760563380283,-2855.45,-66.0,1.0,0.1200000000000001,LOW
2026-06-28 00:00:00+00:00,Zone_B,2.03,0.0,2.0,0.0,0.0,0.6,143.14802816901408,-3855.01,-14.0,0.0,-0.1,LOW
2026-06-28 01:00:00+00:00,Zone_B,1.9,0.19,5.0,0.0,0.0,0.6,143.13802816901406,-3855.3,-10.0,0.0,-0.1299999999999999,LOW
2026-06-28 02:00:00+00:00,Zone_B,2.06,1.26,1.0,0.0,0.0,0.6,143.12887323943664,-3857.56,-9.0,0.0,0.1600000000000001,LOW
2026-06-28 03:00:00+00:00,Zone_B,1.97,2.5,2.0,0.0,0.0,0.6,143.12169014084506,-3858.93,-7.0,0.0,-0.09,LOW
2026-06-28 04:00:00+00:00,Zone_B,1.91,0.38,1.0,0.0,0.0,0.6,143.11577464788732,-3858.58,-7.0,0.0,-0.06,LOW
2026-06-28 05:00:00+00:00,Zone_B,1.99,0.0,1.0,1.0,0.0,0.6,143.10985915492958,-3858.97,-7.0,1.0,0.08,LOW
2026-06-28 08:00:00+00:00,Zone_B,2.27,3.96,0.0,1.0,0.0,0.6,143.10211267605635,-3857.92,-57.0,1.0,0.3500000000000001,LOW
2026-06-28 09:00:00+00:00,Zone_B,2.32,1.2,0.0,0.0,0.0,0.6,143.10281690140843,-2857.7200000000003,-59.0,0.0,0.0499999999999998,LOW
2026-06-28 11:00:00+00:00,Zone_B,2.28,0.0,1.0,0.0,0.0,0.6,213.49704225352116,-2854.44,-64.0,0.0,-4997.72,LOW
2026-06-28 12:00:00+00:00,Zone_B,2.0,0.0,0.0,0.0,0.0,0.6,213.49422535211264,-2855.8,-115.0,0.0,-0.2799999999999998,LOW
2026-06-28 13:00:00+00:00,Zone_B,2.19,4.7,1.0,0.0,0.0,0.6,213.4947887323944,-2851.98,-115.0,0.0,0.1899999999999999,LOW
2026-06-28 14:00:00+00:00,Zone_B,2.77,9.05,3.0,1.0,0.0,0.2727272727272727,210.56611111111116,-2844.34,-112.0,1.0,0.5800000000000001,LOW
2026-06-28 15:00:00+00:00,Zone_B,2.77,0.0,0.0,0.0,0.0,0.2727272727272727,210.57069444444448,-3846.1,-113.0,0.0,0.0,LOW
2026-06-28 16:00:00+00:00,Zone_B,2.76,3.03,3.0,1.0,0.0,0.2727272727272727,210.575,-3843.26,-115.0,1.0,-0.0100000000000002,LOW
2026-06-28 19:00:00+00:00,Zone_B,2.55,0.28,3.0,1.0,0.0,0.2727272727272727,216.525,-2847.56,-61.0,1.0,-0.1,LOW
2026-06-28 20:00:00+00:00,Zone_B,2.54,4.57,2.0,0.0,0.0,0.2727272727272727,213.516338028169,-2843.1600000000003,-56.0,0.0,-0.0099999999999997,LOW
2026-06-28 21:00:00+00:00,Zone_B,2.55,0.89,0.0,0.0,0.0,0.2727272727272727,216.5358571428571,-2852.87,-58.0,0.0,0.0099999999999997,LOW
2026-06-29 02:00:00+00:00,Zone_B,2.12,0.36,3.0,1.0,0.0,0.6,219.6133333333333,-2863.31,-103.0,1.0,-0.0499999999999998,LOW
2026-06-29 03:00:00+00:00,Zone_B,2.06,3.55,2.0,1.0,0.0,0.6,222.79764705882351,-2862.38,-103.0,1.0,-0.06,LOW
2026-06-29 04:00:00+00:00,Zone_B,2.19,6.33,2.0,0.0,0.0,0.6,222.79147058823528,-2858.94,-102.0,0.0,0.1299999999999999,LOW
2026-06-29 05:00:00+00:00,Zone_B,2.11,2.13,1.0,0.0,0.0,0.6,222.7832352941176,-2858.4300000000003,-102.0,0.0,-0.08,LOW
2026-06-29 06:00:00+00:00,Zone_B,2.16,0.86,1.0,0.0,0.0,0.6,222.77485294117645,-2859.37,-103.0,0.0,0.0500000000000002,LOW
2026-06-29 10:00:00+00:00,Zone_B,2.59,2.72,1.0,0.0,0.0,0.2727272727272727,216.4727142857143,-2844.84,-52.0,0.0,0.04,LOW
2026-06-29 11:00:00+00:00,Zone_B,2.54,0.0,0.0,0.0,0.0,0.2727272727272727,216.46942857142852,-2848.0400000000004,-53.0,0.0,-0.0499999999999998,LOW
2026-06-29 12:00:00+00:00,Zone_B,2.54,0.08,2.0,2.0,0.0,0.2727272727272727,216.47057142857145,-2848.23,-1.0,2.0,0.0,LOW
2026-06-29 13:00:00+00:00,Zone_B,2.4,1.5,3.0,0.0,0.0,0.6,216.471,-2847.0,0.0,0.0,-0.1400000000000001,LOW
2026-06-29 15:00:00+00:00,Zone_B,2.42,0.97,3.0,0.0,0.0,0.6,210.5284722222222,-2844.32,5.0,0.0,-0.08,LOW
2026-06-29 16:00:00+00:00,Zone_B,2.48,1.99,2.0,0.0,0.0,0.6,210.5306944444445,-2844.44,4.0,0.0,0.06,LOW
2026-06-29 19:00:00+00:00,Zone_B,2.6,1.13,2.0,0.0,0.0,0.2727272727272727,213.47676056338028,-2845.25,0.0,0.0,-0.0099999999999997,LOW
2026-06-29 20:00:00+00:00,Zone_B,2.72,3.76,0.0,1.0,0.0,0.2727272727272727,213.48492957746475,-2843.24,-2.0,1.0,0.1200000000000001,LOW
2026-06-29 21:00:00+00:00,Zone_B,2.77,3.91,3.0,0.0,0.0,0.2727272727272727,213.4930985915493,-2842.5,1.0,0.0,0.0499999999999998,LOW
2026-06-29 22:00:00+00:00,Zone_B,2.85,0.78,0.0,0.0,0.0,0.2727272727272727,210.5675,-2843.11,-7.0,0.0,0.08,LOW
2026-06-29 23:00:00+00:00,Zone_B,2.78,0.0,1.0,0.0,0.0,0.2727272727272727,210.57888888888888,-2843.26,-9.0,0.0,-0.0700000000000002,LOW
2026-06-30 02:00:00+00:00,Zone_B,2.56,0.95,0.0,1.0,0.0,0.2727272727272727,213.53042253521127,-2850.29,41.0,1.0,-0.2099999999999999,LOW
2026-06-30 03:00:00+00:00,Zone_B,2.44,1.35,0.0,0.0,0.0,0.6,213.5357746478873,-2852.44,39.0,0.0,-0.1200000000000001,LOW
2026-06-30 04:00:00+00:00,Zone_B,2.36,0.24,0.0,0.0,0.0,0.6,213.5381690140845,-2852.2000000000003,-13.0,0.0,-0.08,LOW
2026-06-30 05:00:00+00:00,Zone_B,2.33,0.38,0.0,1.0,0.0,0.6,213.53774647887323,-2855.76,-64.0,1.0,-0.0299999999999998,LOW
2026-06-30 06:00:00+00:00,Zone_B,2.3,1.28,1.0,0.0,0.0,0.6,213.5369014084507,-2857.38,-64.0,0.0,-0.0300000000000002,LOW
2026-06-30 07:00:00+00:00,Zone_B,2.28,1.18,1.0,2.0,0.0,0.6,210.60236111111112,-2855.21,-62.0,2.0,-0.02,LOW
2026-06-30 09:00:00+00:00,Zone_B,2.19,4.35,0.0,0.0,0.0,0.6,210.60333333333332,-2851.21,-63.0,0.0,-0.0300000000000002,LOW
2026-06-30 10:00:00+00:00,Zone_B,1.98,1.17,5.0,0.0,0.0,0.6,213.53154929577465,-2853.64,-59.0,0.0,-0.2099999999999999,LOW
2026-06-30 16:00:00+00:00,Zone_B,2.44,3.61,3.0,0.0,0.0,0.6,76.9386567164179,-2850.31,-66.0,0.0,0.27,LOW
2026-06-30 17:00:00+00:00,Zone_B,2.35,2.08,1.0,0.0,0.0,0.6,76.93805970149255,-2848.24,-68.0,0.0,-0.0899999999999998,LOW
2026-06-30 18:00:00+00:00,Zone_B,2.34,0.73,0.0,0.0,0.0,0.6,76.93835820895521,-1848.51,-70.0,0.0,-0.0100000000000002,LOW
2026-06-30 19:00:00+00:00,Zone_B,2.49,2.74,0.0,1.0,0.0,0.6,76.94432835820896,-1845.77,-72.0,1.0,0.1500000000000003,LOW
2026-06-30 20:00:00+00:00,Zone_B,2.33,0.0,2.0,0.0,1.0,0.6,76.94850746268656,-1847.82,-70.0,1.0,-0.1600000000000001,LOW
2026-06-30 21:00:00+00:00,Zone_B,2.27,1.93,0.0,1.0,0.0,0.6,76.95268656716418,-1845.89,-73.0,1.0,-0.06,LOW
2026-06-30 22:00:00+00:00,Zone_B,2.38,2.72,0.0,0.0,0.0,0.6,76.95820895522388,-1848.46,-73.0,0.0,0.1099999999999998,LOW
2026-06-30 23:00:00+00:00,Zone_B,2.37,1.99,1.0,0.0,0.0,0.6,76.96179104477612,-1846.52,-73.0,0.0,-0.0099999999999997,LOW
2026-07-01 00:00:00+00:00,Zone_B,2.28,0.0,4.0,0.0,0.0,0.6,75.86852941176471,-845.5300000000001,-69.0,0.0,-0.0900000000000003,LOW
2026-07-01 01:00:00+00:00,Zone_B,2.31,0.59,1.0,0.0,0.0,0.6,75.8745588235294,-845.13,-70.0,0.0,0.0300000000000002,LOW
2026-07-01 02:00:00+00:00,Zone_B,2.4,3.26,2.0,1.0,0.0,0.6,75.87955882352942,-843.13,-68.0,1.0,0.0899999999999998,LOW
2026-07-01 06:00:00+00:00,Zone_B,2.24,0.0,0.0,0.0,0.0,0.6,76.99283582089554,-839.26,36.0,0.0,-0.0999999999999996,LOW
2026-07-01 07:00:00+00:00,Zone_B,2.16,0.08,2.0,1.0,0.0,0.6,76.99641791044776,-839.1800000000001,37.0,1.0,-0.08,LOW
2026-07-01 09:00:00+00:00,Zone_B,2.02,0.91,1.0,0.0,0.0,0.6,222.88514705882355,-843.43,34.0,0.0,-4997.98,LOW
2026-07-01 14:00:00+00:00,Zone_B,1.78,2.58,1.0,1.0,0.0,0.6,156.15661538461538,-855.89,33.0,1.0,-0.07,LOW
2026-07-01 15:00:00+00:00,Zone_B,1.75,0.97,2.0,0.0,0.0,0.6,156.1409230769231,144.08,35.0,0.0,-0.03,MODERATE
2026-07-01 16:00:00+00:00,Zone_B,1.97,0.0,0.0,1.0,0.0,0.6,156.12876923076925,141.05,32.0,1.0,0.2199999999999999,MODERATE
2026-07-01 17:00:00+00:00,Zone_B,2.3,7.11,3.0,0.0,0.0,0.6,153.79803030303032,147.09,34.0,0.0,0.3299999999999998,MODERATE
2026-07-01 18:00:00+00:00,Zone_B,1.87,0.03,0.0,0.0,0.0,0.6,153.78621212121212,142.81,34.0,0.0,-0.4299999999999997,MODERATE
2026-07-01 19:00:00+00:00,Zone_B,1.94,0.22,3.0,0.0,0.0,0.6,156.10353846153848,142.47,37.0,0.0,0.0699999999999998,MODERATE
2026-07-01 20:00:00+00:00,Zone_B,2.05,4.45,0.0,0.0,0.0,0.6,153.76030303030302,142.57,38.0,0.0,0.1099999999999998,MODERATE
2026-07-01 22:00:00+00:00,Zone_B,1.87,1.32,2.0,0.0,0.0,0.6,151.48417910447762,142.39,41.0,0.0,-0.0699999999999998,MODERATE
2026-07-01 23:00:00+00:00,Zone_B,1.98,1.97,0.0,0.0,0.0,0.6,151.4810447761194,144.36,39.0,0.0,0.1099999999999998,MODERATE
2026-07-02 02:00:00+00:00,Zone_B,1.94,0.63,1.0,0.0,0.0,0.6,149.27426470588236,142.7,40.0,0.0,0.1099999999999998,MODERATE
2026-07-02 03:00:00+00:00,Zone_B,1.93,3.27,0.0,1.0,0.0,0.6,149.27235294117648,142.42000000000002,-12.0,1.0,-0.01,MODERATE
2026-07-02 07:00:00+00:00,Zone_B,1.86,0.29,3.0,0.0,0.0,0.6,151.46149253731343,133.82999999999998,-52.0,0.0,-0.1399999999999999,MODERATE
2026-07-02 10:00:00+00:00,Zone_B,1.69,0.55,0.0,0.0,1.0,0.6,158.41515625,127.19,-53.0,1.0,-0.06,MODERATE
2026-07-02 11:00:00+00:00,Zone_B,1.55,1.45,3.0,0.0,0.0,0.6,158.39968750000003,128.64,-51.0,0.0,-0.1399999999999999,MODERATE
2026-07-02 12:00:00+00:00,Zone_B,1.89,5.96,2.0,0.0,0.0,0.6,158.38953125,134.51999999999998,-50.0,0.0,0.3399999999999998,MODERATE
2026-07-02 13:00:00+00:00,Zone_B,1.78,1.97,4.0,0.0,0.0,0.6,160.85571428571427,133.48999999999998,-48.0,0.0,-0.1099999999999998,MODERATE
2026-07-02 14:00:00+00:00,Zone_B,1.9,0.06,1.0,0.0,0.0,0.6,160.8461904761905,130.53,-48.0,0.0,0.1199999999999998,MODERATE
2026-07-02 15:00:00+00:00,Zone_B,1.84,0.91,1.0,1.0,0.0,0.6,160.83698412698416,130.47,-49.0,1.0,-0.0599999999999998,MODERATE
2026-07-02 16:00:00+00:00,Zone_B,2.14,6.28,2.0,1.0,0.0,0.6,158.34734375,135.67000000000002,-46.0,1.0,0.3,MODERATE
2026-07-02 20:00:00+00:00,Zone_B,2.2,0.15,2.0,0.0,0.0,0.6,236.41859375,138.57000000000002,-46.0,0.0,-0.0899999999999998,MODERATE
2026-07-03 00:00:00+00:00,Zone_B,1.98,1.06,3.0,0.0,0.0,0.6,236.38515625,140.11999999999998,-45.0,0.0,-0.08,MODERATE
2026-07-03 02:00:00+00:00,Zone_B,2.23,3.48,4.0,2.0,0.0,0.6,236.36828125,143.22,-41.0,2.0,0.2099999999999999,MODERATE
2026-07-03 03:00:00+00:00,Zone_B,2.19,0.5,6.0,1.0,1.0,0.6,236.364375,142.37,15.0,2.0,-0.04,MODERATE
2026-07-03 04:00:00+00:00,Zone_B,2.16,1.61,2.0,0.0,0.0,0.6,236.36125,143.74,7.0,0.0,-0.0299999999999998,MODERATE
2026-07-03 05:00:00+00:00,Zone_B,2.08,0.67,2.0,1.0,0.0,0.6,236.35734375,144.03,59.0,1.0,-0.08,MODERATE
2026-07-03 07:00:00+00:00,Zone_B,2.01,0.27,6.0,1.0,0.0,0.6,240.06761904761905,143.5,62.0,1.0,-0.25,MODERATE
2026-07-03 08:00:00+00:00,Zone_B,1.83,0.08,4.0,1.0,0.0,0.6,240.0614285714286,138.43,66.0,1.0,-0.1799999999999997,MODERATE
2026-07-03 10:00:00+00:00,Zone_B,2.29,5.85,2.0,0.0,0.0,0.6,392.53109375,147.18,68.0,0.0,-4997.71,MODERATE
2026-07-03 11:00:00+00:00,Zone_B,2.51,3.58,3.0,0.0,0.0,0.2727272727272727,386.5307692307693,149.8,68.0,0.0,0.2199999999999997,MODERATE
2026-07-03 12:00:00+00:00,Zone_B,2.3,0.07,3.0,0.0,0.0,0.6,380.7090909090909,148.97,69.0,0.0,-0.2099999999999999,MODERATE
2026-07-03 13:00:00+00:00,Zone_B,2.14,0.3,0.0,0.0,0.0,0.6,375.0588059701493,148.81,65.0,0.0,-0.1599999999999997,MODERATE
2026-07-03 14:00:00+00:00,Zone_B,2.31,2.08,3.0,1.0,0.0,0.6,369.5772058823529,148.36,67.0,1.0,0.1699999999999999,MODERATE
2026-07-03 15:00:00+00:00,Zone_B,2.1,1.58,0.0,0.0,0.0,0.6,369.5761764705882,142.72,65.0,0.0,-0.2099999999999999,MODERATE
2026-07-03 18:00:00+00:00,Zone_B,2.21,0.25,1.0,0.0,0.0,0.6,375.0516417910448,137.34,64.0,0.0,0.0099999999999997,MODERATE
2026-07-03 19:00:00+00:00,Zone_B,2.3,4.43,1.0,0.0,1.0,0.6,375.04880597014926,139.03,62.0,1.0,0.0899999999999998,MODERATE
2026-07-03 20:00:00+00:00,Zone_B,2.27,0.04,4.0,1.0,0.0,0.6,375.0479104477612,139.07,64.0,1.0,-0.0299999999999998,MODERATE
2026-07-03 21:00:00+00:00,Zone_B,2.23,0.56,3.0,0.0,0.0,0.6,375.04731343283584,137.7,61.0,0.0,-0.04,MODERATE
2026-07-04 00:00:00+00:00,Zone_B,2.24,0.18,0.0,0.0,0.0,0.6,386.5113846153846,134.36,13.0,0.0,0.0100000000000002,MODERATE
2026-07-04 01:00:00+00:00,Zone_B,2.41,5.07,1.0,0.0,0.0,0.6,386.5129230769231,138.84,11.0,0.0,0.1699999999999999,MODERATE
2026-07-04 02:00:00+00:00,Zone_B,2.25,0.78,3.0,0.0,0.0,0.6,386.5106153846154,136.36,10.0,0.0,-0.1600000000000001,MODERATE
2026-07-04 03:00:00+00:00,Zone_B,2.12,0.46,2.0,0.0,0.0,0.6,380.6865151515152,135.04,6.0,0.0,-0.1299999999999999,MODERATE
2026-07-04 04:00:00+00:00,Zone_B,2.1,0.73,1.0,1.0,0.0,0.6,375.0359701492537,133.99,5.0,1.0,-0.02,MODERATE
2026-07-04 05:00:00+00:00,Zone_B,2.2,0.0,0.0,0.0,0.0,0.6,375.03388059701496,130.8,3.0,0.0,0.1,MODERATE
2026-07-04 06:00:00+00:00,Zone_B,2.11,2.16,0.0,0.0,0.0,0.6,375.0319402985075,132.96,-50.0,0.0,-0.0900000000000003,MODERATE
2026-07-04 07:00:00+00:00,Zone_B,2.17,3.56,2.0,0.0,0.0,0.6,375.0320895522388,136.44,-54.0,0.0,0.06,MODERATE
2026-07-04 08:00:00+00:00,Zone_B,2.26,5.28,3.0,0.0,0.0,0.6,229.23348484848484,141.72,-55.0,0.0,0.0899999999999998,MODERATE
2026-07-04 09:00:00+00:00,Zone_B,2.18,2.26,2.0,0.0,0.0,0.6,229.23590909090908,143.07,-57.0,0.0,-0.0799999999999996,MODERATE
2026-07-04 10:00:00+00:00,Zone_B,2.34,5.23,0.0,0.0,0.0,0.6,225.84940298507465,146.17999999999998,-59.0,0.0,0.1599999999999997,MODERATE
2026-07-04 11:00:00+00:00,Zone_B,2.23,1.35,1.0,1.0,0.0,0.6,222.5689705882353,151.29,-61.0,1.0,-0.1099999999999998,MODERATE
2026-07-04 12:00:00+00:00,Zone_B,2.55,4.71,0.0,0.0,0.0,0.2727272727272727,219.38028985507245,153.88,-64.0,0.0,0.3199999999999998,MODERATE
2026-07-04 13:00:00+00:00,Zone_B,2.8,7.09,1.0,0.0,0.0,0.2727272727272727,219.3940579710145,159.74,-63.0,0.0,0.25,MODERATE
2026-07-04 19:00:00+00:00,Zone_B,2.61,2.11,1.0,1.0,0.0,0.2727272727272727,232.8089230769231,161.11,-62.0,1.0,-0.08,MODERATE
2026-07-04 22:00:00+00:00,Zone_B,3.18,12.47,0.0,3.0,0.0,0.2727272727272727,236.44875,169.77,-65.0,3.0,0.3600000000000003,MODERATE
2026-07-05 00:00:00+00:00,Zone_B,2.87,0.52,5.0,1.0,0.0,0.2727272727272727,314.55734375,172.38,-14.0,1.0,-4997.13,MODERATE
2026-07-05 01:00:00+00:00,Zone_B,2.84,3.1,1.0,2.0,0.0,0.2727272727272727,314.573125,175.42000000000002,-14.0,2.0,-0.0300000000000002,MODERATE
2026-07-05 02:00:00+00:00,Zone_B,2.77,0.67,0.0,0.0,0.0,0.2727272727272727,314.58609375000003,175.46,-17.0,0.0,-0.0699999999999998,MODERATE
2026-07-05 03:00:00+00:00,Zone_B,2.73,2.85,0.0,1.0,0.0,0.2727272727272727,314.59859375,175.04,-19.0,1.0,-0.04,MODERATE
2026-07-05 04:00:00+00:00,Zone_B,2.59,0.0,4.0,2.0,0.0,0.2727272727272727,309.79846153846154,173.29999999999998,-16.0,2.0,-0.1400000000000001,MODERATE
2026-07-05 05:00:00+00:00,Zone_B,2.62,0.0,1.0,0.0,0.0,0.2727272727272727,305.1442424242424,171.1,-15.0,0.0,0.0300000000000002,MODERATE
2026-07-05 11:00:00+00:00,Zone_B,2.48,0.93,5.0,1.0,0.0,0.6,380.9236363636364,-827.12,37.0,1.0,-0.0499999999999998,LOW
2026-07-05 15:00:00+00:00,Zone_B,2.31,0.0,1.0,0.0,0.0,0.6,470.8834375,-830.11,39.0,0.0,-4997.69,LOW
2026-07-05 16:00:00+00:00,Zone_B,2.25,0.0,1.0,0.0,0.0,0.6,470.88515625,-1835.39,38.0,0.0,-0.06,LOW
2026-07-05 18:00:00+00:00,Zone_B,2.19,1.09,1.0,1.0,1.0,0.6,386.7855384615384,-1835.67,38.0,2.0,-0.0300000000000002,LOW
2026-07-05 19:00:00+00:00,Zone_B,2.17,0.0,2.0,0.0,0.0,0.6,380.95651515151513,-1841.41,40.0,0.0,-0.02,LOW
2026-07-05 20:00:00+00:00,Zone_B,2.01,1.06,1.0,0.0,0.0,0.6,380.9536363636364,-1840.5,39.0,0.0,-0.1600000000000001,LOW
2026-07-05 21:00:00+00:00,Zone_B,1.89,1.23,1.0,0.0,0.0,0.6,375.2959701492537,-1841.75,38.0,0.0,-0.1199999999999998,LOW
2026-07-05 22:00:00+00:00,Zone_B,1.93,0.89,2.0,0.0,0.0,0.6,375.2916417910448,-1842.0,40.0,0.0,0.04,LOW
2026-07-05 23:00:00+00:00,Zone_B,1.97,0.74,1.0,1.0,0.0,0.6,375.2902985074626,-1842.82,40.0,1.0,0.04,LOW
2026-07-06 00:00:00+00:00,Zone_B,1.98,2.94,2.0,0.0,0.0,0.6,375.2902985074627,-1840.94,37.0,0.0,0.01,LOW
2026-07-06 01:00:00+00:00,Zone_B,2.01,3.62,2.0,0.0,0.0,0.6,375.2901492537313,-1839.65,38.0,0.0,0.0299999999999998,LOW
2026-07-06 03:00:00+00:00,Zone_B,2.05,2.38,0.0,0.0,0.0,0.6,375.2850746268657,-1838.58,-62.0,0.0,0.02,LOW
2026-07-06 04:00:00+00:00,Zone_B,2.23,5.34,1.0,0.0,0.0,0.6,375.2861194029851,-1834.85,-65.0,0.0,0.1800000000000001,LOW
2026-07-06 05:00:00+00:00,Zone_B,2.22,0.76,3.0,1.0,0.0,0.6,369.80205882352936,-1829.42,-62.0,1.0,-0.0099999999999997,LOW
2026-07-06 06:00:00+00:00,Zone_B,2.19,1.2,6.0,1.0,0.0,0.6,369.8010294117647,-1831.16,-57.0,1.0,-0.0300000000000002,LOW
2026-07-06 07:00:00+00:00,Zone_B,2.26,3.03,1.0,0.0,0.0,0.6,369.8047058823529,-1828.4,-58.0,0.0,0.0699999999999998,LOW
2026-07-06 08:00:00+00:00,Zone_B,2.14,0.9,0.0,0.0,0.0,0.6,369.8092647058824,-1827.58,-60.0,0.0,-0.1199999999999996,LOW
2026-07-06 09:00:00+00:00,Zone_B,2.28,4.22,4.0,0.0,0.0,0.6,226.10910447761196,-1831.78,-56.0,0.0,0.1399999999999996,LOW
2026-07-06 12:00:00+00:00,Zone_B,1.89,2.4,2.0,0.0,0.0,0.6,229.48681818181817,-1834.83,-57.0,0.0,-0.1399999999999999,LOW
2026-07-06 13:00:00+00:00,Zone_B,2.05,1.66,1.0,0.0,0.0,0.6,229.48545454545453,-1833.4700000000005,-58.0,0.0,0.1599999999999999,LOW
2026-07-06 14:00:00+00:00,Zone_B,2.02,0.5,5.0,1.0,0.0,0.6,229.4810606060606,-1835.05,-55.0,1.0,-0.0299999999999998,LOW
2026-07-06 15:00:00+00:00,Zone_B,2.09,3.58,0.0,0.0,0.0,0.6,229.48090909090908,-1833.05,-56.0,0.0,0.0699999999999998,LOW
2026-07-06 16:00:00+00:00,Zone_B,2.1,0.57,1.0,0.0,0.0,0.6,226.0871641791045,-1832.48,-56.0,0.0,0.0100000000000002,LOW
2026-07-06 17:00:00+00:00,Zone_B,2.13,2.67,1.0,0.0,0.0,0.6,222.79220588235296,-1830.03,-55.0,0.0,0.0299999999999998,LOW
2026-07-06 18:00:00+00:00,Zone_B,2.33,3.77,3.0,1.0,0.0,0.6,222.79397058823528,-1826.51,-54.0,1.0,0.2000000000000001,LOW
2026-07-06 21:00:00+00:00,Zone_B,1.83,0.08,0.0,0.0,1.0,0.6,222.78014705882356,-1828.79,-56.0,1.0,-0.1499999999999999,LOW
2026-07-06 22:00:00+00:00,Zone_B,1.73,0.8,4.0,0.0,1.0,0.6,219.57652173913044,-1829.77,-54.0,1.0,-0.1,LOW
2026-07-07 00:00:00+00:00,Zone_B,1.63,0.45,0.0,0.0,0.0,0.6,287.85242857142856,-1828.01,-53.0,0.0,-4998.37,LOW
2026-07-07 01:00:00+00:00,Zone_B,1.65,0.5,1.0,1.0,0.0,0.6,287.8415714285714,-1832.58,-54.0,1.0,0.02,LOW
2026-07-07 02:00:00+00:00,Zone_B,1.63,1.48,3.0,0.0,0.0,0.6,287.8327142857143,-1831.88,-1.0,0.0,-0.02,LOW
2026-07-07 03:00:00+00:00,Zone_B,1.6,1.73,3.0,0.0,0.0,0.6,287.8252857142857,-1830.61,52.0,0.0,-0.0299999999999998,LOW
2026-07-07 04:00:00+00:00,Zone_B,1.84,0.0,0.0,0.0,0.0,0.6,287.8215714285715,-1831.34,50.0,0.0,0.24,LOW
2026-07-07 05:00:00+00:00,Zone_B,1.92,1.74,4.0,0.0,0.0,0.6,283.78971830985915,-1829.6,51.0,0.0,0.0799999999999998,LOW
2026-07-07 06:00:00+00:00,Zone_B,1.85,0.99,1.0,0.0,0.0,0.6,283.7860563380282,-1830.77,46.0,0.0,-0.0699999999999998,LOW
2026-07-07 07:00:00+00:00,Zone_B,1.95,0.31,2.0,0.0,0.0,0.6,283.78295774647887,-1834.02,47.0,0.0,0.0999999999999998,LOW
2026-07-07 11:00:00+00:00,Zone_B,2.08,3.14,0.0,0.0,0.0,0.6,296.19573529411764,-1846.83,46.0,0.0,0.09,LOW
2026-07-07 12:00:00+00:00,Zone_B,2.05,1.78,0.0,0.0,0.0,0.6,296.1883823529412,-1849.76,44.0,0.0,-0.0300000000000002,LOW
2026-07-07 13:00:00+00:00,Zone_B,1.9,0.09,2.0,0.0,0.0,0.6,296.17514705882354,-1856.76,45.0,0.0,-0.1499999999999999,LOW
2026-07-07 15:00:00+00:00,Zone_B,2.12,0.21,1.0,0.0,0.0,0.6,287.7738571428572,-1863.72,-9.0,0.0,-0.02,LOW
2026-07-07 16:00:00+00:00,Zone_B,2.0,1.16,1.0,1.0,1.0,0.6,283.74887323943665,-1862.56,-10.0,2.0,-0.1200000000000001,LOW
2026-07-07 17:00:00+00:00,Zone_B,2.05,2.61,3.0,0.0,0.0,0.6,279.8275,-1860.3,-7.0,0.0,0.0499999999999998,LOW
2026-07-07 18:00:00+00:00,Zone_B,2.02,1.5,1.0,0.0,0.0,0.6,279.81819444444443,-1860.51,-9.0,0.0,-0.0299999999999998,LOW
2026-07-08 00:00:00+00:00,Zone_B,2.19,4.28,3.0,0.0,0.0,0.6,213.29436619718308,-1866.47,-2.0,0.0,0.1899999999999999,LOW
2026-07-08 01:00:00+00:00,Zone_B,2.08,0.35,1.0,0.0,0.0,0.6,213.28366197183095,-1869.22,-2.0,0.0,-0.1099999999999998,LOW
2026-07-08 06:00:00+00:00,Zone_B,1.77,1.86,1.0,0.0,0.0,0.6,291.78971014492754,-1867.39,-3.0,0.0,-0.1799999999999999,LOW
2026-07-08 07:00:00+00:00,Zone_B,1.74,0.0,2.0,0.0,0.0,0.6,291.77695652173907,-868.3900000000001,-3.0,0.0,-0.03,LOW
2026-07-08 08:00:00+00:00,Zone_B,1.91,2.89,3.0,0.0,0.0,0.6,219.3408695652174,-865.52,-1.0,0.0,0.1699999999999999,LOW
2026-07-08 09:00:00+00:00,Zone_B,2.02,2.92,1.0,0.0,0.0,0.6,216.2362857142857,-870.6,-2.0,0.0,0.1100000000000001,LOW
2026-07-08 10:00:00+00:00,Zone_B,2.13,0.76,4.0,0.0,0.0,0.6,216.2305714285714,-870.1,-3.0,0.0,0.1099999999999998,LOW
2026-07-08 11:00:00+00:00,Zone_B,2.03,0.81,2.0,0.0,0.0,0.6,216.22414285714285,-870.22,-1.0,0.0,-0.1,LOW
2026-07-08 12:00:00+00:00,Zone_B,2.23,0.91,3.0,0.0,0.0,0.6,213.2101408450704,-873.32,2.0,0.0,0.2000000000000001,LOW
2026-07-08 13:00:00+00:00,Zone_B,2.1,0.0,2.0,0.0,0.0,0.6,213.20422535211267,-874.77,2.0,0.0,-0.1299999999999999,LOW
2026-07-08 14:00:00+00:00,Zone_B,2.12,0.99,2.0,0.0,0.0,0.6,142.81154929577465,-875.14,54.0,0.0,0.02,LOW
2026-07-08 15:00:00+00:00,Zone_B,2.04,1.66,1.0,0.0,0.0,0.6,142.80774647887324,-873.48,54.0,0.0,-0.08,LOW
2026-07-08 16:00:00+00:00,Zone_B,1.94,1.75,0.0,0.0,0.0,0.6,142.80338028169015,127.27,52.0,0.0,-0.1,MODERATE
2026-07-08 17:00:00+00:00,Zone_B,1.72,0.83,0.0,0.0,0.0,0.6,142.79633802816903,126.1,49.0,0.0,-0.2199999999999999,MODERATE
2026-07-08 18:00:00+00:00,Zone_B,1.68,1.44,2.0,1.0,0.0,0.6,144.79771428571428,125.36,50.0,1.0,-0.04,MODERATE
2026-07-08 20:00:00+00:00,Zone_B,1.74,2.81,1.0,0.0,0.0,0.6,216.1914285714286,127.93,46.0,0.0,-4998.26,MODERATE
2026-07-08 21:00:00+00:00,Zone_B,1.73,1.03,1.0,0.0,0.0,0.6,216.18914285714283,127.73,45.0,0.0,-0.01,MODERATE
2026-07-08 22:00:00+00:00,Zone_B,1.72,0.63,4.0,0.0,0.0,0.6,216.18614285714287,127.47,48.0,0.0,-0.01,MODERATE
2026-07-08 23:00:00+00:00,Zone_B,1.68,1.11,1.0,0.0,0.0,0.6,213.16140845070424,128.47,49.0,0.0,-0.04,MODERATE
2026-07-09 00:00:00+00:00,Zone_B,1.82,1.2,3.0,0.0,0.0,0.6,213.15915492957748,126.73,49.0,0.0,0.1400000000000001,MODERATE
2026-07-09 02:00:00+00:00,Zone_B,1.7,1.94,4.0,0.0,0.0,0.6,213.15098591549295,123.5,50.0,0.0,-0.06,MODERATE
2026-07-09 03:00:00+00:00,Zone_B,1.76,0.0,3.0,0.0,0.0,0.6,213.1469014084507,121.12,52.0,0.0,0.06,MODERATE
2026-07-09 04:00:00+00:00,Zone_B,1.87,4.21,0.0,0.0,0.0,0.6,213.13521126760563,114.65,51.0,0.0,0.1100000000000001,MODERATE
2026-07-09 05:00:00+00:00,Zone_B,2.2,7.55,2.0,1.0,0.0,0.6,213.1349295774648,121.44,51.0,1.0,0.33,MODERATE
2026-07-09 06:00:00+00:00,Zone_B,2.37,1.0,4.0,1.0,0.0,0.6,210.20777777777775,128.79,56.0,1.0,0.1699999999999999,MODERATE
2026-07-09 07:00:00+00:00,Zone_B,2.24,0.33,5.0,0.0,0.0,0.6,210.2075,126.09,59.0,0.0,-0.1299999999999999,MODERATE
2026-07-09 08:00:00+00:00,Zone_B,2.22,0.94,0.0,0.0,0.0,0.6,210.2086111111111,126.13,56.0,0.0,-0.02,MODERATE
2026-07-09 09:00:00+00:00,Zone_B,2.18,0.71,1.0,0.0,0.0,0.6,210.20722222222224,122.62,56.0,0.0,-0.04,MODERATE
2026-07-09 10:00:00+00:00,Zone_B,2.22,3.16,2.0,0.0,0.0,0.6,207.35808219178085,123.86,54.0,0.0,0.04,MODERATE
2026-07-09 11:00:00+00:00,Zone_B,2.06,0.0,0.0,0.0,0.0,0.6,207.35849315068492,121.73,52.0,0.0,-0.1600000000000001,MODERATE
2026-07-09 14:00:00+00:00,Zone_B,1.89,0.42,0.0,0.0,0.0,0.6,207.3564383561644,121.89,49.0,0.0,0.0299999999999998,MODERATE
2026-07-09 15:00:00+00:00,Zone_B,1.88,0.35,0.0,0.0,0.0,0.6,207.3535616438356,118.66,48.0,0.0,-0.01,MODERATE
2026-07-09 16:00:00+00:00,Zone_B,1.89,2.1,2.0,0.0,0.0,0.6,210.2013888888889,119.62,50.0,0.0,0.01,MODERATE
2026-07-09 17:00:00+00:00,Zone_B,1.81,0.94,2.0,0.0,0.0,0.6,210.19694444444443,117.89,52.0,0.0,-0.0799999999999998,MODERATE
2026-07-09 22:00:00+00:00,Zone_B,1.54,0.0,2.0,0.0,0.0,0.6,283.51056338028167,126.36,53.0,0.0,-0.24,MODERATE
2026-07-09 23:00:00+00:00,Zone_B,1.58,0.07,0.0,0.0,0.0,0.6,213.11028169014085,124.34,52.0,0.0,0.04,MODERATE
2026-07-10 00:00:00+00:00,Zone_B,1.78,2.77,4.0,0.0,0.0,0.6,210.17444444444448,126.73,53.0,0.0,0.1999999999999999,MODERATE
2026-07-10 01:00:00+00:00,Zone_B,1.88,2.9,0.0,0.0,0.0,0.6,210.17763888888888,129.13,3.0,0.0,0.0999999999999998,MODERATE
2026-07-10 02:00:00+00:00,Zone_B,1.83,0.0,5.0,0.0,0.0,0.6,210.18041666666667,127.65,4.0,0.0,-0.0499999999999998,MODERATE
2026-07-10 03:00:00+00:00,Zone_B,1.75,0.37,1.0,0.0,0.0,0.6,210.1825,126.29,-1.0,0.0,-0.08,MODERATE
2026-07-10 04:00:00+00:00,Zone_B,1.83,0.5,1.0,0.0,0.0,0.6,213.11676056338027,126.79,0.0,0.0,0.08,MODERATE
2026-07-10 05:00:00+00:00,Zone_B,1.99,2.76,0.0,0.0,0.0,0.6,213.1177464788732,127.81,-4.0,0.0,0.1599999999999999,MODERATE
2026-07-10 06:00:00+00:00,Zone_B,2.36,9.63,1.0,1.0,0.0,0.6,213.1249295774648,136.45000000000002,-7.0,1.0,0.3699999999999999,MODERATE
2026-07-10 12:00:00+00:00,Zone_B,2.13,0.76,0.0,0.0,0.0,0.6,353.92098591549296,135.52,-4.0,0.0,-4997.87,MODERATE
2026-07-10 14:00:00+00:00,Zone_B,2.21,0.3,1.0,1.0,0.0,0.6,353.9256338028169,138.34,-5.0,1.0,0.0499999999999998,MODERATE
2026-07-10 15:00:00+00:00,Zone_B,2.31,2.68,0.0,0.0,0.0,0.6,353.9283098591549,140.81,-5.0,0.0,0.1,MODERATE
2026-07-10 16:00:00+00:00,Zone_B,2.37,0.0,0.0,0.0,0.0,0.6,358.9611428571429,138.49,-7.0,0.0,0.06,MODERATE
2026-07-10 19:00:00+00:00,Zone_B,2.43,1.85,2.0,0.0,0.0,0.6,353.9485915492958,138.13,-10.0,0.0,0.0500000000000002,MODERATE
2026-07-10 20:00:00+00:00,Zone_B,2.4,2.52,4.0,0.0,0.0,0.6,349.07138888888886,140.19000000000003,-10.0,0.0,-0.0300000000000002,MODERATE
2026-07-10 21:00:00+00:00,Zone_B,2.3,0.73,1.0,1.0,0.0,0.6,349.07222222222225,135.42,-11.0,1.0,-0.1,MODERATE
2026-07-10 22:00:00+00:00,Zone_B,2.33,0.0,0.0,0.0,0.0,0.6,344.3223287671233,133.83,-13.0,0.0,0.0300000000000002,MODERATE
2026-07-11 01:00:00+00:00,Zone_B,1.94,1.11,5.0,0.0,0.0,0.6,344.3209589041096,130.67000000000002,42.0,0.0,0.04,MODERATE
2026-07-11 02:00:00+00:00,Zone_B,2.0,0.0,2.0,1.0,0.0,0.6,335.1916,130.22,44.0,1.0,0.06,MODERATE
2026-07-11 03:00:00+00:00,Zone_B,2.05,2.67,0.0,0.0,0.0,0.6,268.55226666666664,130.92000000000002,-7.0,0.0,0.0499999999999998,MODERATE
2026-07-11 05:00:00+00:00,Zone_B,1.98,2.19,3.0,0.0,0.0,0.6,265.04486842105257,132.28,-5.0,0.0,0.02,MODERATE
2026-07-11 06:00:00+00:00,Zone_B,2.28,6.0,2.0,0.0,0.0,0.6,265.05157894736845,136.42,-4.0,0.0,0.2999999999999998,MODERATE
2026-07-11 07:00:00+00:00,Zone_B,2.22,0.0,5.0,0.0,0.0,0.6,265.05789473684206,-862.58,-1.0,0.0,-0.0599999999999996,LOW
2026-07-11 08:00:00+00:00,Zone_B,1.89,0.48,0.0,0.0,0.0,0.6,265.0576315789474,-864.99,-3.0,0.0,-0.3300000000000003,LOW
2026-07-11 10:00:00+00:00,Zone_B,2.04,0.0,1.0,0.0,0.0,0.6,265.0548684210526,-1867.67,-7.0,0.0,0.1400000000000001,LOW
2026-07-11 15:00:00+00:00,Zone_B,2.1,1.69,2.0,1.0,0.0,0.6,272.1635135135135,-1860.33,-5.0,1.0,-0.1599999999999997,LOW
2026-07-11 18:00:00+00:00,Zone_B,1.6,1.26,2.0,0.0,0.0,0.6,275.8664383561644,-1860.74,-52.0,0.0,-0.2899999999999998,LOW
2026-07-11 20:00:00+00:00,Zone_B,1.81,1.97,3.0,0.0,0.0,0.6,275.86739726027395,-1862.4,-54.0,0.0,-4998.19,LOW
2026-07-11 21:00:00+00:00,Zone_B,1.79,1.3,1.0,0.0,0.0,0.6,275.86821917808214,-1862.13,-54.0,0.0,-0.02,LOW
2026-07-11 22:00:00+00:00,Zone_B,1.85,0.92,3.0,0.0,0.0,0.6,279.6776388888889,-1862.47,-51.0,0.0,0.06,LOW
2026-07-11 23:00:00+00:00,Zone_B,1.77,0.0,2.0,0.0,0.0,0.6,279.6788888888889,-2862.58,-51.0,0.0,-0.08,LOW
2026-07-12 00:00:00+00:00,Zone_B,1.98,4.38,2.0,0.0,0.0,0.6,279.68111111111114,-2859.4,-51.0,0.0,0.2099999999999999,LOW
2026-07-12 01:00:00+00:00,Zone_B,1.84,0.43,0.0,1.0,0.0,0.6,279.68222222222226,-2860.09,-111.0,1.0,-0.1399999999999999,LOW
2026-07-12 04:00:00+00:00,Zone_B,1.99,1.67,1.0,0.0,0.0,0.6,287.6282857142857,-3854.45,-58.0,0.0,0.03,LOW
2026-07-12 05:00:00+00:00,Zone_B,2.12,0.0,1.0,1.0,0.0,0.6,291.763768115942,-4868.55,-60.0,1.0,0.1300000000000001,LOW
2026-07-12 06:00:00+00:00,Zone_B,2.2,2.17,0.0,0.0,0.0,0.6,291.76130434782607,-4867.38,-112.0,0.0,0.08,LOW
2026-07-12 07:00:00+00:00,Zone_B,2.17,0.88,2.0,1.0,0.0,0.6,291.7602898550725,-4866.83,-115.0,1.0,-0.0300000000000002,LOW
2026-07-12 08:00:00+00:00,Zone_B,2.11,0.36,3.0,0.0,0.0,0.6,291.7586956521739,-4867.41,-112.0,0.0,-0.06,LOW
2026-07-12 09:00:00+00:00,Zone_B,2.16,1.2,1.0,0.0,0.0,0.6,291.7584057971015,-4866.92,-111.0,0.0,0.0500000000000002,LOW
2026-07-12 14:00:00+00:00,Zone_B,1.75,0.38,1.0,0.0,0.0,0.6,369.51779411764704,-4872.37,-106.0,0.0,-4998.25,LOW
2026-07-12 15:00:00+00:00,Zone_B,1.87,0.0,3.0,0.0,0.0,0.6,369.5176470588235,-4872.72,-105.0,0.0,0.1200000000000001,LOW
2026-07-12 18:00:00+00:00,Zone_B,2.16,2.37,3.0,0.0,0.0,0.6,304.93772727272733,-4869.25,-53.0,0.0,0.1200000000000001,LOW
2026-07-12 19:00:00+00:00,Zone_B,2.13,0.67,0.0,0.0,0.0,0.6,304.9459090909091,-4868.83,-56.0,0.0,-0.0300000000000002,LOW
2026-07-12 20:00:00+00:00,Zone_B,2.15,2.92,3.0,0.0,0.0,0.6,300.4265671641791,-4871.05,-56.0,0.0,0.02,LOW
2026-07-12 21:00:00+00:00,Zone_B,2.52,10.36,3.0,0.0,0.0,0.2727272727272727,300.4376119402985,-4866.490000000001,-54.0,0.0,0.3700000000000001,LOW
2026-07-12 22:00:00+00:00,Zone_B,2.41,0.34,0.0,0.0,0.0,0.6,300.45059701492534,-4866.150000000001,-57.0,0.0,-0.1099999999999998,LOW
2026-07-12 23:00:00+00:00,Zone_B,2.2,1.39,2.0,0.0,0.0,0.6,304.98833333333334,-4864.9,-57.0,0.0,-0.2099999999999999,LOW
2026-07-13 00:00:00+00:00,Zone_B,2.09,0.5,3.0,0.0,0.0,0.6,304.9930303030303,-4867.17,-56.0,0.0,-0.1100000000000003,LOW
2026-07-13 01:00:00+00:00,Zone_B,2.0,0.02,1.0,0.0,0.0,0.6,304.9948484848485,-4870.05,-5.0,0.0,-0.0899999999999998,LOW
2026-07-13 04:00:00+00:00,Zone_B,1.94,0.0,3.0,0.0,0.0,0.6,309.6647692307692,-5867.92,-3.0,0.0,-0.08,LOW
2026-07-13 05:00:00+00:00,Zone_B,2.04,0.4,2.0,0.0,0.0,0.6,309.6655384615385,-5870.28,-2.0,0.0,0.1,LOW
2026-07-13 06:00:00+00:00,Zone_B,2.26,6.26,1.0,0.0,0.0,0.6,309.664,-5873.650000000001,49.0,0.0,0.2199999999999997,LOW
2026-07-13 07:00:00+00:00,Zone_B,2.01,3.16,1.0,0.0,0.0,0.6,232.77184615384616,-5874.03,48.0,0.0,-0.25,LOW
2026-07-13 08:00:00+00:00,Zone_B,2.16,0.62,2.0,0.0,0.0,0.6,232.7672307692308,-5874.49,47.0,0.0,0.1500000000000003,LOW
2026-07-13 09:00:00+00:00,Zone_B,2.3,2.2,4.0,0.0,0.0,0.6,229.27530303030304,-5872.76,50.0,0.0,0.1399999999999996,LOW
2026-07-13 10:00:00+00:00,Zone_B,2.33,1.58,1.0,0.0,0.0,0.6,225.88805970149252,-5872.76,48.0,0.0,0.0300000000000002,LOW
2026-07-13 11:00:00+00:00,Zone_B,2.22,0.49,2.0,0.0,0.0,0.6,151.294328358209,-5872.54,49.0,0.0,-0.1099999999999998,LOW
2026-07-13 12:00:00+00:00,Zone_B,2.1,1.43,0.0,1.0,0.0,0.6,151.29388059701492,-5871.87,46.0,1.0,-0.1200000000000001,LOW
2026-07-13 14:00:00+00:00,Zone_B,2.03,1.93,2.0,0.0,0.0,0.6,151.2913432835821,-5870.88,46.0,0.0,-0.1400000000000001,LOW
2026-07-13 15:00:00+00:00,Zone_B,2.09,3.34,3.0,0.0,0.0,0.6,151.28805970149253,-5870.22,46.0,0.0,0.06,LOW
2026-07-13 16:00:00+00:00,Zone_B,2.07,0.0,2.0,0.0,1.0,0.6,151.28358208955223,-6869.22,47.0,1.0,-0.02,LOW
2026-07-13 17:00:00+00:00,Zone_B,1.94,0.04,0.0,1.0,0.0,0.6,149.08352941176472,-7870.94,46.0,1.0,-0.1299999999999999,LOW
2026-07-13 18:00:00+00:00,Zone_B,1.97,0.0,0.0,0.0,0.0,0.6,149.0775,-7872.64,43.0,0.0,0.03,LOW
2026-07-13 19:00:00+00:00,Zone_B,1.65,0.53,3.0,0.0,0.0,0.6,151.25462686567164,-7875.81,46.0,0.0,-0.32,LOW
2026-07-13 20:00:00+00:00,Zone_B,1.9,4.14,2.0,1.0,0.0,0.6,149.04720588235293,-7873.660000000001,48.0,1.0,0.25,LOW
2026-07-13 21:00:00+00:00,Zone_B,1.84,5.2,1.0,0.0,0.0,0.6,149.04044117647058,-7869.19,46.0,0.0,-0.0599999999999998,LOW
2026-07-13 22:00:00+00:00,Zone_B,2.12,0.0,2.0,0.0,0.0,0.6,151.22701492537314,-8868.19,48.0,0.0,0.28,LOW
2026-07-14 00:00:00+00:00,Zone_B,2.16,3.51,1.0,0.0,0.0,0.6,222.5363235294118,-8865.33,44.0,0.0,-4997.84,LOW
2026-07-14 01:00:00+00:00,Zone_B,2.09,0.0,1.0,0.0,0.0,0.6,225.8310447761194,-8867.550000000001,44.0,0.0,-0.0700000000000002,LOW
2026-07-14 02:00:00+00:00,Zone_B,2.23,3.89,3.0,2.0,0.0,0.6,225.8344776119403,-8863.66,46.0,2.0,0.1400000000000001,LOW
2026-07-14 03:00:00+00:00,Zone_B,2.24,1.23,1.0,0.0,0.0,0.6,225.83731343283583,-8865.1,44.0,0.0,0.0100000000000002,LOW
2026-07-14 04:00:00+00:00,Zone_B,2.2,0.11,1.0,0.0,0.0,0.6,225.840895522388,-8866.93,42.0,0.0,-0.04,LOW
2026-07-14 05:00:00+00:00,Zone_B,2.2,1.52,0.0,0.0,1.0,0.6,225.8441791044776,-8867.6,40.0,1.0,0.0,LOW
2026-07-14 06:00:00+00:00,Zone_B,2.23,0.05,3.0,0.0,0.0,0.6,225.8434328358209,-8873.55,42.0,0.0,0.0299999999999998,LOW
2026-07-14 07:00:00+00:00,Zone_B,2.17,1.68,2.0,0.0,0.0,0.6,225.84268656716415,-7872.87,43.0,0.0,-0.06,LOW
2026-07-14 08:00:00+00:00,Zone_B,2.22,2.04,0.0,0.0,0.0,0.6,225.8476119402985,-7871.31,41.0,0.0,0.0500000000000002,LOW
2026-07-14 09:00:00+00:00,Zone_B,1.94,0.67,5.0,0.0,0.0,0.6,225.84820895522387,-6871.64,42.0,0.0,-0.2800000000000002,LOW
2026-07-14 13:00:00+00:00,Zone_B,1.77,0.0,2.0,0.0,0.0,0.6,296.0505882352941,-8874.66,40.0,0.0,-0.1999999999999999,LOW
2026-07-14 14:00:00+00:00,Zone_B,1.71,0.22,1.0,0.0,0.0,0.6,296.0425,-8876.570000000002,39.0,0.0,-0.06,LOW
2026-07-14 16:00:00+00:00,Zone_B,1.83,3.4,4.0,0.0,0.0,0.6,291.77492753623187,-8871.210000000001,36.0,0.0,-0.02,LOW
2026-07-14 17:00:00+00:00,Zone_B,1.87,0.86,1.0,0.0,0.0,0.6,291.77463768115945,-8870.82,37.0,0.0,0.04,LOW
2026-07-14 18:00:00+00:00,Zone_B,1.73,0.0,2.0,0.0,0.0,0.6,291.7765217391305,-8872.08,39.0,0.0,-0.1400000000000001,LOW
2026-07-14 19:00:00+00:00,Zone_B,1.9,2.06,2.0,0.0,0.0,0.6,219.34028985507248,-8870.02,35.0,0.0,0.1699999999999999,LOW
2026-07-14 20:00:00+00:00,Zone_B,2.03,2.02,0.0,0.0,1.0,0.6,219.3434782608696,-8869.97,33.0,1.0,0.1299999999999999,LOW
2026-07-14 23:00:00+00:00,Zone_B,2.06,2.07,5.0,0.0,0.0,0.6,222.5492647058824,-7867.559999999999,37.0,0.0,0.06,LOW
2026-07-15 00:00:00+00:00,Zone_B,1.95,0.0,0.0,0.0,0.0,0.6,222.54882352941172,-8870.94,36.0,0.0,-0.1100000000000001,LOW
2026-07-15 01:00:00+00:00,Zone_B,2.02,0.0,2.0,1.0,0.0,0.6,222.5514705882353,-9870.37,37.0,1.0,0.07,LOW
2026-07-15 02:00:00+00:00,Zone_B,1.85,0.0,0.0,2.0,0.0,0.6,219.35289855072463,-9870.37,34.0,2.0,-0.1699999999999999,LOW
2026-07-15 03:00:00+00:00,Zone_B,2.19,8.09,1.0,0.0,0.0,0.6,219.356231884058,-9871.4,34.0,0.0,0.3399999999999998,LOW
2026-07-15 08:00:00+00:00,Zone_B,1.55,0.2,2.0,0.0,0.0,0.6,225.8179104477612,-8873.320000000002,35.0,0.0,0.08,LOW
2026-07-15 09:00:00+00:00,Zone_B,1.55,0.64,4.0,1.0,0.0,0.6,225.8088059701492,-8873.88,34.0,1.0,0.0,LOW
2026-07-15 10:00:00+00:00,Zone_B,1.58,0.86,3.0,0.0,0.0,0.6,222.51132352941173,-8873.02,36.0,0.0,0.03,LOW
2026-07-15 11:00:00+00:00,Zone_B,1.63,0.63,1.0,0.0,0.0,0.6,222.5033823529412,-8873.779999999999,37.0,0.0,0.0499999999999998,LOW
2026-07-15 12:00:00+00:00,Zone_B,1.86,6.09,2.0,0.0,0.0,0.6,222.5005882352941,-8867.93,39.0,0.0,0.2300000000000002,LOW
2026-07-15 13:00:00+00:00,Zone_B,1.96,0.96,0.0,0.0,0.0,0.6,149.0,-8867.390000000001,37.0,0.0,0.0999999999999998,LOW
2026-07-15 14:00:00+00:00,Zone_B,1.79,0.75,3.0,0.0,0.0,0.6,149.00058823529412,-8867.02,39.0,0.0,-0.1699999999999999,LOW
2026-07-15 16:00:00+00:00,Zone_B,1.82,0.73,0.0,0.0,0.0,0.6,146.8678260869565,-8869.04,35.0,0.0,-0.0699999999999998,LOW
2026-07-15 17:00:00+00:00,Zone_B,1.62,0.59,2.0,0.0,0.0,0.6,146.86173913043478,-8873.38,36.0,0.0,-0.1999999999999999,LOW
2026-07-15 18:00:00+00:00,Zone_B,1.77,0.0,5.0,0.0,0.0,0.6,146.85608695652172,-8875.75,39.0,0.0,0.1499999999999999,LOW
2026-07-15 19:00:00+00:00,Zone_B,1.88,0.0,3.0,0.0,0.0,0.6,146.85246376811594,-8876.42,40.0,0.0,0.1099999999999998,LOW
2026-07-15 20:00:00+00:00,Zone_B,1.72,0.7,0.0,0.0,0.0,0.6,146.84623188405797,-8878.64,40.0,0.0,-0.1599999999999999,LOW
2026-07-15 22:00:00+00:00,Zone_B,1.84,3.18,0.0,0.0,0.0,0.6,144.754,-8885.76,44.0,0.0,0.1,LOW
2026-07-15 23:00:00+00:00,Zone_B,1.9,1.43,0.0,1.0,0.0,0.6,142.7369014084507,-8882.54,39.0,1.0,0.0599999999999998,LOW
2026-07-16 00:00:00+00:00,Zone_B,1.98,1.66,3.0,1.0,0.0,0.6,142.73535211267608,-8881.380000000001,42.0,1.0,0.08,LOW
2026-07-16 01:00:00+00:00,Zone_B,1.93,1.63,2.0,0.0,0.0,0.6,142.7343661971831,-8879.77,42.0,0.0,-0.05,LOW
2026-07-16 02:00:00+00:00,Zone_B,1.86,0.16,2.0,0.0,0.0,0.6,140.77777777777777,-8881.27,44.0,0.0,-0.0699999999999998,LOW
2026-07-16 07:00:00+00:00,Zone_B,1.74,0.59,0.0,0.0,0.0,0.6,146.8014492753623,-8885.970000000001,-6.0,0.0,-0.09,LOW
2026-07-16 09:00:00+00:00,Zone_B,1.76,0.51,4.0,0.0,0.0,0.6,219.22608695652173,-9887.28,-6.0,0.0,-4998.24,LOW
2026-07-16 10:00:00+00:00,Zone_B,1.63,0.07,1.0,0.0,0.0,0.6,219.21594202898552,-9888.79,-8.0,0.0,-0.1300000000000001,LOW
2026-07-16 12:00:00+00:00,Zone_B,1.56,0.32,2.0,0.0,0.0,0.6,210.13194444444449,-9880.83,-9.0,0.0,-0.03,LOW
2026-07-16 15:00:00+00:00,Zone_B,1.73,0.33,1.0,1.0,0.0,0.6,213.05281690140845,-9882.55,-8.0,1.0,-0.08,LOW
2026-07-16 17:00:00+00:00,Zone_B,1.89,1.24,2.0,0.0,0.0,0.6,216.06214285714287,-7883.349999999999,-6.0,0.0,0.0999999999999998,LOW
2026-07-16 18:00:00+00:00,Zone_B,2.09,2.87,2.0,0.0,0.0,0.6,213.04732394366195,-7879.24,-7.0,0.0,0.1999999999999999,LOW
2026-07-16 19:00:00+00:00,Zone_B,2.25,2.28,2.0,1.0,0.0,0.6,213.0619718309859,-7875.150000000001,-6.0,1.0,0.1600000000000001,LOW
2026-07-16 20:00:00+00:00,Zone_B,2.39,4.35,4.0,0.0,0.0,0.6,213.06887323943664,-7874.94,-2.0,0.0,0.1400000000000001,LOW
2026-07-16 23:00:00+00:00,Zone_B,2.22,0.15,1.0,0.0,0.0,0.6,144.69128571428573,-6877.570000000001,-1.0,0.0,-0.02,LOW
2026-07-17 00:00:00+00:00,Zone_B,2.35,2.83,2.0,0.0,0.0,0.6,144.694,-6878.249999999999,-2.0,0.0,0.1299999999999999,LOW
2026-07-17 01:00:00+00:00,Zone_B,2.19,1.73,0.0,0.0,0.0,0.6,144.6954285714286,-6876.52,-4.0,0.0,-0.1600000000000001,LOW
2026-07-17 02:00:00+00:00,Zone_B,2.5,6.76,3.0,1.0,0.0,0.6,144.69928571428574,-6873.65,-3.0,1.0,0.31,LOW
2026-07-17 04:00:00+00:00,Zone_B,2.6,0.22,2.0,0.0,0.0,0.2727272727272727,216.10157142857145,-6874.34,-4.0,0.0,-4997.4,LOW
2026-07-17 05:00:00+00:00,Zone_B,2.69,4.69,2.0,0.0,0.0,0.2727272727272727,216.10857142857145,-6871.169999999999,-4.0,0.0,0.0899999999999998,LOW
2026-07-17 10:00:00+00:00,Zone_B,2.41,0.78,0.0,0.0,0.0,0.6,151.10582089552238,-7869.58,-2.0,0.0,-0.2299999999999999,LOW
2026-07-17 11:00:00+00:00,Zone_B,2.3,0.54,2.0,0.0,0.0,0.6,148.91750000000002,-7871.73,0.0,0.0,-0.1100000000000003,LOW
2026-07-17 15:00:00+00:00,Zone_B,1.86,0.02,3.0,0.0,0.0,0.6,225.7192537313433,-6872.78,1.0,0.0,-4998.14,LOW
2026-07-17 18:00:00+00:00,Zone_B,2.39,9.77,1.0,2.0,0.0,0.6,229.12484848484848,-6866.0,-1.0,2.0,0.3000000000000002,LOW
2026-07-17 19:00:00+00:00,Zone_B,2.33,1.57,4.0,0.0,0.0,0.6,229.13136363636363,-6866.49,1.0,0.0,-0.06,LOW
2026-07-17 20:00:00+00:00,Zone_B,2.28,0.42,1.0,1.0,0.0,0.6,229.1351515151515,-6868.09,-2.0,1.0,-0.0500000000000002,LOW
2026-07-17 22:00:00+00:00,Zone_B,2.16,2.19,1.0,0.0,0.0,0.6,225.7501492537313,-6867.45,-6.0,0.0,-0.02,LOW
2026-07-18 00:00:00+00:00,Zone_B,2.52,9.47,3.0,2.0,0.0,0.2727272727272727,300.35477611940297,-5860.62,-4.0,2.0,-4997.48,LOW
2026-07-18 01:00:00+00:00,Zone_B,2.5,0.0,2.0,0.0,0.0,0.6,300.3619402985075,-4861.62,-2.0,0.0,-0.02,LOW
2026-07-18 02:00:00+00:00,Zone_B,2.44,4.49,2.0,0.0,0.0,0.6,300.3707462686567,-3858.13,-3.0,0.0,-0.06,LOW
2026-07-18 04:00:00+00:00,Zone_B,2.45,2.22,5.0,0.0,1.0,0.6,295.99235294117653,-4865.97,1.0,1.0,0.0700000000000002,LOW
2026-07-18 05:00:00+00:00,Zone_B,2.59,0.89,0.0,1.0,0.0,0.2727272727272727,296.0041176470588,-4865.83,-1.0,1.0,0.1399999999999996,LOW
2026-07-18 14:00:00+00:00,Zone_B,2.26,1.2,4.0,0.0,0.0,0.6,380.7148484848485,-4855.83,60.0,0.0,-4997.74,LOW
2026-07-18 15:00:00+00:00,Zone_B,2.39,2.69,2.0,1.0,0.0,0.6,380.72242424242427,-4855.0,59.0,1.0,0.1300000000000003,LOW
2026-07-18 16:00:00+00:00,Zone_B,2.22,3.53,4.0,1.0,0.0,0.6,375.0816417910447,-4849.51,59.0,1.0,-0.1699999999999999,LOW
2026-07-18 17:00:00+00:00,Zone_B,2.17,0.67,2.0,0.0,1.0,0.6,375.0898507462687,-4849.43,60.0,1.0,-0.0500000000000002,LOW
2026-07-18 18:00:00+00:00,Zone_B,2.31,4.77,1.0,0.0,0.0,0.6,375.09791044776114,-4844.66,60.0,0.0,0.1400000000000001,LOW
2026-07-18 19:00:00+00:00,Zone_B,2.25,0.42,1.0,2.0,0.0,0.6,375.1034328358209,-4844.240000000001,57.0,2.0,-0.06,LOW
2026-07-18 21:00:00+00:00,Zone_B,2.32,4.07,2.0,1.0,0.0,0.6,380.77636363636367,-4840.57,61.0,1.0,0.1299999999999999,LOW
2026-07-19 00:00:00+00:00,Zone_B,2.05,0.0,1.0,0.0,0.0,0.6,386.6112307692308,-4845.61,66.0,0.0,0.0499999999999998,LOW
2026-07-19 01:00:00+00:00,Zone_B,2.22,2.15,2.0,0.0,0.0,0.6,386.6156923076923,-4845.089999999999,66.0,0.0,0.1700000000000003,LOW
2026-07-19 02:00:00+00:00,Zone_B,2.19,0.0,1.0,1.0,0.0,0.6,386.6207692307692,-5844.249999999999,65.0,1.0,-0.0300000000000002,LOW
2026-07-19 03:00:00+00:00,Zone_B,2.12,1.78,0.0,0.0,0.0,0.6,380.795,-5842.469999999999,64.0,0.0,-0.0699999999999998,LOW
2026-07-19 04:00:00+00:00,Zone_B,2.07,0.46,2.0,0.0,0.0,0.6,375.14238805970143,-5845.889999999999,61.0,0.0,-0.0500000000000002,LOW
2026-07-19 05:00:00+00:00,Zone_B,1.99,0.16,2.0,0.0,0.0,0.6,369.6548529411765,-4846.73,63.0,0.0,-0.0799999999999998,LOW
2026-07-19 06:00:00+00:00,Zone_B,1.78,0.06,4.0,1.0,0.0,0.6,369.6541176470588,-4847.66,65.0,1.0,-0.2099999999999999,LOW
2026-07-19 07:00:00+00:00,Zone_B,1.69,0.97,5.0,0.0,0.0,0.6,369.6533823529412,-4847.28,69.0,0.0,-0.09,LOW
2026-07-19 08:00:00+00:00,Zone_B,1.81,4.4,1.0,0.0,0.0,0.6,296.1505882352941,-3843.88,69.0,0.0,0.1200000000000001,LOW
2026-07-19 09:00:00+00:00,Zone_B,1.81,3.27,4.0,0.0,0.0,0.6,296.1513235294118,-3841.12,67.0,0.0,0.0,LOW
2026-07-19 14:00:00+00:00,Zone_B,2.16,5.09,0.0,0.0,0.0,0.6,309.7647692307692,-3842.86,57.0,0.0,0.33,LOW
2026-07-19 15:00:00+00:00,Zone_B,2.07,0.0,0.0,0.0,0.0,0.6,309.77,-3843.19,3.0,0.0,-0.0900000000000003,LOW
2026-07-19 16:00:00+00:00,Zone_B,2.2,2.72,2.0,0.0,0.0,0.6,309.7763076923077,-3840.47,1.0,0.0,0.1300000000000003,LOW
2026-07-19 17:00:00+00:00,Zone_B,2.05,0.0,1.0,0.0,0.0,0.6,314.58953125,-3842.95,0.0,0.0,-0.1500000000000003,LOW
2026-07-19 20:00:00+00:00,Zone_B,1.94,0.42,2.0,0.0,0.0,0.6,324.66096774193545,-4843.76,0.0,0.0,-0.1899999999999999,LOW
2026-07-19 21:00:00+00:00,Zone_B,1.85,1.07,1.0,1.0,0.0,0.6,319.5369841269842,-4842.75,-1.0,1.0,-0.0899999999999998,LOW
2026-07-19 22:00:00+00:00,Zone_B,2.04,2.79,2.0,0.0,0.0,0.6,319.5338095238096,-4843.900000000001,-1.0,0.0,0.1899999999999999,LOW
2026-07-19 23:00:00+00:00,Zone_B,1.99,2.69,2.0,0.0,0.0,0.6,319.5301587301587,-4841.36,-7.0,0.0,-0.05,LOW
2026-07-20 02:00:00+00:00,Zone_B,2.41,2.49,0.0,0.0,0.0,0.6,398.85873015873017,-4840.79,-58.0,0.0,0.08,LOW
2026-07-20 04:00:00+00:00,Zone_B,2.38,4.17,2.0,0.0,0.0,0.6,398.85523809523806,-4837.27,-57.0,0.0,-4997.62,LOW
2026-07-20 07:00:00+00:00,Zone_B,2.27,0.2,3.0,0.0,0.0,0.6,386.648,-4839.53,-60.0,0.0,-0.06,LOW
2026-07-20 08:00:00+00:00,Zone_B,2.41,4.02,1.0,0.0,0.0,0.6,380.8262121212121,-2837.51,-60.0,0.0,0.1400000000000001,LOW
2026-07-20 09:00:00+00:00,Zone_B,2.18,0.31,0.0,0.0,0.0,0.6,380.8192424242424,-2838.24,-114.0,0.0,-0.2299999999999999,LOW
2026-07-20 10:00:00+00:00,Zone_B,2.08,0.0,2.0,0.0,0.0,0.6,380.8142424242424,-3838.02,-113.0,0.0,-0.1,LOW
2026-07-20 11:00:00+00:00,Zone_B,2.01,0.17,0.0,0.0,0.0,0.6,380.8098484848485,-3838.39,-115.0,0.0,-0.0700000000000002,LOW
2026-07-20 12:00:00+00:00,Zone_B,1.95,2.33,5.0,1.0,0.0,0.6,375.155223880597,-3838.93,-112.0,1.0,-0.0599999999999998,LOW
2026-07-20 13:00:00+00:00,Zone_B,1.97,2.05,4.0,0.0,0.0,0.6,375.1511940298508,-3836.88,-110.0,0.0,0.02,LOW
2026-07-20 16:00:00+00:00,Zone_B,1.98,0.0,3.0,0.0,0.0,0.6,300.5549253731343,-3838.83,-54.0,0.0,0.05,LOW
2026-07-20 17:00:00+00:00,Zone_B,2.05,0.65,0.0,1.0,0.0,0.6,300.5543283582089,-3839.45,-105.0,1.0,0.0699999999999998,LOW
2026-07-20 19:00:00+00:00,Zone_B,2.36,3.17,2.0,1.0,0.0,0.6,296.1644117647059,-3839.44,-101.0,1.0,0.1599999999999997,LOW
2026-07-20 20:00:00+00:00,Zone_B,2.62,8.53,0.0,0.0,0.0,0.2727272727272727,296.1694117647059,-3831.33,-153.0,0.0,0.2600000000000002,LOW
2026-07-20 21:00:00+00:00,Zone_B,2.47,1.91,2.0,1.0,0.0,0.6,296.1736764705882,-3831.43,-152.0,1.0,-0.1499999999999999,LOW
2026-07-20 22:00:00+00:00,Zone_B,2.61,5.91,3.0,0.0,0.0,0.2727272727272727,291.92362318840577,-3825.8,-149.0,0.0,0.1399999999999996,LOW
2026-07-20 23:00:00+00:00,Zone_B,2.64,1.52,1.0,0.0,0.0,0.2727272727272727,219.49811594202896,-3824.71,-150.0,0.0,0.0300000000000002,LOW
2026-07-21 00:00:00+00:00,Zone_B,2.48,1.57,0.0,0.0,0.0,0.6,219.49753623188408,-3832.61,-201.0,0.0,-0.1600000000000001,LOW
2026-07-21 03:00:00+00:00,Zone_B,2.53,0.0,3.0,2.0,0.0,0.2727272727272727,219.49971014492752,-2836.06,-143.0,2.0,0.0599999999999996,LOW
2026-07-21 04:00:00+00:00,Zone_B,2.32,0.28,2.0,1.0,0.0,0.6,219.4978260869565,-2837.9999999999995,-143.0,1.0,-0.2099999999999999,LOW
2026-07-21 05:00:00+00:00,Zone_B,2.35,4.36,0.0,0.0,0.0,0.6,219.4943478260869,-2834.53,-146.0,0.0,0.0300000000000002,LOW
2026-07-21 06:00:00+00:00,Zone_B,2.3,2.19,1.0,0.0,0.0,0.6,216.39157142857144,-2832.69,-147.0,0.0,-0.0500000000000002,LOW
2026-07-21 08:00:00+00:00,Zone_B,2.33,4.05,3.0,1.0,0.0,0.6,213.37309859154928,-2830.21,-148.0,1.0,0.0899999999999998,LOW
2026-07-21 09:00:00+00:00,Zone_B,2.33,1.89,0.0,0.0,0.0,0.6,210.44194444444443,-2829.26,-148.0,0.0,0.0,LOW
2026-07-21 10:00:00+00:00,Zone_B,2.46,0.0,3.0,0.0,0.0,0.6,210.4398611111111,-2834.69,-197.0,0.0,0.1299999999999999,LOW
2026-07-21 12:00:00+00:00,Zone_B,2.58,0.41,0.0,1.0,0.0,0.2727272727272727,276.05,-2837.46,-201.0,1.0,-4997.42,LOW
2026-07-21 13:00:00+00:00,Zone_B,2.4,0.56,3.0,0.0,0.0,0.6,207.5897260273973,-2837.32,-202.0,0.0,-0.1800000000000001,LOW
2026-07-21 16:00:00+00:00,Zone_B,2.23,0.36,2.0,0.0,0.0,0.6,213.3723943661972,-2840.15,-257.0,0.0,-0.1899999999999999,LOW
2026-07-21 17:00:00+00:00,Zone_B,2.08,0.69,1.0,0.0,0.0,0.6,213.37112676056336,-2840.13,-206.0,0.0,-0.1499999999999999,LOW
2026-07-21 18:00:00+00:00,Zone_B,2.0,0.87,3.0,0.0,0.0,0.6,213.36676056338027,-2844.03,-209.0,0.0,-0.08,LOW
2026-07-21 19:00:00+00:00,Zone_B,2.08,4.73,3.0,1.0,0.0,0.6,213.36436619718307,-2839.72,-208.0,1.0,0.08,LOW
2026-07-21 20:00:00+00:00,Zone_B,2.18,4.04,3.0,0.0,0.0,0.6,213.3642253521127,-2836.38,-155.0,0.0,0.1,LOW
2026-07-21 21:00:00+00:00,Zone_B,2.02,0.45,0.0,0.0,0.0,0.6,213.36,-2840.0,-209.0,0.0,-0.1600000000000001,LOW
2026-07-21 22:00:00+00:00,Zone_B,2.16,0.82,1.0,0.0,0.0,0.6,210.42666666666668,-2839.43,-211.0,0.0,0.1400000000000001,LOW
2026-07-21 23:00:00+00:00,Zone_B,2.05,0.31,3.0,0.0,0.0,0.6,213.36295774647888,-2843.28,-209.0,0.0,-0.1100000000000003,LOW
2026-07-22 00:00:00+00:00,Zone_B,2.04,0.0,2.0,0.0,0.0,0.6,213.36281690140845,-3842.28,-157.0,0.0,-0.0099999999999997,LOW
2026-07-22 01:00:00+00:00,Zone_B,1.99,0.0,2.0,0.0,0.0,0.6,213.35957746478877,-4843.43,-157.0,0.0,-0.05,LOW
2026-07-22 02:00:00+00:00,Zone_B,1.84,0.47,0.0,0.0,0.0,0.6,213.35464788732395,-3843.96,-163.0,0.0,-0.1499999999999999,LOW
2026-07-22 03:00:00+00:00,Zone_B,1.86,0.8,0.0,0.0,0.0,0.6,213.3509859154929,-3844.94,-216.0,0.0,0.02,LOW
2026-07-22 06:00:00+00:00,Zone_B,1.84,1.9,3.0,0.0,0.0,0.6,216.3657142857143,-3841.98,-212.0,0.0,0.1600000000000001,LOW
2026-07-22 07:00:00+00:00,Zone_B,2.33,0.0,3.0,0.0,0.0,0.6,216.37485714285717,-4841.95,-209.0,0.0,0.49,LOW
2026-07-22 08:00:00+00:00,Zone_B,2.34,0.49,3.0,1.0,0.0,0.6,216.3824285714286,-4845.86,-209.0,1.0,0.0099999999999997,LOW
2026-07-22 09:00:00+00:00,Zone_B,2.4,1.52,2.0,0.0,0.0,0.6,216.39085714285716,-4847.610000000001,-107.0,0.0,0.06,LOW
2026-07-22 10:00:00+00:00,Zone_B,2.42,1.91,1.0,0.0,0.0,0.6,216.39742857142855,-4847.33,-109.0,0.0,0.02,LOW
2026-07-22 11:00:00+00:00,Zone_B,2.27,0.0,1.0,0.0,0.0,0.6,210.45152777777776,-4851.21,-108.0,0.0,-0.1499999999999999,LOW
2026-07-22 14:00:00+00:00,Zone_B,2.05,0.22,2.0,0.0,0.0,0.6,213.39183098591548,-4854.27,-107.0,0.0,-0.0300000000000002,LOW
2026-07-22 15:00:00+00:00,Zone_B,2.31,2.58,1.0,0.0,0.0,0.6,213.3952112676056,-4851.69,-56.0,0.0,0.2600000000000002,LOW
2026-07-22 16:00:00+00:00,Zone_B,2.44,3.37,0.0,0.0,0.0,0.6,213.39859154929576,-4851.04,-58.0,0.0,0.1299999999999999,LOW
2026-07-22 17:00:00+00:00,Zone_B,2.35,1.89,1.0,1.0,0.0,0.6,213.40281690140844,-4849.150000000001,-58.0,1.0,-0.0899999999999998,LOW
2026-07-22 18:00:00+00:00,Zone_B,2.28,0.07,0.0,0.0,0.0,0.6,210.47055555555556,-4859.219999999999,-61.0,0.0,-0.0700000000000002,LOW
2026-07-22 19:00:00+00:00,Zone_B,2.37,0.85,3.0,0.0,0.0,0.6,210.4738888888889,-3859.37,-61.0,0.0,0.0900000000000003,LOW
2026-07-22 20:00:00+00:00,Zone_B,2.21,0.0,1.0,1.0,0.0,0.6,210.4776388888889,-3859.79,-63.0,1.0,-0.1600000000000001,LOW
2026-07-22 21:00:00+00:00,Zone_B,2.32,3.7,0.0,1.0,0.0,0.6,210.48416666666668,-3857.16,-13.0,1.0,0.1099999999999998,LOW
2026-07-22 22:00:00+00:00,Zone_B,2.24,1.39,3.0,0.0,0.0,0.6,210.48694444444445,-3858.56,-11.0,0.0,-0.0799999999999996,LOW
2026-07-22 23:00:00+00:00,Zone_B,2.57,2.7,4.0,0.0,0.0,0.2727272727272727,210.495,-3858.55,-10.0,0.0,0.3299999999999996,LOW
2026-06-01 01:00:00+00:00,Zone_C,1.67,1.08,0.0,0.0,0.0,0.5,1.68,1.08,3.0,0.0,-0.02,LOW
2026-06-01 02:00:00+00:00,Zone_C,1.58,1.3,2.0,0.0,0.0,0.5,1.6466666666666665,2.38,5.0,0.0,-0.0899999999999998,LOW
2026-06-01 05:00:00+00:00,Zone_C,1.96,0.89,2.0,0.0,0.0,0.5,1.748,-995.65,8.0,0.0,0.1199999999999998,LOW
2026-06-01 06:00:00+00:00,Zone_C,2.01,1.76,1.0,2.0,0.0,0.5,1.8157142857142856,-993.0,11.0,2.0,0.0499999999999998,LOW
2026-06-01 07:00:00+00:00,Zone_C,2.03,0.56,3.0,0.0,0.0,0.5,1.8425,-992.44,14.0,0.0,0.02,LOW
2026-06-01 08:00:00+00:00,Zone_C,2.27,0.39,3.0,0.0,0.0,0.5,1.904,-991.49,20.0,0.0,0.2400000000000002,LOW
2026-06-01 09:00:00+00:00,Zone_C,2.4,0.51,2.0,2.0,0.0,0.5,1.949090909090909,-990.98,22.0,2.0,0.1299999999999999,LOW
2026-06-01 10:00:00+00:00,Zone_C,2.57,2.76,3.0,1.0,0.0,0.7142857142857143,2.000833333333333,-988.22,25.0,1.0,0.1699999999999999,LOW
2026-06-01 11:00:00+00:00,Zone_C,2.51,1.72,2.0,0.0,0.0,0.7142857142857143,2.04,-986.5,27.0,0.0,-0.06,LOW
2026-06-01 12:00:00+00:00,Zone_C,2.43,2.98,3.0,2.0,0.0,0.5,2.0678571428571426,-983.52,30.0,2.0,-0.0799999999999996,LOW
2026-06-01 13:00:00+00:00,Zone_C,2.36,0.35,6.0,0.0,0.0,0.5,2.087333333333333,-983.17,36.0,0.0,-0.0700000000000002,LOW
2026-06-01 14:00:00+00:00,Zone_C,2.34,1.02,2.0,0.0,0.0,0.5,2.103125,-982.15,38.0,0.0,-0.02,LOW
2026-06-01 15:00:00+00:00,Zone_C,2.26,0.76,0.0,0.0,0.0,0.5,2.1123529411764705,-981.39,38.0,0.0,-0.08,LOW
2026-06-01 16:00:00+00:00,Zone_C,2.1,2.88,0.0,0.0,0.0,0.5,2.1116666666666664,-978.51,38.0,0.0,-0.1599999999999997,LOW
2026-06-01 17:00:00+00:00,Zone_C,2.01,0.03,3.0,0.0,0.0,0.5,2.106,-975.6,41.0,0.0,-0.0900000000000003,LOW
2026-06-01 20:00:00+00:00,Zone_C,2.58,3.88,1.0,0.0,0.0,0.7142857142857143,2.1427272727272726,-1969.08,45.0,0.0,0.1400000000000001,LOW
2026-06-01 21:00:00+00:00,Zone_C,2.54,0.0,4.0,0.0,0.0,0.7142857142857143,2.16,-2968.08,49.0,0.0,-0.04,LOW
2026-06-01 22:00:00+00:00,Zone_C,2.76,6.1,2.0,2.0,0.0,0.7142857142857143,2.185,-2961.98,51.0,2.0,0.2199999999999997,LOW
2026-06-01 23:00:00+00:00,Zone_C,2.69,2.34,2.0,1.0,0.0,0.7142857142857143,2.2052,-2959.64,53.0,1.0,-0.0699999999999998,LOW
2026-06-02 00:00:00+00:00,Zone_C,2.52,1.16,2.0,0.0,1.0,0.7142857142857143,2.2173076923076924,-2958.48,52.0,1.0,-0.1699999999999999,LOW
2026-06-02 01:00:00+00:00,Zone_C,2.46,0.2,1.0,0.0,0.0,0.5,2.2262962962962964,-2958.28,53.0,0.0,-0.06,LOW
2026-06-02 02:00:00+00:00,Zone_C,2.48,1.36,0.0,0.0,0.0,0.5,2.2353571428571426,-2956.92,51.0,0.0,0.02,LOW
2026-06-02 03:00:00+00:00,Zone_C,2.44,0.0,2.0,0.0,0.0,0.5,2.242413793103448,-3955.92,52.0,0.0,-0.04,LOW
2026-06-02 07:00:00+00:00,Zone_C,2.56,6.45,1.0,0.0,0.0,0.7142857142857143,2.265,-3946.79,49.0,0.0,0.1600000000000001,LOW
2026-06-02 10:00:00+00:00,Zone_C,2.58,0.23,3.0,0.0,0.0,0.7142857142857143,2.286470588235294,-3946.03,49.0,0.0,-0.1,LOW
2026-06-02 11:00:00+00:00,Zone_C,2.88,5.25,1.0,0.0,0.0,0.7142857142857143,2.3034285714285714,-3940.78,48.0,0.0,0.2999999999999998,LOW
2026-06-02 12:00:00+00:00,Zone_C,3.2,7.75,2.0,1.0,0.0,0.7142857142857143,2.328333333333333,-3933.03,47.0,1.0,0.3200000000000003,MODERATE
2026-06-02 15:00:00+00:00,Zone_C,3.07,0.08,0.0,4.0,0.0,0.7142857142857143,130.51615384615386,-3927.0,-8.0,4.0,-0.1700000000000003,MODERATE
2026-06-02 16:00:00+00:00,Zone_C,2.87,0.11,1.0,0.0,0.0,0.7142857142857143,127.325,-3926.89,-7.0,0.0,-0.1999999999999997,LOW
2026-06-02 17:00:00+00:00,Zone_C,2.94,4.79,2.0,0.0,0.0,0.7142857142857143,124.29121951219513,-3922.1,-8.0,0.0,0.0699999999999998,LOW
2026-06-02 18:00:00+00:00,Zone_C,2.95,0.0,1.0,1.0,0.0,0.7142857142857143,121.40214285714283,-3922.1,-8.0,1.0,0.0100000000000002,LOW
2026-06-02 19:00:00+00:00,Zone_C,2.9,0.15,0.0,1.0,0.0,0.7142857142857143,118.64627906976744,-3921.95,-10.0,1.0,-0.0500000000000002,LOW
2026-06-02 21:00:00+00:00,Zone_C,3.06,1.73,0.0,0.0,1.0,0.7142857142857143,113.50822222222222,-3918.13,-65.0,1.0,0.04,MODERATE
2026-06-02 22:00:00+00:00,Zone_C,3.45,10.2,5.0,2.0,1.0,0.7142857142857143,111.11565217391303,-3907.93,-62.0,3.0,0.3900000000000001,MODERATE
2026-06-02 23:00:00+00:00,Zone_C,3.34,0.72,2.0,1.0,0.0,0.7142857142857143,108.82255319148936,-3907.21,-62.0,1.0,-0.1100000000000003,MODERATE
2026-06-03 00:00:00+00:00,Zone_C,3.55,8.81,0.0,3.0,0.0,0.2352941176470588,106.629375,-3898.4,-64.0,3.0,0.2099999999999999,MODERATE
2026-06-03 01:00:00+00:00,Zone_C,3.31,0.36,3.0,2.0,1.0,0.7142857142857143,104.5208163265306,-3898.04,-62.0,3.0,-0.2399999999999997,MODERATE
2026-06-03 02:00:00+00:00,Zone_C,3.18,1.9,0.0,0.0,0.0,0.7142857142857143,102.494,-3896.14,-112.0,0.0,-0.1299999999999999,MODERATE
2026-06-03 07:00:00+00:00,Zone_C,3.75,6.3,1.0,4.0,0.0,0.2352941176470588,96.89075471698114,-3880.85,-109.0,4.0,0.2599999999999998,MODERATE
2026-06-03 08:00:00+00:00,Zone_C,3.57,1.25,1.0,1.0,2.0,0.2352941176470588,95.1625925925926,-3879.6,-112.0,3.0,-0.1800000000000001,MODERATE
2026-06-03 10:00:00+00:00,Zone_C,3.6,3.54,2.0,5.0,0.0,0.2352941176470588,91.89321428571428,-3874.62,-113.0,5.0,-0.04,MODERATE
2026-06-03 11:00:00+00:00,Zone_C,3.44,1.38,3.0,3.0,0.0,0.7142857142857143,90.34140350877192,-3873.24,-111.0,3.0,-0.1600000000000001,MODERATE
2026-06-03 12:00:00+00:00,Zone_C,3.47,4.01,0.0,2.0,0.0,0.7142857142857143,87.39610169491526,-3867.85,-110.0,2.0,0.0300000000000002,MODERATE
2026-06-03 15:00:00+00:00,Zone_C,3.31,0.63,5.0,1.0,0.0,0.7142857142857143,84.64016393442621,-3864.46,-57.0,1.0,-0.06,MODERATE
2026-06-03 16:00:00+00:00,Zone_C,3.35,4.31,0.0,2.0,0.0,0.7142857142857143,82.05888888888889,-3859.52,-103.0,2.0,0.04,MODERATE
2026-06-03 17:00:00+00:00,Zone_C,3.3,0.18,4.0,1.0,1.0,0.7142857142857143,80.82828124999999,-3859.34,-101.0,2.0,-0.0500000000000002,MODERATE
2026-06-03 20:00:00+00:00,Zone_C,3.3,6.6,2.0,2.0,0.0,0.7142857142857143,78.47636363636363,-3850.21,-46.0,2.0,0.1699999999999999,MODERATE
2026-06-03 21:00:00+00:00,Zone_C,2.92,0.14,2.0,3.0,0.0,0.7142857142857143,77.3486567164179,-3850.07,-44.0,3.0,-0.3799999999999999,LOW
2026-06-03 22:00:00+00:00,Zone_C,2.76,0.99,1.0,2.0,0.0,0.7142857142857143,76.25176470588235,-3849.08,-48.0,2.0,-0.1600000000000001,LOW
2026-06-04 01:00:00+00:00,Zone_C,2.76,2.4,0.0,0.0,0.0,0.7142857142857143,76.28470588235294,-3845.34,-100.0,0.0,-0.08,LOW
2026-06-04 02:00:00+00:00,Zone_C,2.6,0.6,0.0,0.0,0.0,0.7142857142857143,76.29970588235294,-3846.04,-50.0,0.0,-0.1599999999999997,LOW
2026-06-04 05:00:00+00:00,Zone_C,2.51,2.21,1.0,0.0,1.0,0.7142857142857143,77.42522388059702,-3845.47,-57.0,1.0,0.1499999999999999,LOW
2026-06-04 06:00:00+00:00,Zone_C,3.03,14.17,3.0,2.0,0.0,0.7142857142857143,77.44044776119402,-3833.06,-56.0,2.0,0.52,MODERATE
2026-06-04 07:00:00+00:00,Zone_C,3.1,1.58,0.0,3.0,1.0,0.7142857142857143,78.59924242424242,-3832.6,-57.0,4.0,0.0700000000000002,MODERATE
2026-06-04 09:00:00+00:00,Zone_C,2.95,0.22,4.0,3.0,0.0,0.7142857142857143,77.48820895522388,-3829.48,-51.0,3.0,0.0100000000000002,LOW
2026-06-04 11:00:00+00:00,Zone_C,3.03,2.54,2.0,1.0,1.0,0.7142857142857143,152.0844776119403,-3831.17,-57.0,2.0,-4996.97,MODERATE
2026-06-04 12:00:00+00:00,Zone_C,2.97,0.0,4.0,2.0,1.0,0.7142857142857143,152.0925373134328,-3834.15,-53.0,3.0,-0.0599999999999996,LOW
2026-06-04 15:00:00+00:00,Zone_C,2.82,2.14,2.0,0.0,1.0,0.7142857142857143,152.11432835820895,-3831.04,-46.0,1.0,0.02,LOW
2026-06-04 16:00:00+00:00,Zone_C,2.81,2.38,0.0,2.0,2.0,0.7142857142857143,154.39803030303028,-3834.42,4.0,4.0,-0.0099999999999997,LOW
2026-06-04 17:00:00+00:00,Zone_C,2.86,0.92,2.0,0.0,0.0,0.7142857142857143,154.4109090909091,-3833.53,2.0,0.0,0.0499999999999998,LOW
2026-06-04 18:00:00+00:00,Zone_C,2.7,1.46,3.0,2.0,0.0,0.7142857142857143,152.1465671641791,-3833.71,2.0,2.0,-0.1599999999999997,LOW
2026-06-04 19:00:00+00:00,Zone_C,2.84,1.99,2.0,0.0,0.0,0.7142857142857143,152.15253731343282,-2832.7200000000003,3.0,0.0,0.1399999999999996,LOW
2026-06-04 20:00:00+00:00,Zone_C,2.93,2.11,2.0,2.0,1.0,0.7142857142857143,152.15776119402986,-2834.49,3.0,3.0,0.0900000000000003,LOW
2026-06-04 22:00:00+00:00,Zone_C,3.02,0.0,1.0,1.0,0.0,0.7142857142857143,226.75059701492532,-1839.86,2.0,1.0,-4996.98,MODERATE
2026-06-04 23:00:00+00:00,Zone_C,2.84,2.03,0.0,1.0,0.0,0.7142857142857143,223.46264705882356,-1840.17,1.0,1.0,-0.1800000000000001,LOW
2026-06-05 00:00:00+00:00,Zone_C,2.9,4.84,4.0,1.0,0.0,0.7142857142857143,223.46823529411765,-1836.49,4.0,1.0,0.06,LOW
2026-06-05 02:00:00+00:00,Zone_C,3.0,0.26,1.0,0.0,0.0,0.7142857142857143,223.48397058823528,-1834.85,55.0,0.0,-0.0099999999999997,MODERATE
2026-06-05 03:00:00+00:00,Zone_C,2.95,0.27,3.0,0.0,0.0,0.7142857142857143,223.4914705882353,-835.58,57.0,0.0,-0.0499999999999998,LOW
2026-06-05 04:00:00+00:00,Zone_C,5.14,44.73,20.0,9.0,2.0,1.0,220.32695652173916,-791.07,76.0,11.0,2.1899999999999995,SEVERE
2026-06-05 07:00:00+00:00,Zone_C,6.44,25.67,16.0,10.0,2.0,1.0,223.63617647058825,-743.4,132.0,12.0,0.7300000000000004,SEVERE
2026-06-07 09:00:00+00:00,Zone_C,6.34,0.69,0.0,9.0,1.0,1.0,227.63652173913044,-1771.36,304.0,10.0,-0.4699999999999997,SEVERE
2026-06-07 10:00:00+00:00,Zone_C,5.74,0.54,23.0,9.0,2.0,1.0,155.25594202898552,-1771.07,304.0,11.0,-0.5999999999999996,SEVERE
2026-06-07 13:00:00+00:00,Zone_C,5.33,0.24,0.0,9.0,2.0,1.0,155.3295652173913,-1762.36,234.0,11.0,-0.4199999999999999,SEVERE
2026-06-07 14:00:00+00:00,Zone_C,5.13,2.82,28.0,7.0,2.0,1.0,157.6069117647059,-1760.22,235.0,9.0,-0.2000000000000001,SEVERE
2026-06-07 15:00:00+00:00,Zone_C,4.96,0.78,15.0,10.0,1.0,1.0,157.63838235294116,-1761.58,226.0,11.0,-0.1699999999999999,SEVERE
2026-06-07 16:00:00+00:00,Zone_C,4.62,0.0,27.0,8.0,1.0,1.0,157.66500000000002,-1763.96,253.0,9.0,-0.3399999999999998,SEVERE
2026-06-07 17:00:00+00:00,Zone_C,4.53,2.64,25.0,10.0,2.0,1.0,157.6895588235294,-1762.24,256.0,12.0,-0.0899999999999998,SEVERE
2026-06-07 18:00:00+00:00,Zone_C,4.4,1.85,2.0,8.0,2.0,0.2352941176470588,157.71455882352942,-1761.85,234.0,10.0,-0.1299999999999999,MODERATE
2026-06-07 19:00:00+00:00,Zone_C,4.33,2.5,0.0,7.0,1.0,0.2352941176470588,157.7364705882353,-1761.34,234.0,8.0,-0.0700000000000002,MODERATE
2026-06-07 20:00:00+00:00,Zone_C,4.23,1.41,1.0,9.0,1.0,0.2352941176470588,157.75558823529414,-1762.04,217.0,10.0,-0.0999999999999996,MODERATE
2026-06-07 22:00:00+00:00,Zone_C,4.14,0.0,4.0,7.0,1.0,0.2352941176470588,160.0817910447761,-1762.5700000000002,189.0,8.0,-4995.86,MODERATE
2026-06-08 03:00:00+00:00,Zone_C,4.16,16.75,0.0,6.0,0.0,0.2352941176470588,164.95923076923077,-1751.6,173.0,6.0,0.4700000000000002,MODERATE
2026-06-08 04:00:00+00:00,Zone_C,4.03,0.0,3.0,5.0,3.0,0.2352941176470588,164.94215384615387,-1796.33,176.0,8.0,-0.1299999999999999,MODERATE
2026-06-08 06:00:00+00:00,Zone_C,4.0,0.98,0.0,4.0,1.0,0.2352941176470588,162.47833333333332,-1823.85,153.0,5.0,-0.04,MODERATE
2026-06-08 07:00:00+00:00,Zone_C,3.79,0.72,0.0,5.0,0.0,0.2352941176470588,162.43818181818182,-1848.8,127.0,5.0,-0.2099999999999999,MODERATE
2026-06-08 08:00:00+00:00,Zone_C,3.47,0.12,3.0,3.0,0.0,0.7142857142857143,162.36848484848483,-1892.96,130.0,3.0,-0.3199999999999998,MODERATE
2026-06-08 11:00:00+00:00,Zone_C,3.04,0.08,0.0,1.0,1.0,0.7142857142857143,162.15545454545455,-1983.19,92.0,2.0,-0.2000000000000001,MODERATE
2026-06-08 12:00:00+00:00,Zone_C,3.08,1.57,0.0,2.0,0.0,0.7142857142857143,162.01969696969698,-2029.53,70.0,2.0,0.04,MODERATE
2026-06-08 13:00:00+00:00,Zone_C,3.1,1.83,0.0,1.0,1.0,0.7142857142857143,159.64776119402984,-2075.15,120.0,2.0,0.02,MODERATE
2026-06-08 14:00:00+00:00,Zone_C,3.19,3.4,0.0,0.0,0.0,0.7142857142857143,159.4873134328358,-2107.09,92.0,0.0,0.0899999999999998,MODERATE
2026-06-08 15:00:00+00:00,Zone_C,3.26,1.75,2.0,0.0,0.0,0.7142857142857143,159.31955223880595,-2139.37,79.0,0.0,0.0699999999999998,MODERATE
2026-06-08 16:00:00+00:00,Zone_C,3.15,0.0,0.0,4.0,0.0,0.7142857142857143,159.1644776119403,-3148.83,2.0,4.0,-0.1099999999999998,MODERATE
2026-06-08 17:00:00+00:00,Zone_C,3.1,0.74,3.0,2.0,0.0,0.7142857142857143,159.00597014925373,-3176.3,-20.0,2.0,-0.0499999999999998,MODERATE
2026-06-08 18:00:00+00:00,Zone_C,2.88,0.34,1.0,1.0,0.0,0.7142857142857143,158.8292537313433,-2176.96,-21.0,1.0,-0.2200000000000002,LOW
2026-06-08 20:00:00+00:00,Zone_C,3.08,1.1,0.0,1.0,0.0,0.7142857142857143,151.78728571428573,-2244.88,-14.0,1.0,0.06,MODERATE
2026-06-08 23:00:00+00:00,Zone_C,3.22,1.07,0.0,3.0,1.0,0.7142857142857143,151.45142857142858,-2300.74,-16.0,4.0,-0.1799999999999997,MODERATE
2026-06-09 00:00:00+00:00,Zone_C,3.11,2.54,3.0,0.0,1.0,0.7142857142857143,151.27714285714288,-2339.36,-14.0,1.0,-0.1100000000000003,MODERATE
2026-06-09 01:00:00+00:00,Zone_C,2.94,0.45,1.0,0.0,0.0,0.7142857142857143,149.1878873239437,-2354.69,-15.0,0.0,-0.1699999999999999,LOW
2026-06-09 03:00:00+00:00,Zone_C,2.75,0.0,2.0,0.0,0.0,0.7142857142857143,150.74114285714288,-3468.1000000000004,-12.0,0.0,0.02,LOW
2026-06-09 04:00:00+00:00,Zone_C,2.81,1.89,3.0,1.0,0.0,0.7142857142857143,150.5494285714286,-3508.02,-12.0,1.0,0.06,LOW
2026-06-09 05:00:00+00:00,Zone_C,2.72,0.51,1.0,2.0,0.0,0.7142857142857143,150.34185714285715,-3556.0600000000004,-11.0,2.0,-0.0899999999999998,LOW
2026-06-09 06:00:00+00:00,Zone_C,2.53,0.43,0.0,1.0,0.0,0.7142857142857143,150.13642857142855,-3577.31,-11.0,1.0,-0.1900000000000004,LOW
2026-06-09 07:00:00+00:00,Zone_C,2.59,1.09,0.0,1.0,0.0,0.7142857142857143,149.92485714285715,-3613.0,-61.0,1.0,0.06,LOW
2026-06-09 08:00:00+00:00,Zone_C,2.64,1.69,1.0,1.0,0.0,0.7142857142857143,149.72185714285712,-3627.22,-63.0,1.0,0.0500000000000002,LOW
2026-06-09 09:00:00+00:00,Zone_C,2.55,0.0,1.0,2.0,0.0,0.7142857142857143,149.52800000000002,-4639.34,-64.0,2.0,-0.0900000000000003,LOW
2026-06-09 11:00:00+00:00,Zone_C,2.58,1.49,2.0,0.0,0.0,0.7142857142857143,147.09845070422537,-3650.27,-59.0,0.0,0.0300000000000002,LOW
2026-06-09 12:00:00+00:00,Zone_C,2.62,0.02,2.0,0.0,0.0,0.7142857142857143,146.9042253521127,-3698.36,-57.0,0.0,0.04,LOW
2026-06-09 13:00:00+00:00,Zone_C,2.58,3.12,2.0,2.0,0.0,0.7142857142857143,146.70281690140845,-3730.5,-55.0,2.0,-0.04,LOW
2026-06-09 14:00:00+00:00,Zone_C,2.49,0.85,0.0,0.0,0.0,0.5,146.51098591549294,-3747.03,-55.0,0.0,-0.0899999999999998,LOW
2026-06-09 15:00:00+00:00,Zone_C,2.43,0.2,3.0,1.0,0.0,0.5,146.31591549295774,-3746.83,-54.0,1.0,-0.06,LOW
2026-06-09 16:00:00+00:00,Zone_C,2.6,0.0,4.0,1.0,0.0,0.7142857142857143,146.11309859154932,-4785.64,0.0,1.0,0.1699999999999999,LOW
2026-06-09 17:00:00+00:00,Zone_C,2.76,2.07,1.0,0.0,0.0,0.7142857142857143,144.12208333333334,-4827.34,-2.0,0.0,0.1599999999999997,LOW
2026-06-09 18:00:00+00:00,Zone_C,2.97,6.98,3.0,1.0,0.0,0.7142857142857143,143.90930555555553,-4820.36,-3.0,1.0,0.2100000000000004,LOW
2026-06-09 21:00:00+00:00,Zone_C,2.76,1.49,3.0,1.0,0.0,0.7142857142857143,282.1193055555556,-4866.429999999999,-3.0,1.0,-4997.24,LOW
2026-06-09 22:00:00+00:00,Zone_C,2.82,0.0,0.0,2.0,1.0,0.7142857142857143,281.9477777777778,-4871.08,-7.0,3.0,0.06,LOW
2026-06-09 23:00:00+00:00,Zone_C,2.8,1.48,5.0,0.0,0.0,0.7142857142857143,281.7933333333333,-4872.64,-2.0,0.0,-0.02,LOW
2026-06-10 01:00:00+00:00,Zone_C,2.94,0.48,0.0,0.0,0.0,0.7142857142857143,277.7157534246575,-4871.51,-54.0,0.0,0.1099999999999998,LOW
2026-06-10 02:00:00+00:00,Zone_C,2.88,2.47,2.0,1.0,0.0,0.7142857142857143,281.3176388888889,-4870.139999999999,-55.0,1.0,-0.06,LOW
2026-06-10 03:00:00+00:00,Zone_C,2.82,0.0,0.0,1.0,0.0,0.7142857142857143,281.2195833333333,-5871.79,-57.0,1.0,-0.06,LOW
2026-06-10 04:00:00+00:00,Zone_C,2.91,0.83,0.0,3.0,0.0,0.7142857142857143,281.1354166666667,-5873.28,-110.0,3.0,0.0900000000000003,LOW
2026-06-10 05:00:00+00:00,Zone_C,3.02,3.13,4.0,1.0,0.0,0.7142857142857143,281.0620833333333,-5870.2,-107.0,1.0,0.1099999999999998,MODERATE
2026-06-10 06:00:00+00:00,Zone_C,2.78,0.88,3.0,2.0,0.0,0.7142857142857143,277.18520547945207,-4867.1900000000005,-100.0,2.0,-0.2400000000000002,LOW
2026-06-10 07:00:00+00:00,Zone_C,2.84,0.0,5.0,2.0,1.0,0.7142857142857143,273.4778378378378,-4868.110000000001,-45.0,3.0,0.06,LOW
2026-06-10 08:00:00+00:00,Zone_C,2.62,0.24,1.0,2.0,0.0,0.7142857142857143,273.42121621621624,-4869.58,-45.0,2.0,-0.2199999999999997,LOW
2026-06-10 09:00:00+00:00,Zone_C,2.55,0.53,2.0,0.0,0.0,0.7142857142857143,273.37,-4869.74,-44.0,0.0,-0.0700000000000002,LOW
2026-06-10 11:00:00+00:00,Zone_C,2.35,0.5,0.0,0.0,0.0,0.5,336.3465333333333,-4876.6,-100.0,0.0,-4997.65,LOW
2026-06-10 15:00:00+00:00,Zone_C,2.7,1.58,1.0,0.0,0.0,0.7142857142857143,408.2422972972973,-5878.22,-98.0,0.0,-4997.3,LOW
2026-06-10 16:00:00+00:00,Zone_C,3.1,9.88,3.0,3.0,0.0,0.7142857142857143,408.2217567567568,-5868.34,-99.0,3.0,0.3999999999999999,MODERATE
2026-06-10 18:00:00+00:00,Zone_C,3.03,2.63,3.0,4.0,0.0,0.7142857142857143,408.1831081081081,-5869.7300000000005,-98.0,4.0,-0.0100000000000002,MODERATE
2026-06-10 20:00:00+00:00,Zone_C,3.14,1.89,2.0,2.0,1.0,0.7142857142857143,408.14972972972976,-5870.72,-94.0,3.0,0.1899999999999999,MODERATE
2026-06-10 21:00:00+00:00,Zone_C,3.07,0.27,2.0,0.0,0.0,0.7142857142857143,336.1238666666667,-5869.759999999999,-93.0,0.0,-0.0700000000000002,MODERATE
2026-06-10 22:00:00+00:00,Zone_C,2.93,1.6,1.0,0.0,0.0,0.7142857142857143,336.10773333333333,-5868.16,-92.0,0.0,-0.1399999999999996,LOW
2026-06-10 23:00:00+00:00,Zone_C,2.98,0.55,2.0,0.0,1.0,0.7142857142857143,331.7244736842105,-5868.14,-95.0,1.0,0.0499999999999998,LOW
2026-06-11 00:00:00+00:00,Zone_C,3.13,0.83,0.0,2.0,0.0,0.7142857142857143,327.44740259740263,-5867.46,-95.0,2.0,0.1499999999999999,MODERATE
2026-06-11 01:00:00+00:00,Zone_C,2.93,0.96,1.0,2.0,0.0,0.7142857142857143,323.2869230769231,-5868.76,-44.0,2.0,-0.1999999999999997,LOW
2026-06-11 02:00:00+00:00,Zone_C,3.16,5.6,5.0,0.0,0.0,0.7142857142857143,323.2801282051282,-5864.2300000000005,-41.0,0.0,0.2299999999999999,MODERATE
2026-06-11 03:00:00+00:00,Zone_C,3.12,2.18,0.0,3.0,1.0,0.7142857142857143,323.2667948717949,-5878.8,-41.0,4.0,-0.04,MODERATE
2026-06-11 04:00:00+00:00,Zone_C,3.02,0.59,3.0,3.0,0.0,0.7142857142857143,323.2538461538461,-5878.21,12.0,3.0,-0.1,MODERATE
2026-06-11 05:00:00+00:00,Zone_C,3.08,2.11,0.0,3.0,1.0,0.7142857142857143,323.2415384615385,-5878.51,4.0,4.0,0.06,MODERATE
2026-06-11 08:00:00+00:00,Zone_C,2.93,0.02,2.0,1.0,0.0,0.7142857142857143,323.21217948717947,-5877.76,0.0,1.0,-0.0299999999999998,LOW
2026-06-11 09:00:00+00:00,Zone_C,3.01,1.84,3.0,2.0,1.0,0.7142857142857143,259.1482051282051,-5877.55,1.0,3.0,0.0799999999999996,MODERATE
2026-06-11 10:00:00+00:00,Zone_C,2.98,2.43,2.0,2.0,1.0,0.7142857142857143,259.1448717948718,-5876.38,1.0,3.0,-0.0299999999999998,LOW
2026-06-11 13:00:00+00:00,Zone_C,3.03,2.7,4.0,0.0,0.0,0.7142857142857143,262.46857142857147,-5874.39,48.0,0.0,0.0599999999999996,MODERATE
2026-06-11 14:00:00+00:00,Zone_C,3.06,1.72,1.0,0.0,2.0,0.7142857142857143,262.4668831168831,-5876.07,48.0,2.0,0.0300000000000002,MODERATE
2026-06-11 15:00:00+00:00,Zone_C,2.95,1.73,2.0,1.0,0.0,0.7142857142857143,262.4628571428572,-5876.09,49.0,1.0,-0.1099999999999998,LOW
2026-06-11 16:00:00+00:00,Zone_C,3.25,10.63,0.0,2.0,1.0,0.7142857142857143,262.4641558441558,-4866.46,46.0,3.0,0.2999999999999998,MODERATE
2026-06-11 17:00:00+00:00,Zone_C,3.29,2.19,3.0,2.0,0.0,0.7142857142857143,262.4666233766234,-4865.01,47.0,2.0,0.04,MODERATE
2026-06-11 19:00:00+00:00,Zone_C,3.09,0.69,3.0,1.0,1.0,0.7142857142857143,272.99486486486484,-4863.320000000001,44.0,2.0,-0.0500000000000002,MODERATE
2026-06-11 20:00:00+00:00,Zone_C,2.75,0.1,0.0,1.0,0.0,0.7142857142857143,272.9904054054054,-4864.32,40.0,1.0,-0.3399999999999998,LOW
2026-06-11 21:00:00+00:00,Zone_C,2.94,4.38,0.0,1.0,0.0,0.7142857142857143,269.3897333333333,-4868.45,38.0,1.0,0.1899999999999999,LOW
2026-06-11 23:00:00+00:00,Zone_C,2.88,0.65,2.0,0.0,0.0,0.7142857142857143,336.0065333333333,-4869.280000000001,35.0,0.0,-4997.12,LOW
2026-06-12 00:00:00+00:00,Zone_C,3.19,9.82,4.0,1.0,0.0,0.7142857142857143,336.0076,-4862.0,39.0,1.0,0.31,MODERATE
2026-06-12 01:00:00+00:00,Zone_C,3.09,0.02,3.0,1.0,0.0,0.7142857142857143,336.00960000000003,-4862.43,41.0,1.0,-0.1,MODERATE
2026-06-12 06:00:00+00:00,Zone_C,2.97,0.62,1.0,0.0,2.0,0.7142857142857143,408.0552702702703,-3859.28,37.0,2.0,-4997.03,LOW
2026-06-12 07:00:00+00:00,Zone_C,2.88,1.49,4.0,1.0,0.0,0.7142857142857143,408.0591891891892,-3858.88,41.0,1.0,-0.0900000000000003,LOW
2026-06-12 08:00:00+00:00,Zone_C,3.11,4.11,0.0,1.0,0.0,0.7142857142857143,408.0655405405405,-3856.46,-11.0,1.0,0.2299999999999999,MODERATE
2026-06-12 12:00:00+00:00,Zone_C,3.24,1.03,3.0,1.0,0.0,0.7142857142857143,482.1063013698629,-3855.1,-5.0,1.0,-0.0599999999999996,MODERATE
2026-06-12 13:00:00+00:00,Zone_C,3.06,0.0,2.0,1.0,0.0,0.7142857142857143,482.1128767123288,-3858.22,-7.0,1.0,-0.1800000000000001,MODERATE
2026-06-12 14:00:00+00:00,Zone_C,2.96,0.42,2.0,1.0,0.0,0.7142857142857143,475.6455405405405,-3858.65,-4.0,1.0,-0.1,LOW
2026-06-12 15:00:00+00:00,Zone_C,2.89,0.0,0.0,1.0,0.0,0.7142857142857143,475.6517567567567,-4857.85,-6.0,1.0,-0.0699999999999998,LOW
2026-06-12 16:00:00+00:00,Zone_C,2.8,1.06,3.0,1.0,0.0,0.7142857142857143,475.6544594594595,-3857.79,-3.0,1.0,-0.0900000000000003,LOW
2026-06-12 17:00:00+00:00,Zone_C,3.07,7.99,5.0,2.0,1.0,0.7142857142857143,475.6586486486487,-3851.87,-1.0,3.0,0.27,MODERATE
2026-06-12 18:00:00+00:00,Zone_C,3.08,0.31,1.0,0.0,0.0,0.7142857142857143,475.6601351351352,-3858.54,-1.0,0.0,0.0100000000000002,MODERATE
2026-06-12 19:00:00+00:00,Zone_C,2.96,0.36,0.0,1.0,0.0,0.7142857142857143,408.1325675675676,-3859.83,-4.0,1.0,-0.1200000000000001,LOW
2026-06-12 22:00:00+00:00,Zone_C,2.91,1.99,2.0,2.0,0.0,0.7142857142857143,340.60932432432435,-3858.09,2.0,2.0,-0.0299999999999998,LOW
2026-06-12 23:00:00+00:00,Zone_C,3.05,4.02,1.0,0.0,0.0,0.7142857142857143,340.6127027027027,-3855.55,1.0,0.0,0.1399999999999996,MODERATE
2026-06-13 00:00:00+00:00,Zone_C,3.14,4.98,4.0,3.0,0.0,0.7142857142857143,345.2441095890412,-3852.01,1.0,3.0,0.0900000000000003,MODERATE
2026-06-13 03:00:00+00:00,Zone_C,2.95,0.24,1.0,1.0,0.0,0.7142857142857143,345.2450684931507,-2854.9500000000003,-3.0,1.0,0.0700000000000002,LOW
2026-06-13 04:00:00+00:00,Zone_C,2.92,1.09,1.0,0.0,0.0,0.7142857142857143,345.24520547945207,-2854.69,-3.0,0.0,-0.0300000000000002,LOW
2026-06-13 07:00:00+00:00,Zone_C,2.66,1.0,0.0,1.0,0.0,0.7142857142857143,354.8835211267606,-2857.08,-8.0,1.0,-0.1699999999999999,LOW
2026-06-13 08:00:00+00:00,Zone_C,2.7,0.0,2.0,1.0,0.0,0.7142857142857143,354.884647887324,-2857.32,44.0,1.0,0.04,LOW
2026-06-13 11:00:00+00:00,Zone_C,2.96,0.0,0.0,0.0,0.0,0.7142857142857143,359.9267142857143,-2847.4300000000003,43.0,0.0,-4997.04,LOW
2026-06-13 13:00:00+00:00,Zone_C,2.97,0.63,2.0,1.0,0.0,0.7142857142857143,354.90816901408454,-2846.8,40.0,1.0,-0.0799999999999996,LOW
2026-06-13 14:00:00+00:00,Zone_C,3.29,4.52,4.0,2.0,1.0,0.7142857142857143,284.531971830986,-2847.17,42.0,3.0,0.3199999999999998,MODERATE
2026-06-13 15:00:00+00:00,Zone_C,3.3,1.92,3.0,1.0,1.0,0.7142857142857143,284.5404225352113,-2846.83,45.0,2.0,0.0099999999999997,MODERATE
2026-06-13 16:00:00+00:00,Zone_C,3.57,8.77,4.0,4.0,0.0,0.2352941176470588,284.5470422535211,-2847.94,46.0,4.0,0.27,MODERATE
2026-06-13 17:00:00+00:00,Zone_C,3.68,4.88,1.0,1.0,0.0,0.2352941176470588,284.5560563380282,-2843.53,42.0,1.0,0.1100000000000003,MODERATE
2026-06-13 18:00:00+00:00,Zone_C,3.36,0.0,0.0,3.0,0.0,0.7142857142857143,284.56070422535214,-2846.1600000000003,41.0,3.0,-0.3200000000000003,MODERATE
2026-06-13 19:00:00+00:00,Zone_C,3.37,3.19,1.0,3.0,1.0,0.7142857142857143,284.5666197183099,-2844.0000000000005,42.0,4.0,0.0100000000000002,MODERATE
2026-06-13 20:00:00+00:00,Zone_C,3.16,0.76,3.0,2.0,0.0,0.7142857142857143,288.5872857142857,-2847.02,45.0,2.0,-0.2099999999999999,MODERATE
2026-06-13 21:00:00+00:00,Zone_C,2.99,0.16,2.0,4.0,0.0,0.7142857142857143,288.5861428571429,-2847.13,43.0,4.0,-0.1699999999999999,LOW
2026-06-13 22:00:00+00:00,Zone_C,2.82,0.0,0.0,0.0,0.0,0.7142857142857143,288.58457142857145,-2848.7300000000005,41.0,0.0,-0.1700000000000003,LOW
2026-06-13 23:00:00+00:00,Zone_C,2.46,2.54,1.0,0.0,0.0,0.5,292.716231884058,-2847.2900000000004,41.0,0.0,-0.3599999999999999,LOW
2026-06-14 03:00:00+00:00,Zone_C,2.54,0.18,3.0,1.0,0.0,0.7142857142857143,296.9582352941176,-2850.87,43.0,1.0,-0.2299999999999999,LOW
2026-06-14 06:00:00+00:00,Zone_C,2.88,1.13,2.0,1.0,0.0,0.7142857142857143,301.3410447761194,-2845.87,46.0,1.0,-0.1100000000000003,LOW
2026-06-14 07:00:00+00:00,Zone_C,2.73,0.4,2.0,1.0,0.0,0.7142857142857143,301.33761194029853,-2845.91,48.0,1.0,-0.1499999999999999,LOW
2026-06-14 08:00:00+00:00,Zone_C,2.84,3.94,4.0,0.0,0.0,0.7142857142857143,301.33626865671647,-2841.99,50.0,0.0,0.1099999999999998,LOW
2026-06-14 10:00:00+00:00,Zone_C,2.79,3.3,0.0,1.0,1.0,0.7142857142857143,301.3301492537313,-2842.32,45.0,2.0,0.0,LOW
2026-06-14 11:00:00+00:00,Zone_C,2.82,0.7,1.0,0.0,0.0,0.7142857142857143,296.94029411764706,-2843.2200000000003,46.0,0.0,0.0299999999999998,LOW
2026-06-14 14:00:00+00:00,Zone_C,2.98,3.33,2.0,1.0,0.0,0.7142857142857143,292.6747826086957,-2841.83,45.0,1.0,0.0099999999999997,LOW
2026-06-14 15:00:00+00:00,Zone_C,3.32,6.65,2.0,3.0,0.0,0.7142857142857143,292.6801449275362,-2836.91,44.0,3.0,0.3399999999999998,MODERATE
2026-06-14 17:00:00+00:00,Zone_C,3.44,0.0,1.0,2.0,0.0,0.7142857142857143,292.68347826086955,-2847.9300000000003,-10.0,2.0,0.1099999999999998,MODERATE
2026-06-14 18:00:00+00:00,Zone_C,3.68,3.62,0.0,2.0,0.0,0.2352941176470588,288.5591428571429,-2846.6700000000005,-9.0,2.0,0.2400000000000002,MODERATE
2026-06-14 19:00:00+00:00,Zone_C,3.37,2.8,0.0,1.0,1.0,0.7142857142857143,288.5631428571429,-2844.5600000000004,-10.0,2.0,-0.31,MODERATE
2026-06-14 20:00:00+00:00,Zone_C,3.21,3.13,2.0,0.0,0.0,0.7142857142857143,288.5697142857143,-2841.53,-11.0,0.0,-0.1600000000000001,MODERATE
2026-06-14 21:00:00+00:00,Zone_C,3.18,3.09,0.0,2.0,0.0,0.7142857142857143,288.5731428571429,-2842.82,-13.0,2.0,-0.0299999999999998,MODERATE
2026-06-14 22:00:00+00:00,Zone_C,3.23,2.37,3.0,1.0,0.0,0.7142857142857143,214.17647887323943,-2839.2200000000003,-10.0,1.0,0.0499999999999998,MODERATE
2026-06-15 00:00:00+00:00,Zone_C,3.4,0.0,5.0,2.0,0.0,0.7142857142857143,284.5614084507042,-2846.0600000000004,-6.0,2.0,-4996.6,MODERATE
2026-06-15 01:00:00+00:00,Zone_C,3.15,0.32,4.0,1.0,0.0,0.7142857142857143,280.65722222222223,-2845.76,1.0,1.0,-0.25,MODERATE
2026-06-15 02:00:00+00:00,Zone_C,3.0,0.78,1.0,1.0,0.0,0.7142857142857143,280.6580555555556,-2845.6600000000003,-1.0,1.0,-0.1499999999999999,MODERATE
2026-06-15 03:00:00+00:00,Zone_C,3.02,5.24,1.0,2.0,0.0,0.7142857142857143,276.854794520548,-2840.77,-3.0,2.0,0.02,MODERATE
2026-06-15 04:00:00+00:00,Zone_C,2.98,0.94,0.0,2.0,1.0,0.7142857142857143,276.85452054794524,-2841.81,-3.0,3.0,-0.04,LOW
2026-06-15 05:00:00+00:00,Zone_C,3.55,14.79,0.0,4.0,0.0,0.2352941176470588,208.41,-2830.44,-6.0,4.0,0.5699999999999998,MODERATE
2026-06-15 06:00:00+00:00,Zone_C,3.52,1.78,4.0,1.0,1.0,0.2352941176470588,208.41753424657537,-2829.28,-4.0,2.0,-0.0299999999999998,MODERATE
2026-06-15 07:00:00+00:00,Zone_C,3.58,1.95,3.0,4.0,0.0,0.2352941176470588,208.42712328767124,-2828.82,-3.0,4.0,0.06,MODERATE
2026-06-15 11:00:00+00:00,Zone_C,3.63,1.63,0.0,5.0,0.0,0.2352941176470588,214.21380281690145,-1826.25,-8.0,5.0,-4996.37,MODERATE
2026-06-15 12:00:00+00:00,Zone_C,3.5,0.0,3.0,5.0,0.0,0.2352941176470588,214.2174647887324,-2826.28,-9.0,5.0,-0.1299999999999999,MODERATE
2026-06-15 13:00:00+00:00,Zone_C,3.43,0.21,1.0,2.0,0.0,0.7142857142857143,217.23928571428573,-2826.07,-8.0,2.0,-0.0699999999999998,MODERATE
2026-06-15 15:00:00+00:00,Zone_C,3.4,1.33,0.0,2.0,0.0,0.7142857142857143,354.99014084507047,-1820.1000000000004,-6.0,2.0,-4996.6,MODERATE
2026-06-15 16:00:00+00:00,Zone_C,3.52,3.21,4.0,2.0,0.0,0.2352941176470588,355.00028169014087,-1817.9500000000005,48.0,2.0,0.1200000000000001,MODERATE
2026-06-15 17:00:00+00:00,Zone_C,3.51,0.35,0.0,4.0,1.0,0.2352941176470588,355.0064788732394,-1825.59,-4.0,5.0,-0.0100000000000002,MODERATE
2026-06-15 18:00:00+00:00,Zone_C,3.4,0.7,1.0,3.0,0.0,0.7142857142857143,355.010985915493,-1825.2000000000005,-3.0,3.0,-0.1099999999999998,MODERATE
2026-06-15 19:00:00+00:00,Zone_C,3.47,0.0,4.0,4.0,1.0,0.7142857142857143,355.0181690140845,-1825.56,1.0,5.0,0.0700000000000002,MODERATE
2026-06-15 20:00:00+00:00,Zone_C,3.5,4.92,1.0,1.0,0.0,0.2352941176470588,355.0250704225352,-1821.89,0.0,1.0,0.0299999999999998,MODERATE
2026-06-15 21:00:00+00:00,Zone_C,3.41,0.06,3.0,1.0,0.0,0.7142857142857143,355.03169014084506,-1822.03,3.0,1.0,-0.0899999999999998,MODERATE
2026-06-15 22:00:00+00:00,Zone_C,3.28,1.28,1.0,2.0,0.0,0.7142857142857143,355.0369014084507,-1822.74,1.0,2.0,-0.1300000000000003,MODERATE
2026-06-15 23:00:00+00:00,Zone_C,3.34,1.08,2.0,1.0,0.0,0.7142857142857143,355.040985915493,-1825.68,2.0,1.0,0.06,MODERATE
2026-06-16 01:00:00+00:00,Zone_C,3.26,2.18,2.0,1.0,0.0,0.7142857142857143,419.5559722222222,-1828.27,-6.0,1.0,-4996.74,MODERATE
2026-06-16 02:00:00+00:00,Zone_C,3.24,1.55,1.0,3.0,0.0,0.7142857142857143,425.4297183098592,-1827.46,-6.0,3.0,-0.0199999999999995,MODERATE
2026-06-16 04:00:00+00:00,Zone_C,3.08,3.66,2.0,0.0,0.0,0.7142857142857143,425.43450704225353,-1824.82,-2.0,0.0,-0.0499999999999998,MODERATE
2026-06-16 05:00:00+00:00,Zone_C,2.89,0.0,1.0,1.0,0.0,0.7142857142857143,413.8605479452056,-1821.4700000000005,1.0,1.0,-0.1899999999999999,LOW
2026-06-16 06:00:00+00:00,Zone_C,2.72,2.92,0.0,1.0,0.0,0.7142857142857143,413.8590410958904,-1821.99,-3.0,1.0,-0.1699999999999999,LOW
2026-06-16 07:00:00+00:00,Zone_C,2.46,0.14,2.0,1.0,0.0,0.5,413.8563013698631,-1822.8500000000004,-4.0,1.0,-0.2600000000000002,LOW
2026-06-16 08:00:00+00:00,Zone_C,2.51,0.0,3.0,0.0,0.0,0.7142857142857143,413.853698630137,-1822.8500000000004,-1.0,0.0,0.0499999999999998,LOW
2026-06-16 09:00:00+00:00,Zone_C,2.45,3.12,2.0,1.0,0.0,0.5,408.2941891891892,-1822.1,-1.0,1.0,-0.0599999999999996,LOW
2026-06-16 10:00:00+00:00,Zone_C,2.42,0.07,3.0,0.0,1.0,0.5,340.7593243243243,-1831.9400000000005,1.0,1.0,-0.0300000000000002,LOW
2026-06-16 12:00:00+00:00,Zone_C,2.55,1.47,1.0,1.0,0.0,0.7142857142857143,469.5030666666666,-824.2100000000002,-1.0,1.0,-4997.45,LOW
2026-06-16 13:00:00+00:00,Zone_C,2.78,6.02,3.0,0.0,0.0,0.7142857142857143,469.50053333333335,-818.8200000000002,1.0,0.0,0.2299999999999999,LOW
2026-06-16 14:00:00+00:00,Zone_C,2.88,0.0,5.0,0.0,0.0,0.7142857142857143,469.49506666666673,-823.3400000000001,0.0,0.0,0.1,LOW
2026-06-16 15:00:00+00:00,Zone_C,3.05,3.81,2.0,1.0,1.0,0.7142857142857143,469.4917333333333,-821.4500000000002,2.0,2.0,0.1699999999999999,MODERATE
2026-06-16 17:00:00+00:00,Zone_C,3.3,0.81,1.0,3.0,0.0,0.7142857142857143,469.4841333333333,-834.2900000000002,52.0,3.0,-0.08,MODERATE
2026-06-16 18:00:00+00:00,Zone_C,3.16,0.0,2.0,2.0,1.0,0.7142857142857143,469.4814666666667,-1833.29,53.0,3.0,-0.1399999999999996,MODERATE
2026-06-16 20:00:00+00:00,Zone_C,3.57,5.55,1.0,2.0,2.0,0.2352941176470588,463.3493421052632,-2829.24,52.0,4.0,0.3299999999999996,MODERATE
2026-06-16 21:00:00+00:00,Zone_C,3.5,3.33,2.0,5.0,0.0,0.2352941176470588,463.356052631579,-2826.07,51.0,5.0,-0.0699999999999998,MODERATE
2026-06-16 22:00:00+00:00,Zone_C,3.39,2.72,0.0,1.0,0.0,0.7142857142857143,463.363552631579,-2823.3500000000004,50.0,1.0,-0.1099999999999998,MODERATE
2026-06-16 23:00:00+00:00,Zone_C,3.1,0.21,4.0,3.0,1.0,0.7142857142857143,463.37197368421056,-2825.6800000000003,52.0,4.0,-0.29,MODERATE
2026-06-17 01:00:00+00:00,Zone_C,2.72,0.8,1.0,1.0,1.0,0.7142857142857143,457.3907792207792,-2829.02,50.0,2.0,-0.1499999999999999,LOW
2026-06-17 02:00:00+00:00,Zone_C,2.78,3.95,1.0,1.0,1.0,0.7142857142857143,457.3909090909092,-2825.49,50.0,2.0,0.0599999999999996,LOW
2026-06-17 03:00:00+00:00,Zone_C,2.8,0.95,3.0,0.0,0.0,0.7142857142857143,457.3942857142857,-2824.7200000000003,50.0,0.0,0.02,LOW
2026-06-17 05:00:00+00:00,Zone_C,2.65,1.82,0.0,0.0,0.0,0.7142857142857143,451.5598717948719,-3830.58,47.0,0.0,0.0,LOW
2026-06-17 07:00:00+00:00,Zone_C,2.81,3.73,4.0,1.0,0.0,0.7142857142857143,451.5584615384616,-3826.92,52.0,1.0,0.1200000000000001,LOW
2026-06-17 10:00:00+00:00,Zone_C,2.97,0.64,2.0,1.0,0.0,0.7142857142857143,457.3922077922077,-3827.4,53.0,1.0,-0.1199999999999996,LOW
2026-06-17 11:00:00+00:00,Zone_C,3.41,9.73,3.0,2.0,0.0,0.7142857142857143,463.3811842105263,-3819.07,56.0,2.0,0.4399999999999999,MODERATE
2026-06-17 12:00:00+00:00,Zone_C,3.42,4.29,0.0,4.0,0.0,0.7142857142857143,463.38789473684216,-3814.78,55.0,4.0,0.0099999999999997,MODERATE
2026-06-17 13:00:00+00:00,Zone_C,3.11,0.0,1.0,2.0,1.0,0.7142857142857143,463.3897368421053,-3817.73,53.0,3.0,-0.31,MODERATE
2026-06-17 16:00:00+00:00,Zone_C,2.93,1.42,2.0,1.0,0.0,0.7142857142857143,469.51973333333336,-3823.12,50.0,1.0,-0.1299999999999999,LOW
2026-06-17 17:00:00+00:00,Zone_C,2.88,1.27,2.0,0.0,0.0,0.7142857142857143,475.8105405405405,-3821.85,51.0,0.0,-0.0500000000000002,LOW
2026-06-17 21:00:00+00:00,Zone_C,2.86,1.64,1.0,0.0,1.0,0.7142857142857143,558.3215277777778,-3834.16,49.0,1.0,-4997.14,LOW
2026-06-17 22:00:00+00:00,Zone_C,2.82,1.26,0.0,2.0,0.0,0.7142857142857143,558.3158333333333,-3835.27,49.0,2.0,-0.04,LOW
2026-06-17 23:00:00+00:00,Zone_C,2.74,1.81,1.0,0.0,0.0,0.7142857142857143,488.9094444444445,-3837.09,46.0,0.0,-0.0799999999999996,LOW
2026-06-18 03:00:00+00:00,Zone_C,2.54,0.0,2.0,0.0,0.0,0.7142857142857143,566.1018309859154,-4831.69,43.0,0.0,-0.0299999999999998,LOW
2026-06-18 04:00:00+00:00,Zone_C,2.32,0.03,0.0,0.0,0.0,0.5,566.0925352112677,-4832.6,41.0,0.0,-0.2200000000000002,LOW
2026-06-18 05:00:00+00:00,Zone_C,2.45,1.08,4.0,0.0,0.0,0.5,566.0770422535212,-4846.31,45.0,0.0,0.1300000000000003,LOW
2026-06-18 06:00:00+00:00,Zone_C,2.55,4.65,2.0,0.0,0.0,0.7142857142857143,566.0633802816902,-4843.4400000000005,44.0,0.0,0.0999999999999996,LOW
2026-06-18 07:00:00+00:00,Zone_C,2.61,2.37,3.0,0.0,0.0,0.7142857142857143,566.0497183098591,-4843.02,43.0,0.0,0.06,LOW
2026-06-18 08:00:00+00:00,Zone_C,2.42,0.0,2.0,1.0,0.0,0.5,558.2215277777779,-4846.65,41.0,1.0,-0.1899999999999999,LOW
2026-06-18 09:00:00+00:00,Zone_C,2.51,3.0,3.0,1.0,0.0,0.7142857142857143,550.6090410958903,-4848.96,41.0,1.0,0.0899999999999998,LOW
2026-06-18 10:00:00+00:00,Zone_C,2.49,2.49,1.0,1.0,0.0,0.5,482.15,-4849.8,40.0,1.0,-0.0199999999999995,LOW
2026-06-18 11:00:00+00:00,Zone_C,2.33,0.79,1.0,0.0,0.0,0.5,482.1321917808218,-4850.64,38.0,0.0,-0.1600000000000001,LOW
2026-06-18 12:00:00+00:00,Zone_C,2.29,0.38,1.0,0.0,0.0,0.5,482.1156164383561,-3851.26,39.0,0.0,-0.04,LOW
2026-06-18 13:00:00+00:00,Zone_C,2.5,3.33,2.0,0.0,0.0,0.5,482.1028767123287,-3848.14,40.0,0.0,0.2099999999999999,LOW
2026-06-18 14:00:00+00:00,Zone_C,2.58,1.68,0.0,2.0,0.0,0.7142857142857143,349.9456944444444,-3852.52,38.0,2.0,0.08,LOW
2026-06-18 15:00:00+00:00,Zone_C,2.78,4.22,1.0,0.0,0.0,0.7142857142857143,349.9370833333333,-3849.63,36.0,0.0,0.1999999999999997,LOW
2026-06-18 17:00:00+00:00,Zone_C,2.75,0.36,2.0,1.0,0.0,0.7142857142857143,349.9155555555556,-3852.44,36.0,1.0,0.02,LOW
2026-06-18 18:00:00+00:00,Zone_C,2.92,0.0,3.0,0.0,0.0,0.7142857142857143,336.02253333333334,-3852.06,45.0,0.0,0.1699999999999999,LOW
2026-06-18 19:00:00+00:00,Zone_C,2.78,0.0,0.0,1.0,0.0,0.7142857142857143,336.0133333333333,-3852.06,42.0,1.0,-0.1400000000000001,LOW
2026-06-18 21:00:00+00:00,Zone_C,2.58,0.56,1.0,0.0,0.0,0.7142857142857143,402.6222666666667,-3853.12,-10.0,0.0,-4997.42,LOW
2026-06-18 22:00:00+00:00,Zone_C,2.78,2.78,3.0,0.0,0.0,0.7142857142857143,402.6156,-3851.62,-7.0,0.0,0.1999999999999997,LOW
2026-06-18 23:00:00+00:00,Zone_C,2.94,4.72,0.0,1.0,0.0,0.7142857142857143,397.34934210526313,-3845.2,-55.0,1.0,0.1600000000000001,LOW
2026-06-19 00:00:00+00:00,Zone_C,2.73,0.48,0.0,2.0,0.0,0.7142857142857143,331.5957894736842,-3844.96,-56.0,2.0,-0.2099999999999999,LOW
2026-06-19 01:00:00+00:00,Zone_C,2.59,2.41,5.0,1.0,0.0,0.7142857142857143,331.58697368421053,-3844.73,-51.0,1.0,-0.1400000000000001,LOW
2026-06-19 06:00:00+00:00,Zone_C,2.9,1.1,2.0,2.0,0.0,0.7142857142857143,345.08301369863017,-3841.95,-47.0,2.0,-0.0500000000000002,LOW
2026-06-19 07:00:00+00:00,Zone_C,2.95,0.97,2.0,0.0,0.0,0.7142857142857143,345.08972602739726,-3841.12,-48.0,0.0,0.0500000000000002,LOW
2026-06-19 12:00:00+00:00,Zone_C,3.04,4.85,0.0,0.0,0.0,0.7142857142857143,211.0561111111111,-3842.14,-101.0,0.0,-0.02,MODERATE
2026-06-19 13:00:00+00:00,Zone_C,3.03,0.3,4.0,0.0,0.0,0.7142857142857143,211.0595833333333,-3847.86,-99.0,0.0,-0.0100000000000002,MODERATE
2026-06-19 15:00:00+00:00,Zone_C,3.28,6.2,0.0,4.0,0.0,0.7142857142857143,211.06555555555556,-3843.94,-148.0,4.0,0.1999999999999997,MODERATE
2026-06-19 16:00:00+00:00,Zone_C,3.2,1.02,1.0,1.0,0.0,0.7142857142857143,211.06305555555556,-3842.92,-149.0,1.0,-0.0799999999999996,MODERATE
2026-06-19 17:00:00+00:00,Zone_C,3.06,1.08,3.0,2.0,0.0,0.7142857142857143,211.0597222222222,-3842.65,-154.0,2.0,-0.1400000000000001,MODERATE
2026-06-19 18:00:00+00:00,Zone_C,3.03,0.56,2.0,1.0,1.0,0.7142857142857143,211.05652777777777,-1843.01,-152.0,2.0,-0.0300000000000002,MODERATE
2026-06-19 19:00:00+00:00,Zone_C,3.04,1.61,2.0,0.0,0.0,0.7142857142857143,211.05375,-1842.85,-150.0,0.0,0.0100000000000002,MODERATE
2026-06-19 20:00:00+00:00,Zone_C,3.11,5.15,1.0,1.0,0.0,0.7142857142857143,211.0473611111111,-1843.25,-99.0,1.0,0.0699999999999998,MODERATE
2026-06-19 21:00:00+00:00,Zone_C,3.22,0.0,0.0,3.0,0.0,0.7142857142857143,211.04347222222225,-1846.58,-100.0,3.0,0.1100000000000003,MODERATE
2026-06-19 22:00:00+00:00,Zone_C,3.25,0.58,3.0,1.0,0.0,0.7142857142857143,211.0415277777778,-1848.72,-103.0,1.0,0.0299999999999998,MODERATE
2026-06-19 23:00:00+00:00,Zone_C,3.08,1.67,1.0,1.0,0.0,0.7142857142857143,211.04125,-1847.26,-52.0,1.0,-0.1699999999999999,MODERATE
2026-06-20 00:00:00+00:00,Zone_C,3.41,6.82,1.0,2.0,1.0,0.7142857142857143,211.04875,-1841.69,-51.0,3.0,0.33,MODERATE
2026-06-20 01:00:00+00:00,Zone_C,3.37,1.81,1.0,3.0,1.0,0.7142857142857143,211.05777777777777,-1840.68,-55.0,4.0,-0.04,MODERATE
2026-06-20 02:00:00+00:00,Zone_C,3.28,3.49,0.0,3.0,0.0,0.7142857142857143,208.2195890410959,-1839.33,-56.0,3.0,-0.0900000000000003,MODERATE
2026-06-20 03:00:00+00:00,Zone_C,3.01,0.19,2.0,5.0,0.0,0.7142857142857143,208.22246575342464,-1840.09,-54.0,5.0,-0.27,MODERATE
2026-06-20 04:00:00+00:00,Zone_C,2.8,1.13,1.0,1.0,0.0,0.7142857142857143,208.2245205479452,-839.96,-61.0,1.0,-0.2099999999999999,LOW
2026-06-20 05:00:00+00:00,Zone_C,2.92,0.0,4.0,0.0,0.0,0.7142857142857143,208.22821917808216,-1840.78,-59.0,0.0,0.1200000000000001,LOW
2026-06-20 06:00:00+00:00,Zone_C,2.9,0.87,2.0,0.0,0.0,0.7142857142857143,208.23109589041096,-1841.37,-59.0,0.0,-0.02,LOW
2026-06-20 07:00:00+00:00,Zone_C,2.86,1.28,1.0,0.0,0.0,0.7142857142857143,208.23178082191785,-1843.82,-60.0,0.0,-0.04,LOW
2026-06-20 08:00:00+00:00,Zone_C,2.85,1.06,1.0,4.0,0.0,0.7142857142857143,205.45635135135132,-1845.77,-61.0,4.0,-0.0099999999999997,LOW
2026-06-20 09:00:00+00:00,Zone_C,2.64,0.0,0.0,0.0,0.0,0.7142857142857143,205.45027027027027,-1849.52,-61.0,0.0,-0.2099999999999999,LOW
2026-06-20 10:00:00+00:00,Zone_C,2.93,7.06,1.0,2.0,0.0,0.7142857142857143,205.4497297297297,-1843.1,-63.0,2.0,0.29,LOW
2026-06-20 11:00:00+00:00,Zone_C,3.04,0.0,2.0,0.0,0.0,0.7142857142857143,205.4447297297297,-1852.83,-11.0,0.0,0.1099999999999998,MODERATE
2026-06-20 12:00:00+00:00,Zone_C,2.86,0.0,1.0,0.0,0.0,0.7142857142857143,205.43716216216217,-2856.12,-10.0,0.0,-0.1800000000000001,LOW
2026-06-20 13:00:00+00:00,Zone_C,2.72,1.39,0.0,1.0,0.0,0.7142857142857143,205.4318918918919,-2854.73,-14.0,1.0,-0.1399999999999996,LOW
2026-06-20 14:00:00+00:00,Zone_C,2.6,0.86,2.0,0.0,0.0,0.7142857142857143,202.72746666666663,-2855.88,-14.0,0.0,-0.1200000000000001,LOW
2026-06-20 15:00:00+00:00,Zone_C,2.41,0.38,2.0,0.0,0.0,0.5,202.7188,-2858.46,38.0,0.0,-0.1899999999999999,LOW
2026-06-20 16:00:00+00:00,Zone_C,2.37,0.12,2.0,0.0,0.0,0.5,202.71133333333333,-2859.76,39.0,0.0,-0.04,LOW
2026-06-20 17:00:00+00:00,Zone_C,2.51,0.97,5.0,0.0,1.0,0.7142857142857143,202.7064,-2860.06,38.0,1.0,0.1399999999999996,LOW
2026-06-20 18:00:00+00:00,Zone_C,2.46,1.2,1.0,1.0,0.0,0.5,200.0715789473684,-2859.04,37.0,1.0,-0.0499999999999998,LOW
2026-06-20 19:00:00+00:00,Zone_C,2.37,0.47,2.0,0.0,1.0,0.5,200.06421052631575,-2859.11,37.0,1.0,-0.0899999999999998,LOW
2026-06-20 20:00:00+00:00,Zone_C,2.4,0.0,3.0,3.0,0.0,0.5,132.59285714285716,-3858.7,41.0,3.0,0.0299999999999998,LOW
2026-06-20 22:00:00+00:00,Zone_C,2.19,0.44,0.0,2.0,0.0,0.5,197.4825974025974,-3860.08,43.0,2.0,-4997.81,LOW
2026-06-20 23:00:00+00:00,Zone_C,2.36,0.0,2.0,0.0,0.0,0.5,197.47766233766237,-3861.89,44.0,0.0,0.1699999999999999,LOW
2026-06-21 02:00:00+00:00,Zone_C,2.44,0.11,1.0,0.0,0.0,0.5,132.56935064935064,-3868.55,-1.0,0.0,0.0,LOW
2026-06-21 05:00:00+00:00,Zone_C,2.38,0.96,0.0,0.0,0.0,0.5,134.2807894736842,-2867.92,-2.0,0.0,-0.0500000000000002,LOW
2026-06-21 06:00:00+00:00,Zone_C,2.29,0.54,2.0,0.0,0.0,0.5,134.27736842105264,-2872.03,-2.0,0.0,-0.0899999999999998,LOW
2026-06-21 07:00:00+00:00,Zone_C,2.24,0.15,3.0,0.0,0.0,0.5,134.27249999999998,-2874.25,0.0,0.0,-0.0499999999999998,LOW
2026-06-21 08:00:00+00:00,Zone_C,2.61,6.42,1.0,0.0,0.0,0.7142857142857143,134.275,-2867.83,0.0,0.0,0.3699999999999996,LOW
2026-06-21 09:00:00+00:00,Zone_C,2.65,0.0,2.0,1.0,0.0,0.7142857142857143,134.27684210526314,-3869.83,2.0,1.0,0.04,LOW
2026-06-21 10:00:00+00:00,Zone_C,2.76,4.76,0.0,0.0,0.0,0.7142857142857143,134.2803947368421,-3867.56,1.0,0.0,0.1099999999999998,LOW
2026-06-21 11:00:00+00:00,Zone_C,2.76,0.54,1.0,2.0,0.0,0.7142857142857143,132.57792207792207,-3863.05,0.0,2.0,0.0,LOW
2026-06-21 12:00:00+00:00,Zone_C,2.74,1.01,2.0,0.0,0.0,0.7142857142857143,130.91935897435897,-3861.88,2.0,0.0,-0.0199999999999995,LOW
2026-06-21 13:00:00+00:00,Zone_C,2.6,2.66,0.0,1.0,0.0,0.7142857142857143,129.29810126582277,-3861.54,4.0,1.0,-0.1400000000000001,LOW
2026-06-21 15:00:00+00:00,Zone_C,2.72,0.89,0.0,0.0,0.0,0.7142857142857143,129.29708860759493,-3863.69,-49.0,0.0,0.1600000000000001,LOW
2026-06-21 16:00:00+00:00,Zone_C,2.64,1.53,1.0,1.0,0.0,0.7142857142857143,129.2959493670886,-3862.55,-50.0,1.0,-0.08,LOW
2026-06-21 19:00:00+00:00,Zone_C,2.36,2.03,5.0,0.0,0.0,0.5,136.03106666666667,-3861.12,-102.0,0.0,0.0699999999999998,LOW
2026-06-21 20:00:00+00:00,Zone_C,2.39,4.86,1.0,0.0,0.0,0.5,69.39626666666668,-3859.62,-104.0,0.0,0.0300000000000002,LOW
2026-06-21 21:00:00+00:00,Zone_C,2.29,0.62,2.0,0.0,0.0,0.5,69.39240000000001,-3859.56,-107.0,0.0,-0.1,LOW
2026-06-21 23:00:00+00:00,Zone_C,2.27,1.2,1.0,0.0,0.0,0.5,70.27567567567567,-3868.07,-107.0,0.0,0.0699999999999998,LOW
2026-06-22 00:00:00+00:00,Zone_C,2.42,7.04,3.0,0.0,0.0,0.5,70.27148648648648,-3861.51,-54.0,0.0,0.1499999999999999,LOW
2026-06-22 03:00:00+00:00,Zone_C,2.49,2.8,1.0,0.0,0.0,0.5,70.26608108108107,-3863.38,-60.0,0.0,0.0500000000000002,LOW
2026-06-22 09:00:00+00:00,Zone_C,2.44,2.59,4.0,1.0,0.0,0.5,71.1682191780822,-3859.51,-161.0,1.0,0.0099999999999997,LOW
2026-06-22 10:00:00+00:00,Zone_C,2.82,7.46,2.0,0.0,0.0,0.7142857142857143,71.16876712328767,-3853.93,-159.0,0.0,0.3799999999999999,LOW
2026-06-22 11:00:00+00:00,Zone_C,2.77,0.0,2.0,3.0,0.0,0.7142857142857143,71.16479452054796,-3853.93,-159.0,3.0,-0.0499999999999998,LOW
2026-06-22 12:00:00+00:00,Zone_C,2.86,1.52,4.0,2.0,0.0,0.7142857142857143,71.1623287671233,-3857.26,-159.0,2.0,0.0899999999999998,LOW
2026-06-22 13:00:00+00:00,Zone_C,2.85,0.48,2.0,0.0,0.0,0.7142857142857143,71.15986301369863,-3857.08,-157.0,0.0,-0.0099999999999997,LOW
2026-06-22 14:00:00+00:00,Zone_C,2.71,0.87,0.0,0.0,0.0,0.7142857142857143,71.15479452054795,-3857.74,-158.0,0.0,-0.1400000000000001,LOW
2026-06-22 17:00:00+00:00,Zone_C,2.69,0.72,2.0,0.0,0.0,0.7142857142857143,73.05901408450706,-3860.83,-53.0,0.0,-0.1099999999999998,LOW
2026-06-22 19:00:00+00:00,Zone_C,2.71,0.0,4.0,1.0,0.0,0.7142857142857143,73.04957746478873,-3860.08,-56.0,1.0,0.02,LOW
2026-06-22 20:00:00+00:00,Zone_C,2.79,2.11,3.0,0.0,0.0,0.7142857142857143,73.0450704225352,-3863.12,-54.0,0.0,0.08,LOW
2026-06-22 21:00:00+00:00,Zone_C,2.65,1.48,2.0,0.0,0.0,0.7142857142857143,73.03704225352112,-3861.64,-54.0,0.0,-0.1400000000000001,LOW
2026-06-22 22:00:00+00:00,Zone_C,2.81,0.62,0.0,0.0,0.0,0.7142857142857143,73.03084507042253,-3861.6,-107.0,0.0,0.1600000000000001,LOW
2026-06-23 02:00:00+00:00,Zone_C,2.56,2.27,5.0,0.0,0.0,0.7142857142857143,76.0864705882353,-5868.31,-105.0,0.0,-0.08,LOW
2026-06-23 03:00:00+00:00,Zone_C,2.6,1.77,2.0,0.0,0.0,0.7142857142857143,76.08044117647059,-5866.7300000000005,-104.0,0.0,0.04,LOW
2026-06-23 04:00:00+00:00,Zone_C,2.4,1.12,0.0,1.0,0.0,0.5,76.0745588235294,-5866.74,-105.0,1.0,-0.2000000000000001,LOW
2026-06-23 05:00:00+00:00,Zone_C,2.66,3.96,0.0,1.0,0.0,0.7142857142857143,76.07073529411765,-4863.78,-55.0,1.0,0.2600000000000002,LOW
2026-06-23 06:00:00+00:00,Zone_C,2.58,0.68,4.0,0.0,0.0,0.7142857142857143,76.06602941176472,-4863.97,-53.0,0.0,-0.08,LOW
2026-06-23 07:00:00+00:00,Zone_C,2.52,0.74,2.0,0.0,0.0,0.7142857142857143,76.06102941176471,-4864.51,-1.0,0.0,-0.06,LOW
2026-06-23 12:00:00+00:00,Zone_C,3.1,4.92,2.0,1.0,0.0,0.7142857142857143,151.73835820895522,-3864.43,-8.0,1.0,0.1,MODERATE
2026-06-23 13:00:00+00:00,Zone_C,2.95,2.46,1.0,1.0,0.0,0.7142857142857143,151.7417910447761,-3863.36,-9.0,1.0,-0.1499999999999999,LOW
2026-06-23 15:00:00+00:00,Zone_C,2.84,1.02,3.0,0.0,0.0,0.7142857142857143,151.75432835820894,-3861.56,-9.0,0.0,-0.1699999999999999,LOW
2026-06-23 16:00:00+00:00,Zone_C,2.79,0.36,3.0,2.0,0.0,0.7142857142857143,151.7605970149254,-3861.32,-6.0,2.0,-0.0499999999999998,LOW
2026-06-23 17:00:00+00:00,Zone_C,2.64,1.66,1.0,3.0,1.0,0.7142857142857143,151.76253731343283,-3860.63,-7.0,4.0,-0.1499999999999999,LOW
2026-06-23 18:00:00+00:00,Zone_C,2.53,3.72,4.0,1.0,0.0,0.7142857142857143,151.76358208955224,-3858.11,-4.0,1.0,-0.1100000000000003,LOW
2026-06-23 19:00:00+00:00,Zone_C,2.4,0.03,4.0,0.0,0.0,0.5,154.02757575757576,-3859.02,-4.0,0.0,-0.1299999999999999,LOW
2026-06-23 20:00:00+00:00,Zone_C,2.34,1.0,2.0,1.0,0.0,0.5,154.02666666666667,-2859.02,-5.0,1.0,-0.06,LOW
2026-06-23 22:00:00+00:00,Zone_C,2.26,0.18,0.0,0.0,0.0,0.5,76.07044117647058,-2856.1600000000003,49.0,0.0,-0.0500000000000002,LOW
2026-06-23 23:00:00+00:00,Zone_C,2.12,1.0,2.0,0.0,0.0,0.5,77.16701492537312,-2855.1600000000003,47.0,0.0,-0.1399999999999996,LOW
2026-06-24 00:00:00+00:00,Zone_C,2.23,1.3,1.0,0.0,0.0,0.5,76.065,-2853.86,48.0,0.0,0.1099999999999998,LOW
2026-06-24 01:00:00+00:00,Zone_C,2.16,1.2,3.0,0.0,0.0,0.5,76.06088235294116,-2856.63,49.0,0.0,-0.0699999999999998,LOW
2026-06-24 05:00:00+00:00,Zone_C,2.35,1.39,1.0,0.0,0.0,0.5,77.15835820895522,-2852.22,48.0,0.0,-0.02,LOW
2026-06-24 06:00:00+00:00,Zone_C,2.7,8.17,2.0,2.0,0.0,0.7142857142857143,77.16447761194028,-2844.59,46.0,2.0,0.3500000000000001,LOW
2026-06-24 07:00:00+00:00,Zone_C,3.17,11.9,4.0,3.0,0.0,0.7142857142857143,77.17835820895522,-2832.84,48.0,3.0,0.4699999999999997,MODERATE
2026-06-24 09:00:00+00:00,Zone_C,3.25,5.1,3.0,2.0,1.0,0.7142857142857143,77.19402985074628,-1835.05,50.0,3.0,0.1899999999999999,MODERATE
2026-06-24 10:00:00+00:00,Zone_C,3.26,4.03,5.0,3.0,0.0,0.7142857142857143,78.32939393939394,-1840.54,55.0,3.0,0.0099999999999997,MODERATE
2026-06-24 11:00:00+00:00,Zone_C,3.34,3.82,2.0,2.0,0.0,0.7142857142857143,78.34575757575757,-1833.77,62.0,2.0,0.08,MODERATE
2026-06-24 14:00:00+00:00,Zone_C,3.43,2.79,1.0,1.0,0.0,0.7142857142857143,80.73375,-1833.47,63.0,1.0,0.08,MODERATE
2026-06-24 15:00:00+00:00,Zone_C,3.63,0.0,0.0,4.0,0.0,0.2352941176470588,80.74796875,-2833.36,60.0,4.0,0.1999999999999997,MODERATE
2026-06-24 16:00:00+00:00,Zone_C,3.34,0.59,3.0,1.0,1.0,0.7142857142857143,80.75890625,-2834.3,60.0,2.0,-0.29,MODERATE
2026-06-24 17:00:00+00:00,Zone_C,3.26,2.32,3.0,2.0,0.0,0.7142857142857143,78.41166666666665,-2832.0,65.0,2.0,-0.08,MODERATE
2026-06-24 18:00:00+00:00,Zone_C,3.21,0.85,0.0,1.0,0.0,0.7142857142857143,78.42560606060604,-2831.38,61.0,1.0,-0.0499999999999998,MODERATE
2026-06-24 21:00:00+00:00,Zone_C,2.93,1.73,5.0,1.0,0.0,0.7142857142857143,79.61353846153847,-2835.8700000000003,57.0,1.0,0.0300000000000002,LOW
2026-06-24 22:00:00+00:00,Zone_C,2.76,0.09,1.0,0.0,0.0,0.7142857142857143,79.62215384615384,-2836.35,58.0,0.0,-0.1700000000000003,LOW
2026-06-24 23:00:00+00:00,Zone_C,2.81,1.29,1.0,1.0,0.0,0.7142857142857143,79.63046153846155,-2836.26,57.0,1.0,0.0500000000000002,LOW
2026-06-25 00:00:00+00:00,Zone_C,2.79,0.77,3.0,2.0,0.0,0.7142857142857143,79.63615384615385,-2842.53,59.0,2.0,-0.02,LOW
2026-06-25 01:00:00+00:00,Zone_C,2.66,0.91,1.0,1.0,0.0,0.7142857142857143,78.46984848484848,-2841.73,57.0,1.0,-0.1299999999999999,LOW
2026-06-25 02:00:00+00:00,Zone_C,2.62,2.62,4.0,0.0,0.0,0.7142857142857143,78.47257575757575,-2846.72,58.0,0.0,-0.04,LOW
2026-06-25 03:00:00+00:00,Zone_C,2.47,0.0,3.0,0.0,0.0,0.5,78.47227272727272,-3848.52,61.0,0.0,-0.1499999999999999,LOW
2026-06-25 04:00:00+00:00,Zone_C,2.43,0.0,4.0,1.0,0.0,0.5,78.4710606060606,-4848.06,63.0,1.0,-0.04,LOW
2026-06-25 05:00:00+00:00,Zone_C,2.37,1.62,2.0,0.0,0.0,0.5,77.33522388059701,-4852.990000000001,64.0,0.0,-0.06,LOW
2026-06-25 06:00:00+00:00,Zone_C,2.53,2.33,1.0,0.0,0.0,0.7142857142857143,76.23514705882353,-4853.240000000001,63.0,0.0,0.1599999999999997,LOW
2026-06-25 07:00:00+00:00,Zone_C,2.68,0.0,2.0,1.0,0.0,0.7142857142857143,76.23705882352941,-4853.4800000000005,61.0,1.0,0.1500000000000003,LOW
2026-06-25 08:00:00+00:00,Zone_C,2.8,2.91,1.0,0.0,0.0,0.7142857142857143,76.24249999999999,-4851.98,60.0,0.0,0.1199999999999996,LOW
2026-06-25 09:00:00+00:00,Zone_C,2.73,0.58,3.0,0.0,0.0,0.7142857142857143,76.24676470588236,-4853.99,60.0,0.0,-0.0699999999999998,LOW
2026-06-25 10:00:00+00:00,Zone_C,2.71,0.34,3.0,0.0,0.0,0.7142857142857143,76.24514705882353,-4861.11,53.0,0.0,-0.02,LOW
2026-06-25 11:00:00+00:00,Zone_C,2.63,0.92,2.0,0.0,0.0,0.7142857142857143,76.24308823529411,-4860.1900000000005,53.0,0.0,-0.08,LOW
2026-06-25 12:00:00+00:00,Zone_C,2.9,6.25,9.0,0.0,0.0,0.7142857142857143,76.24367647058823,-4855.460000000001,61.0,0.0,0.27,LOW
2026-06-25 13:00:00+00:00,Zone_C,3.0,0.0,0.0,2.0,0.0,0.7142857142857143,76.24588235294117,-4855.9400000000005,58.0,2.0,0.1,MODERATE
2026-06-25 18:00:00+00:00,Zone_C,2.92,0.1,0.0,2.0,0.0,0.7142857142857143,77.35238805970148,-4857.74,53.0,2.0,-0.0700000000000002,LOW
2026-06-25 19:00:00+00:00,Zone_C,3.11,0.0,1.0,1.0,0.0,0.7142857142857143,77.35835820895522,-4857.74,53.0,1.0,0.1899999999999999,MODERATE
2026-06-25 22:00:00+00:00,Zone_C,2.53,0.0,3.0,0.0,0.0,0.7142857142857143,78.48348484848485,-5860.85,54.0,0.0,-0.0900000000000003,LOW
2026-06-25 23:00:00+00:00,Zone_C,2.44,1.02,4.0,0.0,0.0,0.5,77.34850746268657,-5862.41,57.0,0.0,-0.0899999999999998,LOW
2026-06-26 00:00:00+00:00,Zone_C,2.48,0.0,1.0,0.0,0.0,0.5,76.2475,-3864.41,55.0,0.0,0.04,LOW
2026-06-26 01:00:00+00:00,Zone_C,2.55,3.34,1.0,1.0,0.0,0.7142857142857143,76.24617647058824,-3863.11,55.0,1.0,0.0699999999999998,LOW
2026-06-26 02:00:00+00:00,Zone_C,2.6,0.0,1.0,0.0,0.0,0.7142857142857143,76.24676470588236,-3865.38,52.0,0.0,0.0500000000000002,LOW
2026-06-26 03:00:00+00:00,Zone_C,2.64,0.0,1.0,1.0,1.0,0.7142857142857143,76.24735294117647,-3867.15,50.0,2.0,0.04,LOW
2026-06-26 04:00:00+00:00,Zone_C,2.43,0.86,0.0,0.0,0.0,0.5,76.24779411764706,-3867.41,46.0,0.0,-0.2099999999999999,LOW
2026-06-26 06:00:00+00:00,Zone_C,2.75,3.5,1.0,1.0,0.0,0.7142857142857143,75.18463768115942,-5866.549999999999,50.0,1.0,0.06,LOW
2026-06-26 10:00:00+00:00,Zone_C,2.52,3.92,1.0,1.0,0.0,0.7142857142857143,2.7610144927536235,-5859.57,48.0,1.0,-0.0699999999999998,LOW
2026-06-26 11:00:00+00:00,Zone_C,2.67,0.0,5.0,2.0,0.0,0.7142857142857143,2.756231884057971,-5862.62,51.0,2.0,0.1499999999999999,LOW
2026-06-26 12:00:00+00:00,Zone_C,2.77,4.31,1.0,0.0,0.0,0.7142857142857143,2.751449275362319,-5863.2300000000005,43.0,0.0,0.1,LOW
2026-06-26 13:00:00+00:00,Zone_C,2.76,1.19,1.0,0.0,0.0,0.7142857142857143,2.748695652173913,-5864.5,44.0,0.0,-0.0100000000000002,LOW
2026-06-26 14:00:00+00:00,Zone_C,3.23,6.86,0.0,1.0,1.0,0.7142857142857143,2.752,-5858.469999999999,44.0,2.0,0.4700000000000002,MODERATE
2026-06-26 15:00:00+00:00,Zone_C,3.38,4.4,0.0,4.0,1.0,0.7142857142857143,2.759714285714286,-5855.09,42.0,5.0,0.1499999999999999,MODERATE
2026-06-26 16:00:00+00:00,Zone_C,3.37,2.71,2.0,3.0,1.0,0.7142857142857143,2.768,-5852.74,44.0,4.0,-0.0099999999999997,MODERATE
2026-06-26 19:00:00+00:00,Zone_C,2.93,1.74,0.0,0.0,1.0,0.7142857142857143,2.786666666666666,-5852.96,-56.0,1.0,-0.2299999999999999,LOW
2026-06-26 20:00:00+00:00,Zone_C,2.79,0.16,1.0,0.0,1.0,0.7142857142857143,2.799852941176471,-5854.799999999999,-56.0,1.0,-0.1400000000000001,LOW
2026-06-26 21:00:00+00:00,Zone_C,2.74,3.07,1.0,2.0,0.0,0.7142857142857143,2.8135820895522388,-5854.93,-60.0,2.0,-0.0499999999999998,LOW
2026-06-26 22:00:00+00:00,Zone_C,2.77,2.84,0.0,1.0,0.0,0.7142857142857143,2.8211940298507465,-5852.27,-63.0,1.0,0.0299999999999998,LOW
2026-06-26 23:00:00+00:00,Zone_C,2.55,1.83,0.0,0.0,0.0,0.7142857142857143,2.827611940298508,-5851.44,-67.0,0.0,-0.2200000000000002,LOW
2026-06-27 00:00:00+00:00,Zone_C,2.87,3.44,0.0,0.0,0.0,0.7142857142857143,2.837164179104477,-5849.3,-68.0,0.0,0.3200000000000003,LOW
2026-06-27 02:00:00+00:00,Zone_C,2.55,0.0,2.0,0.0,0.0,0.7142857142857143,2.8371014492753623,-5848.82,-66.0,0.0,-0.0900000000000003,LOW
2026-06-27 03:00:00+00:00,Zone_C,2.73,4.85,2.0,2.0,0.0,0.7142857142857143,2.831549295774648,-5846.21,-63.0,2.0,0.1800000000000001,LOW
2026-06-27 05:00:00+00:00,Zone_C,3.0,4.29,2.0,1.0,1.0,0.7142857142857143,73.22985915492957,-5842.05,-65.0,2.0,-4997.0,MODERATE
2026-06-27 06:00:00+00:00,Zone_C,2.96,3.17,2.0,2.0,0.0,0.7142857142857143,73.23352112676056,-5847.05,-64.0,2.0,-0.04,LOW
2026-06-27 07:00:00+00:00,Zone_C,3.04,2.62,2.0,2.0,0.0,0.7142857142857143,73.23169014084507,-5856.33,-65.0,2.0,0.08,MODERATE
2026-06-27 08:00:00+00:00,Zone_C,3.06,2.33,2.0,1.0,0.0,0.7142857142857143,73.23169014084507,-5854.110000000001,-64.0,1.0,0.02,MODERATE
2026-06-27 09:00:00+00:00,Zone_C,3.17,4.36,0.0,0.0,1.0,0.7142857142857143,72.25597222222223,-5852.52,-114.0,1.0,0.1099999999999998,MODERATE
2026-06-27 10:00:00+00:00,Zone_C,3.02,0.82,1.0,0.0,1.0,0.7142857142857143,73.2243661971831,-5859.76,-114.0,1.0,-0.1499999999999999,MODERATE
2026-06-27 11:00:00+00:00,Zone_C,2.85,0.73,4.0,1.0,0.0,0.7142857142857143,73.21746478873239,-5862.849999999999,-115.0,1.0,-0.1699999999999999,LOW
2026-06-27 12:00:00+00:00,Zone_C,2.76,0.62,1.0,0.0,0.0,0.7142857142857143,72.23888888888888,-5862.5,-115.0,0.0,-0.0900000000000003,LOW
2026-06-27 14:00:00+00:00,Zone_C,2.83,2.33,2.0,2.0,0.0,0.7142857142857143,141.62847222222223,-5867.5,-115.0,2.0,-4997.17,LOW
2026-06-27 15:00:00+00:00,Zone_C,3.03,0.0,0.0,2.0,1.0,0.7142857142857143,139.71890410958906,-5865.17,-113.0,3.0,0.1999999999999997,MODERATE
2026-06-27 16:00:00+00:00,Zone_C,3.07,1.35,2.0,1.0,0.0,0.7142857142857143,141.60930555555558,-5865.0,-113.0,1.0,0.04,MODERATE
2026-06-27 17:00:00+00:00,Zone_C,2.92,1.92,2.0,0.0,0.0,0.7142857142857143,141.60458333333335,-5865.4,-61.0,0.0,-0.1499999999999999,LOW
2026-06-27 20:00:00+00:00,Zone_C,2.77,1.74,4.0,2.0,0.0,0.7142857142857143,141.59722222222223,-5862.9800000000005,-6.0,2.0,-0.04,LOW
2026-06-27 21:00:00+00:00,Zone_C,2.76,0.21,1.0,0.0,0.0,0.7142857142857143,141.5948611111111,-5864.5,-6.0,0.0,-0.0100000000000002,LOW
2026-06-27 23:00:00+00:00,Zone_C,2.87,2.15,3.0,2.0,0.0,0.7142857142857143,211.0018055555556,-5860.61,0.0,2.0,-4997.13,LOW
2026-06-28 02:00:00+00:00,Zone_C,2.75,0.86,0.0,0.0,0.0,0.7142857142857143,211.00597222222223,-5858.29,-52.0,0.0,0.0,LOW
2026-06-28 03:00:00+00:00,Zone_C,2.74,0.08,1.0,2.0,0.0,0.7142857142857143,211.00972222222225,-4859.21,-53.0,2.0,-0.0099999999999997,LOW
2026-06-28 06:00:00+00:00,Zone_C,2.68,1.5,1.0,1.0,0.0,0.7142857142857143,208.1723287671233,-5858.31,-58.0,1.0,-0.1899999999999999,LOW
2026-06-28 07:00:00+00:00,Zone_C,2.72,0.93,4.0,1.0,0.0,0.7142857142857143,208.1728767123288,-5857.38,-56.0,1.0,0.04,LOW
2026-06-28 08:00:00+00:00,Zone_C,2.67,0.0,0.0,1.0,0.0,0.7142857142857143,208.17109589041092,-5860.29,-110.0,1.0,-0.0500000000000002,LOW
2026-06-28 09:00:00+00:00,Zone_C,2.75,4.52,3.0,1.0,0.0,0.7142857142857143,208.1713698630137,-5856.349999999999,-57.0,1.0,0.08,LOW
2026-06-28 10:00:00+00:00,Zone_C,2.81,1.06,2.0,0.0,0.0,0.7142857142857143,208.1727397260274,-5855.63,-56.0,0.0,0.06,LOW
2026-06-28 11:00:00+00:00,Zone_C,2.63,1.34,4.0,0.0,0.0,0.7142857142857143,208.1727397260274,-5855.21,-56.0,0.0,-0.1800000000000001,LOW
2026-06-28 13:00:00+00:00,Zone_C,2.78,4.09,2.0,0.0,0.0,0.7142857142857143,208.16575342465757,-5856.72,-55.0,0.0,0.1699999999999999,LOW
2026-06-28 14:00:00+00:00,Zone_C,2.57,0.0,4.0,0.0,0.0,0.7142857142857143,205.38743243243243,-5860.570000000001,-55.0,0.0,-0.2099999999999999,LOW
2026-06-28 15:00:00+00:00,Zone_C,2.46,0.0,2.0,0.0,0.0,0.5,205.38189189189188,-6860.4800000000005,-53.0,0.0,-0.1099999999999998,LOW
2026-06-28 16:00:00+00:00,Zone_C,2.35,3.35,2.0,0.0,0.0,0.5,202.6748,-6857.13,-53.0,0.0,-0.1099999999999998,LOW
2026-06-28 18:00:00+00:00,Zone_C,2.57,1.98,0.0,0.0,0.0,0.7142857142857143,269.29693333333336,-6851.49,-104.0,0.0,-4997.43,LOW
2026-06-28 19:00:00+00:00,Zone_C,2.61,0.0,2.0,0.0,0.0,0.7142857142857143,269.2902666666667,-6851.49,-106.0,0.0,0.04,LOW
2026-06-28 21:00:00+00:00,Zone_C,2.73,1.68,0.0,1.0,0.0,0.7142857142857143,331.53789473684213,-6849.91,-111.0,1.0,-4997.27,LOW
2026-06-28 22:00:00+00:00,Zone_C,2.66,0.22,3.0,2.0,0.0,0.7142857142857143,331.53960526315785,-5850.69,-111.0,2.0,-0.0699999999999998,LOW
2026-06-28 23:00:00+00:00,Zone_C,2.63,1.29,1.0,1.0,0.0,0.7142857142857143,331.5421052631579,-5850.42,-116.0,1.0,-0.0300000000000002,LOW
2026-06-29 00:00:00+00:00,Zone_C,2.76,0.96,0.0,1.0,0.0,0.7142857142857143,331.54578947368424,-5849.46,-116.0,1.0,0.1299999999999999,LOW
2026-06-29 01:00:00+00:00,Zone_C,2.75,2.59,2.0,2.0,0.0,0.7142857142857143,327.2784415584416,-5849.25,-115.0,2.0,-0.0099999999999997,LOW
2026-06-29 02:00:00+00:00,Zone_C,2.81,0.87,1.0,2.0,0.0,0.7142857142857143,327.2811688311688,-5848.38,-64.0,2.0,0.06,LOW
2026-06-29 03:00:00+00:00,Zone_C,2.73,0.56,1.0,1.0,0.0,0.7142857142857143,327.2823376623377,-5847.82,-64.0,1.0,-0.08,LOW
2026-06-29 04:00:00+00:00,Zone_C,2.51,1.49,1.0,1.0,0.0,0.7142857142857143,327.2833766233766,-5847.1900000000005,-63.0,1.0,-0.2200000000000002,LOW
2026-06-29 05:00:00+00:00,Zone_C,2.56,0.27,1.0,3.0,1.0,0.7142857142857143,331.55263157894734,-3848.92,-62.0,4.0,0.0500000000000002,LOW
2026-06-29 06:00:00+00:00,Zone_C,2.7,2.19,1.0,1.0,0.0,0.7142857142857143,331.5519736842105,-3850.230000000001,-62.0,1.0,0.1400000000000001,LOW
2026-06-29 07:00:00+00:00,Zone_C,2.79,2.9,3.0,0.0,0.0,0.7142857142857143,327.2823376623376,-3851.98,-63.0,0.0,0.0899999999999998,LOW
2026-06-29 08:00:00+00:00,Zone_C,2.71,0.0,0.0,0.0,1.0,0.7142857142857143,327.2822077922078,-3851.98,-13.0,1.0,-0.08,LOW
2026-06-29 09:00:00+00:00,Zone_C,2.79,5.27,3.0,3.0,0.0,0.7142857142857143,323.1235897435898,-3847.09,-13.0,3.0,0.08,LOW
2026-06-29 10:00:00+00:00,Zone_C,2.57,2.4,1.0,0.0,0.0,0.7142857142857143,323.1242307692308,-3848.61,-14.0,0.0,-0.2200000000000002,LOW
2026-06-29 11:00:00+00:00,Zone_C,2.56,1.3,0.0,0.0,0.0,0.7142857142857143,323.1228205128205,-3847.31,-68.0,0.0,-0.0099999999999997,LOW
2026-06-29 13:00:00+00:00,Zone_C,2.41,1.18,1.0,0.0,0.0,0.5,327.27480519480525,-3852.71,-66.0,0.0,-0.0499999999999998,LOW
2026-06-29 15:00:00+00:00,Zone_C,2.3,1.02,1.0,0.0,0.0,0.5,327.24987012987015,-3862.21,-70.0,0.0,-0.0900000000000003,LOW
2026-06-29 18:00:00+00:00,Zone_C,2.26,0.85,1.0,0.0,0.0,0.5,327.22532467532466,-3866.6,-22.0,0.0,-0.1200000000000001,LOW
2026-06-29 19:00:00+00:00,Zone_C,2.47,2.04,0.0,1.0,0.0,0.5,327.2193506493507,-3866.3,-24.0,1.0,0.2100000000000004,LOW
2026-06-29 20:00:00+00:00,Zone_C,2.41,1.14,2.0,1.0,0.0,0.5,327.21441558441563,-3865.32,-22.0,1.0,-0.06,LOW
2026-06-29 21:00:00+00:00,Zone_C,2.51,2.52,2.0,0.0,0.0,0.7142857142857143,327.21142857142854,-3865.87,-20.0,0.0,0.0999999999999996,LOW
2026-06-29 23:00:00+00:00,Zone_C,2.43,0.0,1.0,0.0,0.0,0.5,327.2067532467533,-4865.54,-22.0,0.0,-0.0999999999999996,LOW
2026-06-30 01:00:00+00:00,Zone_C,2.49,3.86,3.0,0.0,0.0,0.5,397.2271052631579,-4868.63,-20.0,0.0,-4997.51,LOW
2026-06-30 02:00:00+00:00,Zone_C,2.42,1.13,2.0,1.0,0.0,0.5,402.4877333333334,-4867.5,-19.0,1.0,-0.0700000000000002,LOW
2026-06-30 03:00:00+00:00,Zone_C,2.29,0.23,2.0,0.0,0.0,0.5,402.4818666666666,-4872.12,-18.0,0.0,-0.1299999999999999,LOW
2026-06-30 04:00:00+00:00,Zone_C,2.37,3.85,2.0,0.0,0.0,0.5,335.84680000000003,-4871.099999999999,-17.0,0.0,0.08,LOW
2026-06-30 05:00:00+00:00,Zone_C,2.22,0.11,2.0,1.0,0.0,0.5,335.8364,-4875.28,-16.0,1.0,-0.1499999999999999,LOW
2026-06-30 09:00:00+00:00,Zone_C,2.37,0.03,0.0,1.0,0.0,0.5,344.9272602739726,-4881.83,-18.0,1.0,-0.1499999999999999,LOW
2026-06-30 10:00:00+00:00,Zone_C,2.47,1.55,0.0,0.0,1.0,0.5,344.91972602739725,-4881.099999999999,-19.0,1.0,0.1,LOW
2026-06-30 11:00:00+00:00,Zone_C,2.37,1.61,4.0,1.0,0.0,0.5,340.2855405405406,-4878.67,35.0,1.0,-0.1,LOW
2026-06-30 12:00:00+00:00,Zone_C,2.23,1.74,2.0,0.0,0.0,0.5,340.2783783783784,-4877.55,34.0,0.0,-0.1400000000000001,LOW
2026-06-30 13:00:00+00:00,Zone_C,2.51,4.9,1.0,0.0,0.0,0.7142857142857143,272.74472972972967,-4872.89,34.0,0.0,0.2799999999999998,LOW
2026-06-30 14:00:00+00:00,Zone_C,2.66,3.84,2.0,0.0,0.0,0.7142857142857143,276.43986301369864,-4873.71,35.0,0.0,0.1500000000000003,LOW
2026-06-30 15:00:00+00:00,Zone_C,2.5,0.11,4.0,1.0,0.0,0.5,276.43260273972606,-3874.6,38.0,1.0,-0.1600000000000001,LOW
2026-06-30 16:00:00+00:00,Zone_C,2.43,0.24,2.0,0.0,0.0,0.5,265.61105263157896,-3875.38,51.0,0.0,-0.0699999999999998,LOW
2026-06-30 17:00:00+00:00,Zone_C,2.35,1.13,3.0,0.0,0.0,0.5,265.60355263157896,-3876.17,54.0,0.0,-0.08,LOW
2026-06-30 18:00:00+00:00,Zone_C,2.55,4.47,6.0,0.0,0.0,0.7142857142857143,262.1872727272727,-3874.24,59.0,0.0,0.1999999999999997,LOW
2026-06-30 19:00:00+00:00,Zone_C,2.46,0.1,0.0,0.0,0.0,0.5,262.1827272727273,-3874.42,59.0,0.0,-0.0899999999999998,LOW
2026-06-30 22:00:00+00:00,Zone_C,2.79,12.96,0.0,1.0,0.0,0.7142857142857143,199.8361842105263,-3866.18,55.0,1.0,0.5699999999999998,LOW
2026-06-30 23:00:00+00:00,Zone_C,2.94,2.5,1.0,0.0,0.0,0.7142857142857143,202.4633333333333,-3867.98,55.0,0.0,0.1499999999999999,LOW
2026-07-01 00:00:00+00:00,Zone_C,2.87,2.45,1.0,0.0,0.0,0.7142857142857143,199.8371052631579,-3865.59,55.0,0.0,-0.0699999999999998,LOW
2026-07-01 01:00:00+00:00,Zone_C,3.05,3.25,1.0,2.0,1.0,0.7142857142857143,199.84105263157892,-3865.89,53.0,3.0,0.1799999999999997,MODERATE
2026-07-01 02:00:00+00:00,Zone_C,3.03,0.83,1.0,3.0,0.0,0.7142857142857143,199.84473684210528,-3865.92,52.0,3.0,-0.02,MODERATE
2026-07-01 04:00:00+00:00,Zone_C,2.86,1.93,0.0,0.0,0.0,0.7142857142857143,199.84815789473683,-3864.83,48.0,0.0,-0.0700000000000002,LOW
2026-07-01 07:00:00+00:00,Zone_C,2.81,1.49,3.0,1.0,0.0,0.7142857142857143,205.1775675675676,-1866.01,48.0,1.0,-0.1999999999999997,LOW
2026-07-01 08:00:00+00:00,Zone_C,2.84,3.15,0.0,1.0,0.0,0.7142857142857143,205.17986486486487,-1862.86,45.0,1.0,0.0299999999999998,LOW
2026-07-01 09:00:00+00:00,Zone_C,2.74,0.93,2.0,1.0,0.0,0.7142857142857143,205.17972972972973,-1866.45,47.0,1.0,-0.0999999999999996,LOW
2026-07-01 10:00:00+00:00,Zone_C,2.63,0.0,1.0,2.0,0.0,0.7142857142857143,205.1772972972973,-2866.51,48.0,2.0,-0.1100000000000003,LOW
2026-07-01 13:00:00+00:00,Zone_C,2.62,1.74,6.0,1.0,0.0,0.7142857142857143,207.9491780821918,-2867.3500000000004,51.0,1.0,0.0500000000000002,LOW
2026-07-01 15:00:00+00:00,Zone_C,2.71,1.76,2.0,2.0,0.0,0.7142857142857143,272.7106756756757,-1861.96,43.0,2.0,-4997.29,LOW
2026-07-01 17:00:00+00:00,Zone_C,2.81,3.77,1.0,1.0,0.0,0.7142857142857143,205.18554054054053,-1868.05,43.0,1.0,0.1299999999999999,LOW
2026-07-01 18:00:00+00:00,Zone_C,2.74,0.0,1.0,3.0,0.0,0.7142857142857143,205.18783783783783,-1870.03,38.0,3.0,-0.0699999999999998,LOW
2026-07-01 19:00:00+00:00,Zone_C,2.62,0.0,2.0,1.0,0.0,0.7142857142857143,205.18797297297297,-1870.03,40.0,1.0,-0.1200000000000001,LOW
2026-07-01 20:00:00+00:00,Zone_C,2.71,0.0,3.0,1.0,0.0,0.7142857142857143,137.65702702702703,-1870.03,42.0,1.0,0.0899999999999998,LOW
2026-07-01 21:00:00+00:00,Zone_C,2.63,1.79,2.0,0.0,0.0,0.7142857142857143,137.65567567567567,-1869.9200000000003,44.0,0.0,-0.08,LOW
2026-07-01 22:00:00+00:00,Zone_C,2.72,0.2,2.0,1.0,0.0,0.7142857142857143,137.65648648648647,-1869.9400000000005,46.0,1.0,0.0900000000000003,LOW
2026-07-01 23:00:00+00:00,Zone_C,2.94,5.67,3.0,0.0,0.0,0.7142857142857143,137.66067567567566,-1865.56,48.0,0.0,0.2199999999999997,LOW
2026-07-02 00:00:00+00:00,Zone_C,2.85,2.34,1.0,0.0,0.0,0.7142857142857143,139.50986301369863,-1865.14,48.0,0.0,-0.0899999999999998,LOW
2026-07-02 01:00:00+00:00,Zone_C,2.91,1.8,4.0,4.0,0.0,0.7142857142857143,139.51205479452054,-1865.9300000000003,51.0,4.0,0.06,LOW
2026-07-02 02:00:00+00:00,Zone_C,2.88,0.0,0.0,0.0,0.0,0.7142857142857143,139.51301369863015,-2865.8,50.0,0.0,-0.0300000000000002,LOW
2026-07-02 03:00:00+00:00,Zone_C,2.81,0.75,4.0,1.0,0.0,0.7142857142857143,139.51410958904108,-2865.61,54.0,1.0,-0.0699999999999998,LOW
2026-07-02 05:00:00+00:00,Zone_C,2.69,0.8,2.0,0.0,0.0,0.7142857142857143,139.51849315068492,-2866.53,56.0,0.0,-0.0100000000000002,LOW
2026-07-02 06:00:00+00:00,Zone_C,2.61,0.75,1.0,1.0,0.0,0.7142857142857143,139.5172602739726,-2867.9700000000003,57.0,1.0,-0.08,LOW
2026-07-02 07:00:00+00:00,Zone_C,2.68,2.66,0.0,0.0,0.0,0.7142857142857143,139.51575342465753,-2868.21,54.0,0.0,0.0700000000000002,LOW
2026-07-02 08:00:00+00:00,Zone_C,2.9,7.36,1.0,1.0,0.0,0.7142857142857143,141.41847222222222,-2860.85,55.0,1.0,0.2199999999999997,LOW
2026-07-02 12:00:00+00:00,Zone_C,2.94,0.73,2.0,1.0,0.0,0.7142857142857143,143.38830985915493,-3863.1,56.0,1.0,0.06,LOW
2026-07-02 14:00:00+00:00,Zone_C,2.77,0.15,2.0,0.0,0.0,0.7142857142857143,213.78225352112676,-3863.07,45.0,0.0,-4997.23,LOW
2026-07-02 15:00:00+00:00,Zone_C,2.66,0.47,2.0,1.0,0.0,0.7142857142857143,213.787323943662,-3863.62,45.0,1.0,-0.1099999999999998,LOW
2026-07-02 21:00:00+00:00,Zone_C,2.15,0.0,4.0,0.0,0.0,0.5,213.7819718309859,-3866.0,-3.0,0.0,-0.1699999999999999,LOW
2026-07-02 22:00:00+00:00,Zone_C,2.23,1.31,0.0,0.0,0.0,0.5,213.77774647887324,-3868.69,-5.0,0.0,0.08,LOW
2026-07-02 23:00:00+00:00,Zone_C,2.52,3.17,0.0,0.0,0.0,0.7142857142857143,213.77901408450705,-2866.52,-8.0,0.0,0.29,LOW
2026-07-03 00:00:00+00:00,Zone_C,2.38,2.94,0.0,0.0,0.0,0.5,143.39,-2863.81,-59.0,0.0,-0.1400000000000001,LOW
2026-07-03 01:00:00+00:00,Zone_C,2.42,2.98,1.0,0.0,0.0,0.5,143.38901408450704,-2864.69,-62.0,0.0,0.04,LOW
2026-07-03 02:00:00+00:00,Zone_C,2.8,9.15,1.0,0.0,0.0,0.7142857142857143,143.3943661971831,-2856.67,-61.0,0.0,0.3799999999999999,LOW
2026-07-03 03:00:00+00:00,Zone_C,2.88,0.0,2.0,1.0,0.0,0.7142857142857143,143.402676056338,-2856.9,-63.0,1.0,0.08,LOW
2026-07-03 04:00:00+00:00,Zone_C,2.91,2.53,3.0,2.0,0.0,0.7142857142857143,143.41028169014083,-2858.2200000000003,-61.0,2.0,0.0300000000000002,LOW
2026-07-03 05:00:00+00:00,Zone_C,3.03,1.81,4.0,2.0,0.0,0.7142857142857143,143.42169014084504,-2856.52,-59.0,2.0,0.1199999999999996,MODERATE
2026-07-03 06:00:00+00:00,Zone_C,2.9,0.36,5.0,1.0,0.0,0.7142857142857143,141.46999999999997,-2857.27,-55.0,1.0,-0.1299999999999999,LOW
2026-07-03 08:00:00+00:00,Zone_C,2.89,5.97,0.0,2.0,0.0,0.7142857142857143,141.47819444444443,-2858.25,-54.0,2.0,0.31,LOW
2026-07-03 09:00:00+00:00,Zone_C,2.73,0.07,3.0,3.0,0.0,0.7142857142857143,141.48319444444442,-2858.21,-54.0,3.0,-0.1600000000000001,LOW
2026-07-03 10:00:00+00:00,Zone_C,2.68,0.31,2.0,1.0,0.0,0.7142857142857143,143.44408450704228,-2861.0,-53.0,1.0,-0.0499999999999998,LOW
2026-07-03 12:00:00+00:00,Zone_C,2.66,0.08,1.0,1.0,0.0,0.7142857142857143,213.8392957746479,-2862.65,-52.0,1.0,-4997.34,LOW
2026-07-03 13:00:00+00:00,Zone_C,2.64,1.67,2.0,1.0,0.0,0.7142857142857143,213.84112676056336,-2865.88,-51.0,1.0,-0.02,LOW
2026-07-03 14:00:00+00:00,Zone_C,2.76,0.31,1.0,0.0,0.0,0.7142857142857143,213.8425352112676,-2869.4100000000003,-52.0,0.0,0.1199999999999996,LOW
2026-07-03 15:00:00+00:00,Zone_C,2.83,1.43,0.0,1.0,0.0,0.7142857142857143,223.17132352941172,-2868.4200000000005,-54.0,1.0,0.0700000000000002,LOW
2026-07-03 16:00:00+00:00,Zone_C,2.86,1.93,0.0,0.0,0.0,0.7142857142857143,223.1776470588235,-2866.73,-4.0,0.0,0.0299999999999998,LOW
2026-07-03 17:00:00+00:00,Zone_C,2.86,0.0,3.0,1.0,0.0,0.7142857142857143,223.1851470588235,-3866.86,-2.0,1.0,0.0,LOW
2026-07-03 18:00:00+00:00,Zone_C,2.83,4.13,1.0,1.0,0.0,0.7142857142857143,223.18926470588235,-3867.2,-3.0,1.0,-0.0299999999999998,LOW
2026-07-03 19:00:00+00:00,Zone_C,2.65,0.15,4.0,2.0,0.0,0.7142857142857143,223.19205882352935,-3867.15,1.0,2.0,-0.1800000000000001,LOW
2026-07-03 20:00:00+00:00,Zone_C,2.54,1.02,1.0,1.0,0.0,0.7142857142857143,219.9942028985507,-3866.480000000001,-6.0,1.0,-0.1099999999999998,LOW
2026-07-03 21:00:00+00:00,Zone_C,2.51,0.86,3.0,0.0,0.0,0.7142857142857143,219.99840579710144,-3865.62,-7.0,0.0,-0.0300000000000002,LOW
2026-07-03 22:00:00+00:00,Zone_C,2.59,2.48,0.0,0.0,2.0,0.7142857142857143,219.99550724637683,-3876.1,-57.0,2.0,0.08,LOW
2026-07-03 23:00:00+00:00,Zone_C,2.59,1.09,3.0,0.0,0.0,0.7142857142857143,219.9904347826087,-3877.51,-54.0,0.0,0.0,LOW
2026-07-04 00:00:00+00:00,Zone_C,2.53,2.49,3.0,2.0,0.0,0.7142857142857143,219.9855072463768,-3877.47,-1.0,2.0,-0.06,LOW
2026-07-04 01:00:00+00:00,Zone_C,2.29,0.8,1.0,0.0,0.0,0.5,219.9744927536232,-3879.92,-1.0,0.0,-0.2399999999999997,LOW
2026-07-04 02:00:00+00:00,Zone_C,2.27,0.27,1.0,1.0,0.0,0.5,219.96347826086955,-3880.48,-1.0,1.0,-0.02,LOW
2026-07-04 05:00:00+00:00,Zone_C,2.24,0.24,2.0,0.0,0.0,0.5,219.9442028985507,-3880.97,-3.0,0.0,0.02,LOW
2026-07-04 08:00:00+00:00,Zone_C,2.44,0.33,3.0,0.0,0.0,0.5,223.1225,-3882.96,-1.0,0.0,0.04,LOW
2026-07-04 09:00:00+00:00,Zone_C,2.53,0.65,5.0,3.0,0.0,0.7142857142857143,223.1194117647059,-3883.24,1.0,3.0,0.0899999999999998,LOW
2026-07-04 11:00:00+00:00,Zone_C,2.41,2.35,0.0,0.0,0.0,0.5,292.3463768115941,-2882.56,-52.0,0.0,-4997.59,LOW
2026-07-04 12:00:00+00:00,Zone_C,2.43,0.35,0.0,1.0,0.0,0.5,288.2024285714285,-2881.86,-103.0,1.0,0.02,LOW
2026-07-04 14:00:00+00:00,Zone_C,2.39,0.04,2.0,0.0,0.0,0.5,219.90840579710147,-2888.18,-104.0,0.0,0.0300000000000002,LOW
2026-07-04 15:00:00+00:00,Zone_C,2.39,3.11,2.0,0.0,0.0,0.5,219.90376811594203,-2886.83,-102.0,0.0,0.0,LOW
2026-07-04 18:00:00+00:00,Zone_C,2.49,2.33,1.0,1.0,0.0,0.5,223.08852941176468,-2887.57,-99.0,1.0,0.0900000000000003,LOW
2026-07-04 19:00:00+00:00,Zone_C,2.49,2.29,2.0,1.0,0.0,0.5,223.0866176470588,-2885.28,-101.0,1.0,0.0,LOW
2026-07-04 20:00:00+00:00,Zone_C,2.33,0.53,1.0,0.0,0.0,0.5,223.0810294117647,-2884.75,-101.0,0.0,-0.1600000000000001,LOW
2026-07-04 21:00:00+00:00,Zone_C,2.46,1.21,1.0,1.0,0.0,0.5,219.87927536231885,-2884.8,-102.0,1.0,0.1299999999999999,LOW
2026-07-04 22:00:00+00:00,Zone_C,2.31,1.96,5.0,0.0,0.0,0.5,219.8733333333333,-2883.04,-47.0,0.0,-0.1499999999999999,LOW
2026-07-05 01:00:00+00:00,Zone_C,2.71,0.81,2.0,1.0,0.0,0.7142857142857143,223.05514705882356,-2888.17,-100.0,1.0,0.2299999999999999,LOW
2026-07-05 02:00:00+00:00,Zone_C,2.85,2.97,1.0,0.0,0.0,0.7142857142857143,223.0547058823529,-1886.2,-100.0,0.0,0.1400000000000001,LOW
2026-07-05 03:00:00+00:00,Zone_C,2.74,2.93,2.0,0.0,0.0,0.7142857142857143,223.05367647058824,-1884.02,-100.0,0.0,-0.1099999999999998,LOW
2026-07-05 04:00:00+00:00,Zone_C,2.86,2.41,5.0,1.0,1.0,0.7142857142857143,223.0560294117647,-1881.65,-98.0,2.0,0.1199999999999996,LOW
2026-07-05 05:00:00+00:00,Zone_C,2.91,0.25,3.0,1.0,0.0,0.7142857142857143,223.0592647058824,-1882.2,-97.0,1.0,0.0500000000000002,LOW
2026-07-05 06:00:00+00:00,Zone_C,2.8,0.8,5.0,1.0,1.0,0.7142857142857143,223.0620588235294,-1882.15,-96.0,2.0,-0.1100000000000003,LOW
2026-07-05 07:00:00+00:00,Zone_C,2.85,3.74,0.0,0.0,0.0,0.7142857142857143,223.0645588235294,-1881.07,-98.0,0.0,0.0500000000000002,LOW
2026-07-05 08:00:00+00:00,Zone_C,2.93,0.58,3.0,0.0,0.0,0.7142857142857143,223.065,-1887.85,-98.0,0.0,0.08,LOW
2026-07-05 09:00:00+00:00,Zone_C,2.8,1.08,2.0,0.0,0.0,0.7142857142857143,223.0620588235294,-1889.87,-101.0,0.0,-0.1300000000000003,LOW
2026-07-05 11:00:00+00:00,Zone_C,2.76,0.0,1.0,0.0,0.0,0.7142857142857143,219.8682608695652,-890.1500000000002,-2.0,0.0,-0.0500000000000002,LOW
2026-07-05 12:00:00+00:00,Zone_C,3.35,9.76,2.0,3.0,0.0,0.7142857142857143,219.87420289855072,-881.1200000000001,0.0,3.0,0.5900000000000003,MODERATE
2026-07-05 13:00:00+00:00,Zone_C,3.36,2.79,3.0,1.0,0.0,0.7142857142857143,147.45913043478262,-880.1300000000001,3.0,1.0,0.0099999999999997,MODERATE
2026-07-05 14:00:00+00:00,Zone_C,3.33,0.0,3.0,1.0,0.0,0.7142857142857143,147.4672463768116,-880.2800000000001,4.0,1.0,-0.0299999999999998,MODERATE
2026-07-05 15:00:00+00:00,Zone_C,3.23,4.24,2.0,3.0,0.0,0.7142857142857143,147.4755072463768,-876.5100000000001,4.0,3.0,-0.1,MODERATE
2026-07-05 16:00:00+00:00,Zone_C,3.27,2.01,1.0,3.0,0.0,0.7142857142857143,145.41542857142858,-875.0300000000001,0.0,3.0,0.04,MODERATE
2026-07-05 17:00:00+00:00,Zone_C,3.19,2.82,2.0,2.0,0.0,0.7142857142857143,145.42499999999998,-874.5300000000002,1.0,2.0,-0.08,MODERATE
2026-07-05 18:00:00+00:00,Zone_C,3.18,2.93,3.0,2.0,1.0,0.7142857142857143,143.42154929577464,-873.8400000000001,3.0,3.0,-0.0099999999999997,MODERATE
2026-07-05 19:00:00+00:00,Zone_C,3.16,0.0,3.0,1.0,0.0,0.7142857142857143,143.43309859154928,-873.8400000000001,4.0,1.0,-0.02,MODERATE
2026-07-05 20:00:00+00:00,Zone_C,3.26,2.91,3.0,1.0,1.0,0.7142857142857143,145.46242857142855,-870.9300000000002,5.0,2.0,0.0999999999999996,MODERATE
2026-07-05 21:00:00+00:00,Zone_C,3.29,0.0,5.0,2.0,0.0,0.7142857142857143,145.4787142857143,-870.9300000000002,9.0,2.0,0.0300000000000002,MODERATE
2026-07-05 22:00:00+00:00,Zone_C,3.25,0.15,3.0,0.0,0.0,0.7142857142857143,145.49328571428572,-872.0900000000001,7.0,0.0,-0.04,MODERATE
2026-07-06 00:00:00+00:00,Zone_C,2.93,0.0,3.0,0.0,0.0,0.7142857142857143,216.89371428571428,-876.5500000000001,59.0,0.0,-4997.07,LOW
2026-07-06 04:00:00+00:00,Zone_C,3.0,2.69,0.0,3.0,0.0,0.7142857142857143,292.4266666666666,-880.2800000000002,50.0,3.0,0.1099999999999998,MODERATE
2026-07-06 05:00:00+00:00,Zone_C,2.76,0.0,0.0,1.0,0.0,0.7142857142857143,292.42275362318844,-882.0900000000001,47.0,1.0,-0.2400000000000002,LOW
2026-07-06 06:00:00+00:00,Zone_C,2.65,0.94,1.0,0.0,0.0,0.7142857142857143,292.4191304347826,-881.5100000000002,43.0,0.0,-0.1099999999999998,LOW
2026-07-06 07:00:00+00:00,Zone_C,2.67,1.42,5.0,0.0,0.0,0.7142857142857143,292.42043478260865,-880.2600000000001,48.0,0.0,0.02,LOW
2026-07-06 08:00:00+00:00,Zone_C,2.71,2.96,2.0,0.0,0.0,0.7142857142857143,292.4178260869565,-883.2700000000002,47.0,0.0,0.04,LOW
2026-07-06 09:00:00+00:00,Zone_C,2.65,0.0,3.0,0.0,0.0,0.7142857142857143,292.4166666666667,-1882.34,48.0,0.0,-0.06,LOW
2026-07-06 10:00:00+00:00,Zone_C,2.4,0.0,3.0,0.0,0.0,0.5,292.4126086956521,-1882.65,50.0,0.0,-0.25,LOW
2026-07-06 11:00:00+00:00,Zone_C,2.28,0.48,3.0,0.0,1.0,0.5,219.981884057971,-1883.7900000000004,52.0,1.0,-0.1200000000000001,LOW
2026-07-06 12:00:00+00:00,Zone_C,2.11,0.26,1.0,0.0,0.0,0.5,219.97391304347823,-1883.6100000000004,51.0,0.0,-0.1699999999999999,LOW
2026-07-06 18:00:00+00:00,Zone_C,2.41,0.0,0.0,0.0,0.0,0.5,229.8287878787879,-1885.6100000000004,48.0,0.0,0.0700000000000002,LOW
2026-07-06 19:00:00+00:00,Zone_C,2.35,0.1,3.0,0.0,0.0,0.5,229.8242424242424,-1885.66,48.0,0.0,-0.06,LOW
2026-07-06 20:00:00+00:00,Zone_C,2.36,0.07,0.0,0.0,0.0,0.5,229.82151515151517,-1886.61,45.0,0.0,0.0099999999999997,LOW
2026-07-06 21:00:00+00:00,Zone_C,2.46,2.32,2.0,0.0,0.0,0.5,229.8207575757576,-1885.1500000000003,42.0,0.0,0.1,LOW
2026-07-06 22:00:00+00:00,Zone_C,2.54,0.0,1.0,0.0,0.0,0.7142857142857143,229.82,-2886.63,40.0,0.0,0.08,LOW
2026-07-06 23:00:00+00:00,Zone_C,2.48,0.47,1.0,0.0,0.0,0.5,229.8183333333333,-2887.25,40.0,0.0,-0.06,LOW
2026-07-07 00:00:00+00:00,Zone_C,2.52,3.64,2.0,0.0,0.0,0.7142857142857143,229.8181818181818,-2886.1000000000004,39.0,0.0,0.04,LOW
2026-07-07 01:00:00+00:00,Zone_C,2.42,0.0,3.0,0.0,0.0,0.5,229.8201515151515,-2886.9000000000005,42.0,0.0,-0.1,LOW
2026-07-07 02:00:00+00:00,Zone_C,2.44,1.37,2.0,0.0,0.0,0.5,229.8227272727273,-2885.8,44.0,0.0,0.02,LOW
2026-07-07 03:00:00+00:00,Zone_C,2.31,0.0,2.0,0.0,0.0,0.5,226.42701492537316,-3887.43,45.0,0.0,-0.1299999999999999,LOW
2026-07-07 05:00:00+00:00,Zone_C,2.46,0.63,3.0,0.0,0.0,0.5,301.0240298507462,-3883.71,50.0,0.0,-4997.54,LOW
2026-07-07 06:00:00+00:00,Zone_C,2.58,4.63,4.0,1.0,0.0,0.7142857142857143,296.6351470588235,-3883.11,53.0,1.0,0.1200000000000001,LOW
2026-07-07 07:00:00+00:00,Zone_C,2.58,1.0,2.0,0.0,0.0,0.7142857142857143,296.63779411764705,-3882.16,50.0,0.0,0.0,LOW
2026-07-07 08:00:00+00:00,Zone_C,2.61,0.08,2.0,1.0,0.0,0.7142857142857143,296.64029411764704,-3882.41,50.0,1.0,0.0299999999999998,LOW
2026-07-07 09:00:00+00:00,Zone_C,2.6,4.54,0.0,1.0,0.0,0.7142857142857143,296.6413235294117,-3878.52,47.0,1.0,-0.0099999999999997,LOW
2026-07-07 10:00:00+00:00,Zone_C,2.52,0.03,2.0,0.0,0.0,0.7142857142857143,223.14897058823527,-3879.32,46.0,0.0,-0.08,LOW
2026-07-07 11:00:00+00:00,Zone_C,2.45,2.07,3.0,0.0,0.0,0.5,226.4441791044776,-3881.95,46.0,0.0,-0.0699999999999998,LOW
2026-07-07 12:00:00+00:00,Zone_C,2.39,2.38,3.0,0.0,0.0,0.5,226.44358208955225,-3879.92,48.0,0.0,-0.06,LOW
2026-07-07 13:00:00+00:00,Zone_C,2.32,0.61,0.0,0.0,0.0,0.5,226.44298507462688,-3879.32,47.0,0.0,-0.0700000000000002,LOW
2026-07-07 14:00:00+00:00,Zone_C,2.38,1.4,3.0,1.0,0.0,0.5,223.14691176470583,-3877.35,44.0,1.0,0.06,LOW
2026-07-07 15:00:00+00:00,Zone_C,2.2,0.56,3.0,0.0,0.0,0.5,223.1441176470588,-3879.9,44.0,0.0,-0.1799999999999997,LOW
2026-07-07 16:00:00+00:00,Zone_C,2.37,1.19,3.0,0.0,0.0,0.5,219.9444927536232,-3878.71,47.0,0.0,0.1699999999999999,LOW
2026-07-07 17:00:00+00:00,Zone_C,2.29,2.21,2.0,0.0,0.0,0.5,219.94289855072464,-3877.87,48.0,0.0,-0.08,LOW
2026-07-07 18:00:00+00:00,Zone_C,2.38,6.1,2.0,0.0,0.0,0.5,219.9413043478261,-3874.1,50.0,0.0,0.0899999999999998,LOW
2026-07-07 19:00:00+00:00,Zone_C,2.51,2.64,1.0,1.0,0.0,0.7142857142857143,219.94159420289853,-3873.75,48.0,1.0,0.1299999999999999,LOW
2026-07-07 22:00:00+00:00,Zone_C,2.28,2.96,1.0,0.0,0.0,0.5,226.43462686567165,-3873.63,50.0,0.0,-0.02,LOW
2026-07-07 23:00:00+00:00,Zone_C,2.38,4.19,1.0,0.0,0.0,0.5,223.13970588235293,-3872.71,50.0,0.0,0.1,LOW
2026-07-08 00:00:00+00:00,Zone_C,2.3,1.45,0.0,0.0,0.0,0.5,223.1370588235294,-3871.86,48.0,0.0,-0.08,LOW
2026-07-08 02:00:00+00:00,Zone_C,2.48,1.84,2.0,0.0,0.0,0.5,223.1260294117647,-3873.17,48.0,0.0,0.1499999999999999,LOW
2026-07-08 03:00:00+00:00,Zone_C,2.39,0.95,4.0,0.0,0.0,0.5,223.1208823529412,-3875.15,50.0,0.0,-0.0899999999999998,LOW
2026-07-08 04:00:00+00:00,Zone_C,2.14,0.29,3.0,0.0,0.0,0.5,223.11029411764707,-3877.27,51.0,0.0,-0.25,LOW
2026-07-08 06:00:00+00:00,Zone_C,2.06,0.13,1.0,0.0,0.0,0.5,223.08911764705883,-3876.97,47.0,0.0,-0.1499999999999999,LOW
2026-07-08 07:00:00+00:00,Zone_C,1.78,0.15,4.0,0.0,0.0,0.5,223.0733823529412,-3880.56,49.0,0.0,-0.28,LOW
2026-07-08 10:00:00+00:00,Zone_C,2.23,6.17,4.0,1.0,0.0,0.5,223.0355882352941,-3875.68,51.0,1.0,0.31,LOW
2026-07-08 12:00:00+00:00,Zone_C,2.4,2.07,0.0,0.0,0.0,0.5,223.0158823529412,-3882.02,47.0,0.0,0.0299999999999998,LOW
2026-07-08 16:00:00+00:00,Zone_C,2.43,0.0,1.0,0.0,0.0,0.5,222.9651470588235,-4880.52,45.0,0.0,-0.04,LOW
2026-07-08 17:00:00+00:00,Zone_C,2.39,1.92,0.0,1.0,0.0,0.5,222.9533823529412,-4881.42,43.0,1.0,-0.04,LOW
2026-07-08 19:00:00+00:00,Zone_C,3.12,0.0,2.0,2.0,1.0,0.7142857142857143,292.17391304347825,-4872.29,43.0,3.0,-4996.88,MODERATE
2026-07-08 20:00:00+00:00,Zone_C,3.01,3.32,1.0,2.0,0.0,0.7142857142857143,292.1702898550724,-4871.88,42.0,2.0,-0.1100000000000003,MODERATE
2026-07-08 23:00:00+00:00,Zone_C,2.81,3.55,2.0,0.0,0.0,0.7142857142857143,222.9239705882353,-5868.2300000000005,44.0,0.0,0.0,LOW
2026-07-09 00:00:00+00:00,Zone_C,2.86,3.31,6.0,0.0,1.0,0.7142857142857143,222.9229411764706,-5864.92,50.0,1.0,0.0499999999999998,LOW
2026-07-09 01:00:00+00:00,Zone_C,2.78,1.31,1.0,0.0,0.0,0.7142857142857143,149.43441176470586,-5864.01,48.0,0.0,-0.08,LOW
2026-07-09 02:00:00+00:00,Zone_C,2.79,1.15,0.0,2.0,0.0,0.7142857142857143,147.3091304347826,-5864.07,46.0,2.0,0.0100000000000002,LOW
2026-07-09 03:00:00+00:00,Zone_C,2.71,0.48,2.0,1.0,0.0,0.7142857142857143,147.30652173913043,-5870.22,44.0,1.0,-0.08,LOW
2026-07-09 04:00:00+00:00,Zone_C,2.84,2.27,3.0,0.0,0.0,0.7142857142857143,147.30420289855073,-5870.639999999999,44.0,0.0,0.1299999999999999,LOW
2026-07-09 05:00:00+00:00,Zone_C,2.69,0.98,3.0,0.0,0.0,0.7142857142857143,147.30318840579707,-5869.66,45.0,0.0,-0.1499999999999999,LOW
2026-07-09 07:00:00+00:00,Zone_C,2.56,1.02,0.0,1.0,0.0,0.7142857142857143,219.72695652173917,-5868.56,41.0,1.0,-4997.44,LOW
2026-07-09 08:00:00+00:00,Zone_C,2.53,0.34,3.0,0.0,0.0,0.7142857142857143,219.72434782608696,-5871.18,43.0,0.0,-0.0300000000000002,LOW
2026-07-09 10:00:00+00:00,Zone_C,2.77,4.01,1.0,1.0,1.0,0.7142857142857143,219.73130434782607,-4861.400000000001,40.0,2.0,0.0100000000000002,LOW
2026-07-09 13:00:00+00:00,Zone_C,2.74,0.0,3.0,1.0,0.0,0.7142857142857143,219.7450724637681,-5858.28,41.0,1.0,0.1400000000000001,LOW
2026-07-09 14:00:00+00:00,Zone_C,2.76,2.16,1.0,2.0,1.0,0.7142857142857143,216.6452857142857,-5860.990000000001,38.0,3.0,0.0199999999999995,LOW
2026-07-09 15:00:00+00:00,Zone_C,2.97,5.87,1.0,1.0,0.0,0.7142857142857143,216.6515714285714,-4856.12,38.0,1.0,0.2100000000000004,LOW
2026-07-09 16:00:00+00:00,Zone_C,2.61,0.04,2.0,0.0,0.0,0.7142857142857143,213.63690140845068,-4856.280000000001,39.0,0.0,-0.3600000000000003,LOW
2026-07-09 17:00:00+00:00,Zone_C,2.68,1.61,3.0,2.0,0.0,0.7142857142857143,213.64169014084507,-4854.92,42.0,2.0,0.0700000000000002,LOW
2026-07-09 19:00:00+00:00,Zone_C,2.23,0.68,1.0,0.0,0.0,0.5,213.6392957746479,-4854.34,44.0,0.0,-0.1299999999999999,LOW
2026-07-09 20:00:00+00:00,Zone_C,2.2,0.0,0.0,0.0,0.0,0.5,213.63704225352112,-4854.410000000001,43.0,0.0,-0.0299999999999998,LOW
2026-07-09 21:00:00+00:00,Zone_C,2.13,0.0,3.0,0.0,0.0,0.5,213.6323943661972,-4856.7300000000005,45.0,0.0,-0.0700000000000002,LOW
2026-07-09 23:00:00+00:00,Zone_C,2.27,1.57,1.0,0.0,0.0,0.5,213.6257746478873,-3856.63,44.0,0.0,-0.0099999999999997,LOW
2026-07-10 01:00:00+00:00,Zone_C,2.77,0.0,0.0,0.0,0.0,0.7142857142857143,213.6329577464789,-3850.06,38.0,0.0,0.0899999999999998,LOW
2026-07-10 02:00:00+00:00,Zone_C,2.58,1.68,2.0,1.0,0.0,0.7142857142857143,213.6349295774648,-3849.75,40.0,1.0,-0.1899999999999999,LOW
2026-07-10 04:00:00+00:00,Zone_C,2.76,4.57,1.0,1.0,0.0,0.7142857142857143,213.6412676056338,-2849.37,38.0,1.0,-4997.24,LOW
2026-07-10 05:00:00+00:00,Zone_C,2.68,0.33,2.0,1.0,0.0,0.7142857142857143,213.6443661971831,-2849.67,37.0,1.0,-0.0799999999999996,LOW
2026-07-10 06:00:00+00:00,Zone_C,2.64,1.17,3.0,1.0,0.0,0.7142857142857143,213.6452112676056,-2853.13,39.0,1.0,-0.04,LOW
2026-07-10 07:00:00+00:00,Zone_C,2.76,2.75,2.0,1.0,0.0,0.7142857142857143,210.7170833333333,-2850.21,44.0,1.0,0.1199999999999996,LOW
2026-07-10 08:00:00+00:00,Zone_C,3.11,7.61,0.0,1.0,0.0,0.7142857142857143,210.72402777777776,-2842.68,41.0,1.0,0.3500000000000001,MODERATE
2026-07-10 09:00:00+00:00,Zone_C,2.83,0.71,0.0,1.0,0.0,0.7142857142857143,210.7272222222222,-2846.51,40.0,1.0,-0.2799999999999998,LOW
2026-07-10 10:00:00+00:00,Zone_C,2.65,0.18,0.0,1.0,0.0,0.7142857142857143,210.7290277777778,-2846.36,-11.0,1.0,-0.1800000000000001,LOW
2026-07-10 11:00:00+00:00,Zone_C,2.69,0.0,3.0,1.0,0.0,0.7142857142857143,210.73236111111112,-2848.43,-9.0,1.0,0.04,LOW
2026-07-10 12:00:00+00:00,Zone_C,2.78,3.11,1.0,2.0,1.0,0.7142857142857143,207.88780821917808,-2847.7,-5.0,3.0,0.0899999999999998,LOW
2026-07-10 13:00:00+00:00,Zone_C,2.65,0.48,4.0,0.0,0.0,0.7142857142857143,210.7475,-2848.44,-4.0,0.0,-0.1299999999999999,LOW
2026-07-10 14:00:00+00:00,Zone_C,2.86,4.99,2.0,2.0,0.0,0.7142857142857143,210.7541666666667,-2844.85,-3.0,2.0,0.2099999999999999,LOW
2026-07-10 15:00:00+00:00,Zone_C,2.89,0.0,1.0,2.0,0.0,0.7142857142857143,210.76375,-2845.4100000000003,-3.0,2.0,0.0300000000000002,LOW
2026-07-10 16:00:00+00:00,Zone_C,2.84,0.89,2.0,1.0,0.0,0.7142857142857143,210.77027777777775,-2845.71,-3.0,1.0,-0.0500000000000002,LOW
2026-07-10 17:00:00+00:00,Zone_C,2.74,0.77,0.0,2.0,0.0,0.7142857142857143,210.77652777777777,-2847.15,-6.0,2.0,-0.0999999999999996,LOW
2026-07-11 00:00:00+00:00,Zone_C,3.06,0.0,2.0,1.0,0.0,0.7142857142857143,349.61805555555554,-2860.23,-10.0,1.0,0.4399999999999999,MODERATE
2026-07-11 01:00:00+00:00,Zone_C,2.89,0.26,3.0,2.0,0.0,0.7142857142857143,349.62583333333333,-2860.6,-7.0,2.0,-0.1699999999999999,LOW
2026-07-11 02:00:00+00:00,Zone_C,2.9,0.48,0.0,1.0,0.0,0.7142857142857143,349.63166666666666,-2861.96,-9.0,1.0,0.0099999999999997,LOW
2026-07-11 03:00:00+00:00,Zone_C,2.69,0.34,3.0,1.0,0.0,0.7142857142857143,349.6358333333334,-2862.57,-8.0,1.0,-0.2099999999999999,LOW
2026-07-11 04:00:00+00:00,Zone_C,2.83,0.13,0.0,0.0,0.0,0.7142857142857143,349.6454166666666,-2862.73,-9.0,0.0,0.1400000000000001,LOW
2026-07-11 07:00:00+00:00,Zone_C,3.62,2.41,1.0,2.0,1.0,0.2352941176470588,419.10069444444446,-2852.48,-14.0,3.0,-4996.38,MODERATE
2026-07-11 08:00:00+00:00,Zone_C,3.37,0.47,3.0,3.0,0.0,0.7142857142857143,419.1222222222222,-2852.18,-11.0,3.0,-0.25,MODERATE
2026-07-11 11:00:00+00:00,Zone_C,3.24,1.32,3.0,0.0,0.0,0.7142857142857143,557.9655555555556,-3858.66,42.0,0.0,-4996.76,MODERATE
2026-07-11 14:00:00+00:00,Zone_C,3.28,0.59,4.0,3.0,0.0,0.7142857142857143,558.0034722222222,-3858.43,44.0,3.0,-0.0500000000000002,MODERATE
2026-07-11 15:00:00+00:00,Zone_C,3.31,2.56,0.0,3.0,0.0,0.7142857142857143,550.4160273972602,-3856.92,47.0,3.0,0.0300000000000002,MODERATE
2026-07-11 16:00:00+00:00,Zone_C,3.17,0.19,2.0,2.0,1.0,0.7142857142857143,543.0327027027027,-2855.17,47.0,3.0,-0.1400000000000001,MODERATE
2026-07-11 17:00:00+00:00,Zone_C,3.16,1.16,4.0,2.0,1.0,0.7142857142857143,550.4493150684931,-2857.85,51.0,3.0,-0.0099999999999997,MODERATE
2026-07-11 18:00:00+00:00,Zone_C,3.17,1.5,1.0,0.0,1.0,0.7142857142857143,481.9995890410958,-2866.49,52.0,1.0,0.0099999999999997,MODERATE
2026-07-11 19:00:00+00:00,Zone_C,3.06,2.42,0.0,1.0,0.0,0.7142857142857143,481.9987671232877,-2864.07,52.0,1.0,-0.1099999999999998,MODERATE
2026-07-11 20:00:00+00:00,Zone_C,3.01,0.0,1.0,0.0,0.0,0.7142857142857143,481.9987671232876,-2867.39,53.0,0.0,-0.0500000000000002,MODERATE
2026-07-11 21:00:00+00:00,Zone_C,2.82,1.12,4.0,1.0,0.0,0.7142857142857143,475.5233783783783,-2867.17,53.0,1.0,-0.1899999999999999,LOW
2026-07-11 22:00:00+00:00,Zone_C,2.73,1.04,4.0,1.0,0.0,0.7142857142857143,475.5222972972973,-1867.13,56.0,1.0,-0.0899999999999998,LOW
2026-07-12 01:00:00+00:00,Zone_C,3.17,4.09,1.0,0.0,1.0,0.7142857142857143,482.0056164383561,-2870.21,56.0,1.0,0.1299999999999999,MODERATE
2026-07-12 02:00:00+00:00,Zone_C,2.98,0.0,1.0,2.0,0.0,0.7142857142857143,482.0082191780822,-2871.36,57.0,2.0,-0.1899999999999999,LOW
2026-07-12 03:00:00+00:00,Zone_C,3.03,0.44,2.0,3.0,0.0,0.7142857142857143,482.012602739726,-2871.4,56.0,3.0,0.0499999999999998,MODERATE
2026-07-12 04:00:00+00:00,Zone_C,3.02,1.59,3.0,1.0,0.0,0.7142857142857143,482.0150684931507,-2872.0800000000004,59.0,1.0,-0.0099999999999997,MODERATE
2026-07-12 05:00:00+00:00,Zone_C,3.02,0.0,1.0,5.0,0.0,0.7142857142857143,482.0195890410959,-2873.0600000000004,56.0,5.0,0.0,MODERATE
2026-07-12 06:00:00+00:00,Zone_C,3.12,1.06,1.0,2.0,0.0,0.7142857142857143,413.5691780821918,-2874.4400000000005,57.0,2.0,0.1,MODERATE
2026-07-12 09:00:00+00:00,Zone_C,3.14,2.81,2.0,1.0,0.0,0.7142857142857143,419.2933333333333,-2872.33,57.0,1.0,-0.1399999999999996,MODERATE
2026-07-12 10:00:00+00:00,Zone_C,3.22,0.62,2.0,3.0,1.0,0.7142857142857143,419.2995833333333,-2875.7200000000003,55.0,4.0,0.08,MODERATE
2026-07-12 14:00:00+00:00,Zone_C,3.23,0.0,2.0,1.0,0.0,0.7142857142857143,419.3225,-1881.75,52.0,1.0,0.08,MODERATE
2026-07-12 15:00:00+00:00,Zone_C,3.01,1.64,1.0,1.0,0.0,0.7142857142857143,419.3230555555555,-1885.98,53.0,1.0,-0.2200000000000002,MODERATE
2026-07-12 16:00:00+00:00,Zone_C,2.81,0.07,2.0,0.0,0.0,0.7142857142857143,419.3258333333333,-1885.95,53.0,0.0,-0.1999999999999997,LOW
2026-07-12 17:00:00+00:00,Zone_C,2.55,0.64,1.0,1.0,0.0,0.7142857142857143,419.32402777777776,-1886.9200000000003,50.0,1.0,-0.2600000000000002,LOW
2026-07-12 18:00:00+00:00,Zone_C,2.6,0.6,1.0,1.0,0.0,0.7142857142857143,419.3273611111111,-1886.32,50.0,1.0,0.0500000000000002,LOW
2026-07-12 19:00:00+00:00,Zone_C,2.53,0.8,1.0,1.0,0.0,0.7142857142857143,419.33152777777775,-1886.2,51.0,1.0,-0.0700000000000002,LOW
2026-07-12 20:00:00+00:00,Zone_C,2.69,6.47,1.0,1.0,1.0,0.7142857142857143,419.3383333333333,-1879.73,51.0,2.0,0.1600000000000001,LOW
2026-07-12 21:00:00+00:00,Zone_C,2.39,0.0,1.0,0.0,0.0,0.5,419.3419444444445,-1879.73,48.0,0.0,-0.2999999999999998,LOW
2026-07-12 22:00:00+00:00,Zone_C,2.43,2.45,0.0,0.0,0.0,0.5,419.34402777777774,-1877.28,44.0,0.0,0.04,LOW
2026-07-12 23:00:00+00:00,Zone_C,2.37,2.81,2.0,0.0,0.0,0.5,419.34541666666667,-1876.04,42.0,0.0,-0.06,LOW
2026-07-13 00:00:00+00:00,Zone_C,2.22,0.11,2.0,0.0,0.0,0.5,419.3390277777778,-1886.1400000000003,42.0,0.0,-0.1499999999999999,LOW
2026-07-13 01:00:00+00:00,Zone_C,2.09,0.3,2.0,0.0,0.0,0.5,419.32958333333335,-1885.8400000000004,43.0,0.0,-0.1300000000000003,LOW
2026-07-13 03:00:00+00:00,Zone_C,2.14,0.35,1.0,0.0,0.0,0.5,349.91041666666666,-1882.9,44.0,0.0,-0.1199999999999996,LOW
2026-07-13 06:00:00+00:00,Zone_C,2.06,0.94,1.0,2.0,0.0,0.5,359.8124285714286,-1888.93,-8.0,2.0,0.08,LOW
2026-07-13 07:00:00+00:00,Zone_C,2.03,1.33,1.0,0.0,0.0,0.5,345.10027397260274,-1887.53,-4.0,0.0,-0.0300000000000002,LOW
2026-07-13 08:00:00+00:00,Zone_C,2.19,0.48,1.0,0.0,0.0,0.5,345.0876712328767,-1894.6600000000003,-7.0,0.0,0.1600000000000001,LOW
2026-07-13 12:00:00+00:00,Zone_C,1.87,0.67,2.0,0.0,0.0,0.5,419.2190277777778,-1890.73,-11.0,0.0,-0.0799999999999998,LOW
2026-07-13 14:00:00+00:00,Zone_C,2.25,8.99,0.0,1.0,0.0,0.5,488.6181944444445,-2886.21,-14.0,1.0,-4997.75,LOW
2026-07-13 15:00:00+00:00,Zone_C,2.33,0.85,1.0,1.0,0.0,0.5,488.6104166666667,-2885.36,-14.0,1.0,0.08,LOW
2026-07-13 18:00:00+00:00,Zone_C,2.44,2.33,1.0,1.0,0.0,0.5,481.9404109589041,-2880.4300000000003,-13.0,1.0,-0.0699999999999998,LOW
2026-07-13 19:00:00+00:00,Zone_C,2.39,3.07,1.0,1.0,0.0,0.5,488.5969444444445,-2878.5600000000004,-13.0,1.0,-0.0499999999999998,LOW
2026-07-13 21:00:00+00:00,Zone_C,2.88,6.28,1.0,0.0,0.0,0.7142857142857143,419.1925,-2869.13,-13.0,0.0,-4997.12,LOW
2026-07-13 22:00:00+00:00,Zone_C,2.91,0.0,2.0,1.0,0.0,0.7142857142857143,413.49,-2869.13,-11.0,1.0,0.0300000000000002,LOW
2026-07-13 23:00:00+00:00,Zone_C,2.68,0.0,3.0,0.0,0.0,0.7142857142857143,413.4908219178082,-2870.8700000000003,-10.0,0.0,-0.2299999999999999,LOW
2026-07-14 00:00:00+00:00,Zone_C,2.82,2.68,1.0,0.0,0.0,0.7142857142857143,407.93608108108106,-2868.1900000000005,-8.0,0.0,0.1399999999999996,LOW
2026-07-14 01:00:00+00:00,Zone_C,2.57,0.98,1.0,1.0,0.0,0.7142857142857143,407.9317567567568,-2867.4700000000003,-9.0,1.0,-0.25,LOW
2026-07-14 02:00:00+00:00,Zone_C,2.6,0.04,1.0,0.0,0.0,0.7142857142857143,407.92770270270273,-2867.9100000000003,-11.0,0.0,0.0300000000000002,LOW
2026-07-14 03:00:00+00:00,Zone_C,2.7,0.35,1.0,0.0,0.0,0.7142857142857143,407.9278378378378,-2867.9000000000005,-11.0,0.0,0.1,LOW
2026-07-14 04:00:00+00:00,Zone_C,2.81,0.07,1.0,0.0,0.0,0.7142857142857143,407.9275675675676,-2867.96,40.0,0.0,0.1099999999999998,LOW
2026-07-14 05:00:00+00:00,Zone_C,2.7,1.83,4.0,1.0,0.0,0.7142857142857143,407.9206756756756,-2866.13,42.0,1.0,-0.1099999999999998,LOW
2026-07-14 07:00:00+00:00,Zone_C,3.0,3.76,5.0,0.0,1.0,0.7142857142857143,407.9122972972973,-2872.28,42.0,1.0,-4997.0,MODERATE
2026-07-14 08:00:00+00:00,Zone_C,3.07,0.41,0.0,2.0,1.0,0.7142857142857143,407.9082432432433,-2872.34,40.0,3.0,0.0699999999999998,MODERATE
2026-07-14 09:00:00+00:00,Zone_C,3.08,0.48,3.0,1.0,0.0,0.7142857142857143,340.3822972972973,-1872.8600000000004,41.0,1.0,0.0100000000000002,MODERATE
2026-07-14 10:00:00+00:00,Zone_C,3.17,0.0,0.0,2.0,0.0,0.7142857142857143,272.8575675675676,-1874.5,41.0,2.0,0.0899999999999998,MODERATE
2026-07-14 11:00:00+00:00,Zone_C,3.17,1.74,2.0,1.0,0.0,0.7142857142857143,272.8566216216216,-1874.08,40.0,1.0,0.0,MODERATE
2026-07-14 12:00:00+00:00,Zone_C,3.08,0.0,3.0,2.0,0.0,0.7142857142857143,272.85283783783785,-1878.7000000000005,41.0,2.0,-0.0899999999999998,MODERATE
2026-07-14 13:00:00+00:00,Zone_C,3.16,4.71,1.0,3.0,0.0,0.7142857142857143,272.8505405405405,-1878.98,40.0,3.0,0.08,MODERATE
2026-07-14 16:00:00+00:00,Zone_C,3.13,1.5,2.0,1.0,0.0,0.7142857142857143,284.2367605633803,-1881.81,42.0,1.0,0.04,MODERATE
2026-07-14 21:00:00+00:00,Zone_C,2.6,1.05,1.0,1.0,0.0,0.7142857142857143,284.2274647887324,-1882.4000000000003,5.0,1.0,-0.2199999999999997,LOW
2026-07-14 22:00:00+00:00,Zone_C,2.61,0.0,1.0,2.0,1.0,0.7142857142857143,284.22577464788736,-1883.4400000000005,4.0,3.0,0.0099999999999997,LOW
2026-07-14 23:00:00+00:00,Zone_C,2.64,3.61,3.0,0.0,0.0,0.7142857142857143,280.3148611111112,-880.8300000000002,1.0,0.0,0.0300000000000002,LOW
2026-07-15 00:00:00+00:00,Zone_C,2.47,2.73,2.0,0.0,0.0,0.5,280.3069444444444,-878.1000000000001,2.0,0.0,-0.1699999999999999,LOW
2026-07-15 01:00:00+00:00,Zone_C,2.52,3.05,0.0,1.0,0.0,0.7142857142857143,280.29791666666665,-879.1400000000001,1.0,1.0,0.0499999999999998,LOW
2026-07-15 04:00:00+00:00,Zone_C,2.46,0.28,2.0,0.0,0.0,0.5,284.189014084507,-879.5000000000001,3.0,0.0,-0.08,LOW
2026-07-15 05:00:00+00:00,Zone_C,2.62,1.73,2.0,1.0,1.0,0.7142857142857143,284.1833802816901,-877.7700000000001,1.0,2.0,0.1600000000000001,LOW
2026-07-15 06:00:00+00:00,Zone_C,2.43,0.34,0.0,0.0,0.0,0.5,284.17366197183094,-878.4900000000001,1.0,0.0,-0.1899999999999999,LOW
2026-07-15 07:00:00+00:00,Zone_C,2.46,1.02,4.0,1.0,0.0,0.5,280.2609722222222,-881.22,0.0,1.0,0.0299999999999998,LOW
2026-07-15 08:00:00+00:00,Zone_C,2.43,0.07,3.0,0.0,0.0,0.5,280.2491666666667,-884.8300000000002,3.0,0.0,-0.0299999999999998,LOW
2026-07-15 09:00:00+00:00,Zone_C,2.48,1.66,0.0,0.0,0.0,0.5,280.24,-885.9800000000001,0.0,0.0,0.0499999999999998,LOW
2026-07-15 10:00:00+00:00,Zone_C,2.59,0.74,0.0,0.0,0.0,0.7142857142857143,280.23125000000005,-885.8600000000001,0.0,0.0,0.1099999999999998,LOW
2026-07-15 13:00:00+00:00,Zone_C,2.57,1.24,1.0,1.0,0.0,0.7142857142857143,280.2134722222222,-880.0100000000001,-3.0,1.0,-0.1,LOW
2026-07-15 14:00:00+00:00,Zone_C,2.7,2.65,4.0,1.0,0.0,0.7142857142857143,280.2061111111111,-877.3600000000001,0.0,1.0,0.1300000000000003,LOW
2026-07-15 15:00:00+00:00,Zone_C,2.48,0.63,0.0,2.0,0.0,0.5,280.19875,-878.3700000000001,-52.0,2.0,-0.2200000000000002,LOW
2026-07-15 16:00:00+00:00,Zone_C,2.51,0.07,1.0,0.0,0.0,0.7142857142857143,276.3902739726028,-877.7400000000001,-103.0,0.0,0.0299999999999998,LOW
2026-07-15 17:00:00+00:00,Zone_C,2.6,3.05,1.0,0.0,0.0,0.7142857142857143,276.3909589041096,-875.33,-107.0,0.0,0.0900000000000003,LOW
2026-07-15 18:00:00+00:00,Zone_C,2.58,0.82,1.0,0.0,0.0,0.7142857142857143,276.3906849315069,-875.1100000000001,-114.0,0.0,-0.02,LOW
2026-07-15 19:00:00+00:00,Zone_C,2.51,1.22,1.0,1.0,0.0,0.7142857142857143,276.3904109589041,-874.69,-118.0,1.0,-0.0700000000000002,LOW
2026-07-15 20:00:00+00:00,Zone_C,2.59,0.85,3.0,0.0,0.0,0.7142857142857143,276.38904109589043,-880.3100000000001,-65.0,0.0,0.08,LOW
2026-07-15 21:00:00+00:00,Zone_C,2.42,0.09,1.0,1.0,0.0,0.5,276.3894520547945,-880.2200000000001,-65.0,1.0,-0.1699999999999999,LOW
2026-07-15 22:00:00+00:00,Zone_C,2.54,0.0,2.0,0.0,0.0,0.7142857142857143,276.3909589041096,-882.6700000000002,-64.0,0.0,0.1200000000000001,LOW
2026-07-16 01:00:00+00:00,Zone_C,2.6,3.89,0.0,0.0,0.0,0.7142857142857143,280.2068055555556,-876.7300000000001,-61.0,0.0,0.1699999999999999,LOW
2026-07-16 02:00:00+00:00,Zone_C,2.56,0.9,6.0,0.0,0.0,0.7142857142857143,280.2109722222222,-880.4000000000001,-58.0,0.0,-0.04,LOW
2026-07-16 03:00:00+00:00,Zone_C,2.6,1.11,2.0,2.0,0.0,0.7142857142857143,280.2173611111112,-879.6400000000001,-56.0,2.0,0.04,LOW
2026-07-16 05:00:00+00:00,Zone_C,2.47,1.67,0.0,1.0,0.0,0.5,344.8786301369863,-878.0900000000001,-108.0,1.0,-4997.53,LOW
2026-07-16 11:00:00+00:00,Zone_C,2.41,0.77,3.0,0.0,0.0,0.5,301.0035820895522,-881.1100000000001,-102.0,0.0,-0.2099999999999999,LOW
2026-07-16 12:00:00+00:00,Zone_C,2.5,0.28,2.0,1.0,1.0,0.5,301.01298507462684,-881.5000000000001,-101.0,2.0,0.0899999999999998,LOW
2026-07-16 13:00:00+00:00,Zone_C,2.47,1.43,4.0,0.0,0.0,0.5,226.4229850746269,118.92999999999988,-98.0,0.0,-0.0299999999999998,MODERATE
2026-07-16 15:00:00+00:00,Zone_C,2.62,0.38,3.0,0.0,0.0,0.7142857142857143,305.54621212121214,114.6799999999999,3.0,0.0,-4997.38,MODERATE
2026-07-16 17:00:00+00:00,Zone_C,3.16,0.79,2.0,1.0,0.0,0.7142857142857143,375.6223880597015,117.98999999999988,6.0,1.0,-4996.84,MODERATE
2026-07-16 18:00:00+00:00,Zone_C,3.4,5.46,1.0,1.0,0.0,0.7142857142857143,375.63671641791046,121.11999999999988,6.0,1.0,0.2399999999999997,MODERATE
2026-07-16 20:00:00+00:00,Zone_C,3.36,2.28,4.0,1.0,0.0,0.7142857142857143,301.07582089552244,118.94999999999987,10.0,1.0,-0.0900000000000003,MODERATE
2026-07-16 22:00:00+00:00,Zone_C,3.19,1.33,5.0,3.0,0.0,0.7142857142857143,301.084776119403,114.18999999999988,13.0,3.0,-0.0100000000000002,MODERATE
2026-07-17 00:00:00+00:00,Zone_C,3.13,0.0,3.0,0.0,0.0,0.7142857142857143,381.3277272727273,111.50999999999988,10.0,0.0,-4996.87,MODERATE
2026-07-17 01:00:00+00:00,Zone_C,2.85,0.11,2.0,1.0,0.0,0.7142857142857143,381.3319696969697,110.63999999999989,12.0,1.0,-0.2799999999999998,MODERATE
2026-07-17 02:00:00+00:00,Zone_C,2.87,5.07,2.0,1.0,0.0,0.7142857142857143,381.3360606060606,115.66999999999987,8.0,1.0,0.02,MODERATE
2026-07-17 03:00:00+00:00,Zone_C,2.99,7.62,1.0,0.0,0.0,0.7142857142857143,381.3404545454546,122.93999999999988,7.0,0.0,0.1200000000000001,MODERATE
2026-07-17 04:00:00+00:00,Zone_C,2.95,0.48,0.0,2.0,0.0,0.7142857142857143,381.34257575757584,123.34999999999988,5.0,2.0,-0.04,MODERATE
2026-07-17 05:00:00+00:00,Zone_C,2.89,0.16,1.0,0.0,1.0,0.7142857142857143,381.3454545454546,121.67999999999988,56.0,1.0,-0.06,MODERATE
2026-07-17 07:00:00+00:00,Zone_C,2.67,0.75,4.0,0.0,0.0,0.7142857142857143,381.3404545454546,119.62999999999988,57.0,0.0,-4997.33,MODERATE
2026-07-17 08:00:00+00:00,Zone_C,2.63,0.66,4.0,1.0,0.0,0.7142857142857143,381.3337878787879,119.8799999999999,58.0,1.0,-0.04,MODERATE
2026-07-17 09:00:00+00:00,Zone_C,2.45,0.78,2.0,1.0,1.0,0.5,381.32424242424247,120.1799999999999,59.0,2.0,-0.1799999999999997,MODERATE
2026-07-17 10:00:00+00:00,Zone_C,2.58,0.85,2.0,3.0,0.0,0.7142857142857143,381.315303030303,121.02999999999987,59.0,3.0,0.1299999999999999,MODERATE
2026-07-17 11:00:00+00:00,Zone_C,2.57,2.64,5.0,1.0,0.0,0.7142857142857143,381.3062121212121,121.9299999999999,61.0,1.0,-0.0100000000000002,MODERATE
2026-07-17 12:00:00+00:00,Zone_C,2.42,0.73,0.0,0.0,0.0,0.5,381.2962121212122,122.6599999999999,59.0,0.0,-0.1499999999999999,MODERATE
2026-07-17 13:00:00+00:00,Zone_C,2.34,0.0,2.0,0.0,0.0,0.5,381.2837878787879,-881.0500000000001,57.0,0.0,-0.08,LOW
2026-07-17 14:00:00+00:00,Zone_C,2.32,1.37,2.0,0.0,0.0,0.5,375.62761194029855,-880.6200000000001,57.0,0.0,-0.02,LOW
2026-07-17 19:00:00+00:00,Zone_C,2.17,1.11,3.0,0.0,0.0,0.5,387.05338461538463,-1881.53,53.0,0.0,-0.1,LOW
2026-07-17 20:00:00+00:00,Zone_C,2.1,0.0,0.0,0.0,0.0,0.5,387.04230769230776,-2880.9,49.0,0.0,-0.0699999999999998,LOW
2026-07-17 21:00:00+00:00,Zone_C,2.05,1.37,1.0,0.0,0.0,0.5,387.0338461538462,-2880.5800000000004,49.0,0.0,-0.0500000000000002,LOW
2026-07-17 23:00:00+00:00,Zone_C,2.25,0.53,3.0,0.0,0.0,0.5,387.0204615384616,-2883.17,-5.0,0.0,0.1200000000000001,LOW
2026-07-18 01:00:00+00:00,Zone_C,2.16,3.59,3.0,1.0,0.0,0.5,524.7126865671642,-2884.83,6.0,1.0,-4997.84,LOW
2026-07-18 02:00:00+00:00,Zone_C,2.33,3.7,0.0,1.0,0.0,0.5,517.0305882352941,-2882.52,-46.0,1.0,0.1699999999999999,LOW
2026-07-18 04:00:00+00:00,Zone_C,2.63,3.59,4.0,0.0,0.0,0.7142857142857143,517.0305882352941,-2877.7900000000004,-42.0,0.0,0.2599999999999998,LOW
2026-07-18 05:00:00+00:00,Zone_C,2.56,0.78,2.0,0.0,0.0,0.7142857142857143,517.029705882353,-2878.74,-41.0,0.0,-0.0699999999999998,LOW
2026-07-18 07:00:00+00:00,Zone_C,2.57,0.0,1.0,0.0,0.0,0.7142857142857143,590.5250000000001,-2878.58,-46.0,0.0,-4997.43,LOW
2026-07-18 08:00:00+00:00,Zone_C,2.67,4.69,0.0,4.0,0.0,0.7142857142857143,590.5285294117648,-2873.96,-100.0,4.0,0.1,LOW
2026-07-18 09:00:00+00:00,Zone_C,2.51,0.22,1.0,1.0,0.0,0.7142857142857143,582.0092753623188,-2870.71,-151.0,1.0,-0.1600000000000001,LOW
2026-07-18 10:00:00+00:00,Zone_C,2.33,0.35,1.0,1.0,1.0,0.5,582.0055072463769,-2871.1000000000004,-152.0,2.0,-0.1799999999999997,LOW
2026-07-18 12:00:00+00:00,Zone_C,2.25,4.03,3.0,0.0,0.0,0.5,573.7155714285714,-2872.29,-152.0,0.0,0.1200000000000001,LOW
2026-07-18 13:00:00+00:00,Zone_C,2.4,3.44,2.0,1.0,0.0,0.5,573.7131428571429,-2870.09,-152.0,1.0,0.1499999999999999,LOW
2026-07-18 14:00:00+00:00,Zone_C,2.49,0.0,3.0,0.0,0.0,0.5,573.7101428571428,-3871.74,-151.0,0.0,0.0900000000000003,LOW
2026-07-18 17:00:00+00:00,Zone_C,2.31,2.26,0.0,1.0,0.0,0.5,590.5044117647059,-3871.24,-148.0,1.0,-0.04,LOW
2026-07-18 18:00:00+00:00,Zone_C,2.25,1.28,0.0,0.0,0.0,0.5,590.4995588235295,-3870.78,-152.0,0.0,-0.06,LOW
2026-07-18 19:00:00+00:00,Zone_C,2.18,0.0,1.0,0.0,0.0,0.5,590.494705882353,-3872.0,-154.0,0.0,-0.0699999999999998,LOW
2026-07-18 20:00:00+00:00,Zone_C,2.22,0.46,1.0,0.0,0.0,0.5,590.4892647058824,-3872.39,-153.0,0.0,0.04,LOW
2026-07-19 01:00:00+00:00,Zone_C,2.27,0.24,6.0,0.0,0.0,0.5,590.4733823529413,-4873.98,-110.0,0.0,0.0100000000000002,LOW
2026-07-19 03:00:00+00:00,Zone_C,2.62,0.24,1.0,0.0,0.0,0.7142857142857143,663.9654411764706,-4869.33,-57.0,0.0,-4997.38,LOW
2026-07-19 05:00:00+00:00,Zone_C,2.42,2.94,1.0,0.0,0.0,0.5,590.472794117647,-5867.21,-61.0,0.0,-0.1299999999999999,LOW
2026-07-19 06:00:00+00:00,Zone_C,2.31,1.39,2.0,1.0,0.0,0.5,581.9486956521739,-5868.49,-59.0,1.0,-0.1099999999999998,LOW
2026-07-19 07:00:00+00:00,Zone_C,2.21,0.8,2.0,0.0,0.0,0.5,581.9420289855072,-5871.379999999999,-58.0,0.0,-0.1,LOW
2026-07-19 08:00:00+00:00,Zone_C,2.09,1.33,1.0,0.0,0.0,0.5,573.6584285714287,-5870.049999999999,43.0,0.0,-0.1200000000000001,LOW
2026-07-19 09:00:00+00:00,Zone_C,2.2,3.26,2.0,0.0,0.0,0.5,565.6097183098592,-5869.330000000001,44.0,0.0,0.1100000000000003,LOW
2026-07-19 10:00:00+00:00,Zone_C,2.18,1.37,2.0,1.0,0.0,0.5,565.6035211267606,-5868.099999999999,45.0,1.0,-0.02,LOW
2026-07-19 12:00:00+00:00,Zone_C,2.5,4.33,0.0,1.0,0.0,0.5,635.9921126760564,-5859.7,45.0,1.0,-4997.5,LOW
2026-07-19 13:00:00+00:00,Zone_C,2.49,0.48,2.0,1.0,0.0,0.5,635.9923943661971,-5860.650000000001,45.0,1.0,-0.0099999999999997,LOW
2026-07-19 14:00:00+00:00,Zone_C,2.63,6.94,0.0,2.0,0.0,0.7142857142857143,565.6069014084508,-5859.77,42.0,2.0,0.1399999999999996,LOW
2026-07-19 15:00:00+00:00,Zone_C,2.69,4.85,2.0,1.0,0.0,0.7142857142857143,565.6078873239436,-5855.3,41.0,1.0,0.06,LOW
2026-07-19 16:00:00+00:00,Zone_C,2.57,1.22,2.0,1.0,0.0,0.7142857142857143,495.2215492957746,-5860.52,41.0,1.0,-0.1200000000000001,LOW
2026-07-19 17:00:00+00:00,Zone_C,2.56,0.26,1.0,0.0,0.0,0.7142857142857143,495.2130985915493,-5861.05,42.0,0.0,-0.0099999999999997,LOW
2026-07-19 18:00:00+00:00,Zone_C,2.54,0.16,1.0,1.0,0.0,0.7142857142857143,495.20098591549294,-5866.35,43.0,1.0,-0.02,LOW
2026-07-19 20:00:00+00:00,Zone_C,2.55,0.27,4.0,1.0,0.0,0.7142857142857143,488.3341666666668,-5871.530000000001,46.0,1.0,0.04,LOW
2026-07-19 23:00:00+00:00,Zone_C,2.71,3.41,2.0,0.0,0.0,0.7142857142857143,424.7749295774648,-5869.51,43.0,0.0,0.0699999999999998,LOW
2026-07-20 00:00:00+00:00,Zone_C,2.74,0.48,3.0,1.0,0.0,0.7142857142857143,424.7694366197183,-5869.03,45.0,1.0,0.0300000000000002,LOW
2026-07-20 01:00:00+00:00,Zone_C,3.0,0.0,3.0,1.0,0.0,0.7142857142857143,424.7715492957746,-6868.139999999999,42.0,1.0,0.2599999999999998,MODERATE
2026-07-20 04:00:00+00:00,Zone_C,2.85,0.49,5.0,0.0,0.0,0.7142857142857143,430.795,-6879.24,46.0,0.0,0.02,LOW
2026-07-20 07:00:00+00:00,Zone_C,2.72,2.92,2.0,0.0,0.0,0.7142857142857143,364.5739130434783,-6877.9,46.0,0.0,-0.0699999999999998,LOW
2026-07-20 09:00:00+00:00,Zone_C,2.7,0.0,4.0,2.0,0.0,0.7142857142857143,437.00318840579706,-7877.08,50.0,2.0,-4997.3,LOW
2026-07-20 10:00:00+00:00,Zone_C,2.86,2.05,1.0,0.0,0.0,0.7142857142857143,430.80285714285714,-8874.880000000001,53.0,0.0,0.1599999999999997,LOW
2026-07-20 11:00:00+00:00,Zone_C,2.55,0.11,0.0,1.0,1.0,0.7142857142857143,430.8025714285714,-8877.41,48.0,2.0,-0.31,LOW
2026-07-20 12:00:00+00:00,Zone_C,2.41,1.8,0.0,1.0,0.0,0.5,430.80242857142855,-8876.34,48.0,1.0,-0.1399999999999996,LOW
2026-07-20 13:00:00+00:00,Zone_C,2.31,0.06,3.0,1.0,0.0,0.5,430.802,-7877.28,49.0,1.0,-0.1,LOW
2026-07-20 14:00:00+00:00,Zone_C,2.26,0.31,2.0,1.0,0.0,0.5,430.8011428571429,-7878.34,51.0,1.0,-0.0500000000000002,LOW
2026-07-20 15:00:00+00:00,Zone_C,2.11,0.57,2.0,0.0,0.0,0.5,424.7632394366197,-7878.11,51.0,0.0,-0.1499999999999999,LOW
2026-07-20 16:00:00+00:00,Zone_C,2.43,5.28,3.0,0.0,0.0,0.5,424.7645070422535,-7875.42,52.0,0.0,0.3200000000000003,LOW
2026-07-20 17:00:00+00:00,Zone_C,2.55,1.35,2.0,0.0,0.0,0.7142857142857143,418.9004166666666,-6875.07,53.0,0.0,0.1199999999999996,LOW
2026-07-20 19:00:00+00:00,Zone_C,2.82,5.7,0.0,1.0,0.0,0.7142857142857143,418.9113888888889,-6870.4800000000005,51.0,1.0,0.4099999999999997,LOW
2026-07-20 20:00:00+00:00,Zone_C,2.64,0.41,4.0,1.0,0.0,0.7142857142857143,418.9188888888888,-5871.070000000001,51.0,1.0,-0.1799999999999997,LOW
2026-07-20 21:00:00+00:00,Zone_C,2.81,0.0,1.0,2.0,0.0,0.7142857142857143,418.9294444444444,-6871.4400000000005,52.0,2.0,0.1699999999999999,LOW
2026-07-20 22:00:00+00:00,Zone_C,2.8,1.38,0.0,2.0,0.0,0.7142857142857143,418.93875,-6870.55,51.0,2.0,-0.0100000000000002,LOW
2026-07-20 23:00:00+00:00,Zone_C,2.83,0.61,4.0,0.0,0.0,0.7142857142857143,424.8157746478873,-6871.000000000001,53.0,0.0,0.0300000000000002,LOW
2026-07-21 00:00:00+00:00,Zone_C,2.68,1.19,1.0,1.0,0.0,0.7142857142857143,288.06571428571425,-6869.81,51.0,1.0,-0.1499999999999999,LOW
2026-07-21 01:00:00+00:00,Zone_C,2.48,1.52,0.0,0.0,1.0,0.5,288.0702857142857,-6871.88,-2.0,1.0,-0.2000000000000001,LOW
2026-07-21 02:00:00+00:00,Zone_C,2.59,0.0,2.0,0.0,0.0,0.7142857142857143,288.074,-6875.580000000001,-4.0,0.0,0.1099999999999998,LOW
2026-07-21 03:00:00+00:00,Zone_C,2.39,0.39,0.0,0.0,0.0,0.5,288.07428571428574,-6876.610000000001,-4.0,0.0,-0.1999999999999997,LOW
2026-07-21 06:00:00+00:00,Zone_C,2.3,3.45,1.0,0.0,0.0,0.5,216.6725714285714,-6876.38,-6.0,0.0,-0.1100000000000003,LOW
2026-07-21 07:00:00+00:00,Zone_C,2.47,2.4,2.0,0.0,0.0,0.5,216.67114285714285,-6873.98,-6.0,0.0,0.1700000000000003,LOW
2026-07-21 10:00:00+00:00,Zone_C,2.8,4.72,3.0,0.0,0.0,0.7142857142857143,222.97191176470588,-6876.21,-14.0,0.0,0.3099999999999996,LOW
2026-07-21 11:00:00+00:00,Zone_C,2.74,0.0,1.0,2.0,0.0,0.7142857142857143,222.9808823529412,-6877.740000000001,-13.0,2.0,-0.0599999999999996,LOW
2026-07-21 14:00:00+00:00,Zone_C,2.63,0.16,3.0,2.0,0.0,0.7142857142857143,226.28194029850744,-5880.28,-12.0,2.0,-0.0700000000000002,LOW
2026-07-21 15:00:00+00:00,Zone_C,2.63,2.0,2.0,0.0,0.0,0.7142857142857143,222.9929411764706,-5880.64,-12.0,0.0,0.0,LOW
2026-07-21 16:00:00+00:00,Zone_C,2.76,4.68,6.0,1.0,0.0,0.7142857142857143,222.9989705882353,-5876.219999999999,-9.0,1.0,0.1299999999999999,LOW
2026-07-21 19:00:00+00:00,Zone_C,2.73,1.29,4.0,1.0,0.0,0.7142857142857143,296.5086764705882,-5878.17,-6.0,1.0,0.06,LOW
2026-07-21 20:00:00+00:00,Zone_C,2.81,3.43,2.0,0.0,1.0,0.7142857142857143,296.5173529411764,-5875.2,-8.0,1.0,0.08,LOW
2026-07-21 21:00:00+00:00,Zone_C,2.9,4.7,2.0,0.0,1.0,0.7142857142857143,292.2724637681159,-4868.070000000001,-5.0,1.0,0.0899999999999998,LOW
2026-07-21 22:00:00+00:00,Zone_C,2.95,2.81,1.0,2.0,0.0,0.7142857142857143,288.13928571428573,-4870.969999999999,-4.0,2.0,0.0500000000000002,LOW
2026-07-22 00:00:00+00:00,Zone_C,2.7,3.88,1.0,1.0,0.0,0.7142857142857143,288.1511428571428,-5866.799999999999,-7.0,1.0,0.02,LOW
2026-07-22 01:00:00+00:00,Zone_C,2.53,0.11,1.0,1.0,0.0,0.7142857142857143,288.1548571428572,-5866.93,44.0,1.0,-0.1700000000000003,LOW
2026-07-22 03:00:00+00:00,Zone_C,2.39,1.75,0.0,0.0,0.0,0.5,216.76114285714283,-5871.12,46.0,0.0,-0.2799999999999998,LOW
2026-07-22 04:00:00+00:00,Zone_C,2.41,0.86,4.0,1.0,1.0,0.5,216.75914285714288,-4871.26,47.0,2.0,0.02,LOW
2026-07-22 05:00:00+00:00,Zone_C,2.39,1.11,3.0,0.0,0.0,0.5,216.7587142857143,-4873.09,48.0,0.0,-0.02,LOW
2026-07-22 06:00:00+00:00,Zone_C,2.54,3.8,0.0,0.0,0.0,0.7142857142857143,216.762,-4870.68,-3.0,0.0,0.1499999999999999,LOW
2026-07-22 07:00:00+00:00,Zone_C,2.39,0.0,6.0,0.0,0.0,0.5,216.76457142857143,-4871.4800000000005,1.0,0.0,-0.1499999999999999,LOW
2026-07-22 08:00:00+00:00,Zone_C,2.47,2.12,2.0,1.0,0.0,0.5,207.95986301369865,-4870.6900000000005,20.0,1.0,0.08,LOW
2026-07-22 09:00:00+00:00,Zone_C,2.27,0.51,2.0,1.0,0.0,0.5,207.9608219178082,-4873.4400000000005,22.0,1.0,-0.2000000000000001,LOW
2026-07-22 10:00:00+00:00,Zone_C,2.12,0.0,2.0,0.0,0.0,0.5,207.96,-5873.81,21.0,0.0,-0.1499999999999999,LOW
2026-07-22 11:00:00+00:00,Zone_C,2.09,1.07,0.0,0.0,0.0,0.5,139.49547945205478,-5877.860000000001,20.0,0.0,-0.0300000000000002,LOW
2026-07-22 12:00:00+00:00,Zone_C,2.15,1.18,2.0,0.0,0.0,0.5,139.49068493150682,-5881.01,20.0,0.0,0.06,LOW
2026-07-22 13:00:00+00:00,Zone_C,2.17,0.2,1.0,0.0,0.0,0.5,139.486301369863,-5881.29,20.0,0.0,0.02,LOW
2026-07-22 14:00:00+00:00,Zone_C,2.02,0.7,1.0,0.0,0.0,0.5,139.47794520547944,-5887.530000000001,18.0,0.0,-0.1499999999999999,LOW
2026-07-22 15:00:00+00:00,Zone_C,1.91,0.89,3.0,0.0,0.0,0.5,139.46726027397258,-5891.49,19.0,0.0,-0.1100000000000001,LOW
2026-07-22 16:00:00+00:00,Zone_C,1.98,0.0,1.0,0.0,0.0,0.5,139.45917808219176,-6891.71,14.0,0.0,0.07,LOW
2026-07-22 17:00:00+00:00,Zone_C,2.3,3.51,2.0,0.0,0.0,0.5,139.45561643835617,-6888.46,15.0,0.0,0.3199999999999998,LOW
2026-07-22 18:00:00+00:00,Zone_C,2.24,2.71,4.0,0.0,0.0,0.5,141.35305555555556,-6886.07,19.0,0.0,-0.0599999999999996,LOW
2026-07-22 19:00:00+00:00,Zone_C,2.33,0.29,2.0,1.0,0.0,0.5,141.35055555555556,-6886.42,17.0,1.0,0.0899999999999998,LOW
2026-07-22 20:00:00+00:00,Zone_C,2.35,0.12,3.0,1.0,0.0,0.5,141.34777777777776,-6886.57,16.0,1.0,0.02,LOW
2026-07-22 22:00:00+00:00,Zone_C,2.16,0.0,1.0,0.0,0.0,0.5,139.4345205479452,-6886.19,15.0,0.0,0.0,LOW
2026-07-22 23:00:00+00:00,Zone_C,2.45,6.83,1.0,0.0,0.0,0.5,139.43095890410962,-6882.77,15.0,0.0,0.29,LOW
2026-06-01 01:00:00+00:00,Zone_D,1.78,2.92,2.0,0.0,0.0,0.4,1.675,4.64,5.0,0.0,0.2099999999999999,LOW
2026-06-01 04:00:00+00:00,Zone_D,2.14,0.79,1.0,0.0,1.0,0.4,1.88,10.17,7.0,1.0,0.1100000000000003,LOW
2026-06-01 05:00:00+00:00,Zone_D,2.22,2.69,1.0,1.0,0.0,0.4,1.948,12.86,8.0,1.0,0.08,LOW
2026-06-01 06:00:00+00:00,Zone_D,2.31,2.76,1.0,0.0,0.0,0.4,2.0083333333333333,15.62,9.0,0.0,0.0899999999999998,LOW
2026-06-01 07:00:00+00:00,Zone_D,2.28,1.47,2.0,1.0,0.0,0.4,2.047142857142857,17.09,11.0,1.0,-0.0300000000000002,LOW
2026-06-01 08:00:00+00:00,Zone_D,2.59,5.16,3.0,1.0,0.0,0.8,2.115,22.25,14.0,1.0,0.31,LOW
2026-06-01 11:00:00+00:00,Zone_D,2.77,0.0,0.0,0.0,0.0,0.8,2.246,-968.93,-31.0,0.0,0.0,LOW
2026-06-01 12:00:00+00:00,Zone_D,2.55,0.14,1.0,0.0,0.0,0.8,2.2736363636363635,-968.79,-30.0,0.0,-0.2200000000000002,LOW
2026-06-01 13:00:00+00:00,Zone_D,2.79,4.58,1.0,0.0,0.0,0.8,2.316666666666667,-964.21,-29.0,0.0,0.2400000000000002,LOW
2026-06-01 14:00:00+00:00,Zone_D,3.09,6.09,2.0,1.0,0.0,0.8,2.376153846153846,-958.12,-27.0,1.0,0.2999999999999998,MODERATE
2026-06-01 15:00:00+00:00,Zone_D,3.37,4.33,3.0,1.0,0.0,0.8,2.49,-947.7,-22.0,1.0,0.2800000000000002,MODERATE
2026-06-01 18:00:00+00:00,Zone_D,3.65,10.16,0.0,5.0,2.0,0.375,2.598235294117647,-929.61,-172.0,7.0,0.48,MODERATE
2026-06-01 19:00:00+00:00,Zone_D,3.61,2.75,0.0,3.0,0.0,0.375,2.6544444444444446,-926.86,-172.0,3.0,-0.04,MODERATE
2026-06-01 20:00:00+00:00,Zone_D,3.4,0.15,1.0,4.0,0.0,0.8,2.693684210526316,-926.71,-171.0,4.0,-0.2099999999999999,MODERATE
2026-06-01 21:00:00+00:00,Zone_D,3.19,2.25,4.0,2.0,0.0,0.8,2.7185,-924.46,-167.0,2.0,-0.2099999999999999,MODERATE
2026-06-01 22:00:00+00:00,Zone_D,3.27,0.0,3.0,2.0,0.0,0.8,2.744761904761905,-924.46,-164.0,2.0,0.08,MODERATE
2026-06-01 23:00:00+00:00,Zone_D,3.07,2.14,1.0,0.0,2.0,0.8,2.7595454545454547,-922.32,-163.0,2.0,-0.2000000000000001,MODERATE
2026-06-02 00:00:00+00:00,Zone_D,3.3,6.96,0.0,3.0,0.0,0.8,2.7830434782608697,-915.36,-166.0,3.0,0.2299999999999999,MODERATE
2026-06-02 07:00:00+00:00,Zone_D,3.51,1.39,1.0,4.0,0.0,0.375,2.9232142857142853,-889.1999999999999,-165.0,4.0,-0.1800000000000001,MODERATE
2026-06-02 10:00:00+00:00,Zone_D,3.13,0.31,3.0,2.0,0.0,0.8,2.9759375,-885.0899999999999,-157.0,2.0,-0.2400000000000002,MODERATE
2026-06-02 11:00:00+00:00,Zone_D,3.01,0.71,0.0,2.0,0.0,0.8,2.9769696969696966,-884.38,-107.0,2.0,-0.1200000000000001,MODERATE
2026-06-02 12:00:00+00:00,Zone_D,2.86,1.35,1.0,0.0,1.0,0.8,2.973529411764705,-883.03,-107.0,1.0,-0.1499999999999999,LOW
2026-06-02 16:00:00+00:00,Zone_D,2.37,2.62,0.0,0.0,0.0,0.4,2.933783783783784,-878.2199999999999,-65.0,0.0,0.08,LOW
2026-06-02 18:00:00+00:00,Zone_D,2.47,0.0,3.0,0.0,0.0,0.4,2.9097435897435897,-876.62,-3.0,0.0,0.0100000000000002,LOW
2026-06-02 19:00:00+00:00,Zone_D,2.47,2.15,1.0,0.0,0.0,0.4,2.89875,-874.4699999999999,-2.0,0.0,0.0,LOW
2026-06-02 20:00:00+00:00,Zone_D,2.39,0.14,2.0,1.0,0.0,0.4,2.886341463414634,-874.3299999999999,-1.0,1.0,-0.08,LOW
2026-06-02 21:00:00+00:00,Zone_D,2.76,5.88,3.0,1.0,0.0,0.8,2.8833333333333333,-868.4499999999999,-2.0,1.0,0.3699999999999996,LOW
2026-06-03 00:00:00+00:00,Zone_D,2.51,3.17,2.0,0.0,0.0,0.8,2.8652272727272727,-865.28,0.0,0.0,0.0499999999999998,LOW
2026-06-03 01:00:00+00:00,Zone_D,2.42,0.14,3.0,0.0,0.0,0.4,2.8553333333333337,-865.14,2.0,0.0,-0.0899999999999998,LOW
2026-06-03 02:00:00+00:00,Zone_D,2.47,0.35,2.0,1.0,0.0,0.4,2.8469565217391306,-864.79,2.0,1.0,0.0500000000000002,LOW
2026-06-03 03:00:00+00:00,Zone_D,2.57,0.0,0.0,0.0,0.0,0.8,2.841063829787234,-1863.79,1.0,0.0,0.0999999999999996,LOW
2026-06-03 04:00:00+00:00,Zone_D,2.33,1.6,3.0,0.0,0.0,0.4,2.8304166666666664,-1862.19,4.0,0.0,-0.2399999999999997,LOW
2026-06-03 05:00:00+00:00,Zone_D,2.19,0.97,1.0,0.0,0.0,0.4,2.8173469387755103,-1861.22,3.0,0.0,-0.1400000000000001,LOW
2026-06-03 06:00:00+00:00,Zone_D,2.06,0.82,1.0,0.0,0.0,0.4,2.8022,-1860.4,2.0,0.0,-0.1299999999999999,LOW
2026-06-03 07:00:00+00:00,Zone_D,1.86,1.14,2.0,0.0,0.0,0.4,2.7837254901960784,-1859.26,2.0,0.0,-0.1999999999999999,LOW
2026-06-03 08:00:00+00:00,Zone_D,1.9,0.12,3.0,0.0,0.0,0.4,2.766730769230769,-1859.14,3.0,0.0,0.0399999999999998,LOW
2026-06-03 09:00:00+00:00,Zone_D,1.81,0.5,1.0,0.0,0.0,0.4,2.732962962962963,-1858.52,-3.0,0.0,-0.0899999999999998,LOW
2026-06-03 10:00:00+00:00,Zone_D,1.78,0.16,4.0,0.0,0.0,0.4,2.715636363636363,-1858.36,-2.0,0.0,-0.03,LOW
2026-06-03 11:00:00+00:00,Zone_D,1.95,2.85,4.0,0.0,0.0,0.4,2.701964285714286,-1855.51,2.0,0.0,0.1699999999999999,LOW
2026-06-03 12:00:00+00:00,Zone_D,2.05,0.28,1.0,0.0,0.0,0.4,2.690526315789473,-1855.23,2.0,0.0,0.0999999999999998,LOW
2026-06-03 13:00:00+00:00,Zone_D,2.16,2.99,0.0,0.0,0.0,0.4,2.681379310344828,-1852.24,52.0,0.0,0.1100000000000003,LOW
2026-06-03 14:00:00+00:00,Zone_D,2.22,1.2,0.0,0.0,0.0,0.4,2.6735593220338987,-1851.04,52.0,0.0,0.06,LOW
2026-06-03 15:00:00+00:00,Zone_D,2.12,0.0,2.0,0.0,0.0,0.4,2.664333333333333,-2850.04,54.0,0.0,-0.1,LOW
2026-06-03 16:00:00+00:00,Zone_D,2.08,3.42,2.0,0.0,0.0,0.4,2.654754098360656,-2846.62,56.0,0.0,-0.04,LOW
2026-06-03 17:00:00+00:00,Zone_D,2.07,2.21,5.0,0.0,0.0,0.4,2.645322580645161,-2844.41,52.0,0.0,-0.0100000000000002,LOW
2026-06-03 20:00:00+00:00,Zone_D,2.1,0.37,0.0,1.0,0.0,0.4,2.62953125,-2842.88,51.0,1.0,-0.08,LOW
2026-06-03 21:00:00+00:00,Zone_D,2.24,5.28,0.0,1.0,0.0,0.4,2.6235384615384616,-2837.6,48.0,1.0,0.1400000000000001,LOW
2026-06-03 22:00:00+00:00,Zone_D,1.95,0.38,1.0,0.0,0.0,0.4,2.6133333333333333,-2837.22,49.0,0.0,-0.2900000000000002,LOW
2026-06-04 00:00:00+00:00,Zone_D,2.21,0.98,3.0,0.0,0.0,0.4,77.21074626865672,-2836.76,46.0,0.0,-4997.79,LOW
2026-06-04 04:00:00+00:00,Zone_D,1.93,1.12,1.0,0.0,0.0,0.4,77.21358208955223,-2842.2200000000003,41.0,0.0,-0.1399999999999999,LOW
2026-06-04 06:00:00+00:00,Zone_D,1.8,0.0,0.0,0.0,0.0,0.4,151.7997014925373,-3846.36,39.0,0.0,-4998.2,LOW
2026-06-04 08:00:00+00:00,Zone_D,1.81,0.0,4.0,0.0,0.0,0.4,151.780447761194,-3852.99,37.0,0.0,0.04,LOW
2026-06-04 09:00:00+00:00,Zone_D,2.09,5.18,0.0,0.0,0.0,0.4,149.5791176470588,-3853.97,-14.0,0.0,0.2799999999999998,LOW
2026-06-04 10:00:00+00:00,Zone_D,2.4,5.67,1.0,0.0,0.0,0.4,149.57367647058825,-3849.96,-17.0,0.0,0.31,LOW
2026-06-04 14:00:00+00:00,Zone_D,2.7,4.41,5.0,0.0,1.0,0.8,156.33430769230768,-2862.15,-10.0,1.0,0.3900000000000001,LOW
2026-06-04 15:00:00+00:00,Zone_D,2.63,0.0,0.0,1.0,0.0,0.8,153.995303030303,-2862.07,-57.0,1.0,-0.0700000000000002,LOW
2026-06-04 16:00:00+00:00,Zone_D,2.57,1.22,3.0,0.0,0.0,0.8,151.735223880597,-2865.3300000000004,-56.0,0.0,-0.06,LOW
2026-06-04 17:00:00+00:00,Zone_D,2.6,1.18,1.0,2.0,0.0,0.8,151.72671641791044,-2867.6,-60.0,2.0,0.0300000000000002,LOW
2026-06-04 18:00:00+00:00,Zone_D,2.48,0.0,1.0,1.0,0.0,0.4,151.7092537313433,-2877.76,-61.0,1.0,-0.1200000000000001,LOW
2026-06-04 19:00:00+00:00,Zone_D,2.34,0.16,3.0,0.0,0.0,0.4,151.6902985074627,-2880.35,-61.0,0.0,-0.1400000000000001,LOW
2026-06-04 20:00:00+00:00,Zone_D,2.41,0.0,1.0,0.0,0.0,0.4,151.6755223880597,-2880.5,-60.0,0.0,0.0700000000000002,LOW
2026-06-04 21:00:00+00:00,Zone_D,2.44,3.8,4.0,0.0,0.0,0.4,151.66432835820893,-2878.95,-56.0,0.0,0.0299999999999998,LOW
2026-06-04 22:00:00+00:00,Zone_D,2.66,2.35,2.0,1.0,0.0,0.8,151.65522388059702,-2876.6,-55.0,1.0,0.2200000000000002,LOW
2026-06-04 23:00:00+00:00,Zone_D,2.74,3.3,3.0,1.0,0.0,0.8,151.6502985074627,-2875.44,-52.0,1.0,0.08,LOW
2026-06-05 02:00:00+00:00,Zone_D,2.69,0.0,0.0,2.0,0.0,0.8,222.93014705882356,-2883.24,-53.0,2.0,-0.02,LOW
2026-06-05 03:00:00+00:00,Zone_D,2.67,0.88,4.0,0.0,0.0,0.8,219.7379710144928,-2891.03,-50.0,0.0,-0.02,LOW
2026-06-05 04:00:00+00:00,Zone_D,3.16,12.82,0.0,2.0,1.0,0.8,219.7326086956522,-2878.21,-51.0,3.0,0.4900000000000002,MODERATE
2026-06-05 05:00:00+00:00,Zone_D,3.9,18.8,0.0,5.0,0.0,0.375,216.64928571428567,-2859.4100000000003,-51.0,5.0,0.7399999999999998,MODERATE
2026-06-05 08:00:00+00:00,Zone_D,6.68,39.94,26.0,10.0,2.0,1.0,222.9825,-2792.35,8.0,12.0,1.5999999999999996,SEVERE
2026-06-07 06:00:00+00:00,Zone_D,6.7,0.9,21.0,10.0,2.0,1.0,370.3533333333333,1154.09,442.0,12.0,-4993.3,SEVERE
2026-06-07 07:00:00+00:00,Zone_D,6.25,0.35,17.0,10.0,1.0,1.0,370.4182608695652,1154.44,430.0,11.0,-0.4500000000000002,SEVERE
2026-06-07 08:00:00+00:00,Zone_D,5.67,0.47,26.0,10.0,1.0,1.0,370.47420289855074,1154.91,410.0,11.0,-0.5800000000000001,SEVERE
2026-06-07 09:00:00+00:00,Zone_D,5.23,0.25,0.0,10.0,2.0,1.0,365.3075714285714,1150.45,414.0,12.0,-0.4399999999999995,SEVERE
2026-06-07 10:00:00+00:00,Zone_D,5.22,5.88,26.0,10.0,2.0,1.0,365.3478571428571,1150.66,416.0,12.0,-0.0100000000000006,SEVERE
2026-06-07 11:00:00+00:00,Zone_D,4.94,1.91,25.0,9.0,2.0,1.0,360.271690140845,1152.57,491.0,11.0,-0.2799999999999993,SEVERE
2026-06-07 14:00:00+00:00,Zone_D,3.99,3.55,0.0,4.0,0.0,0.375,360.3364788732394,1152.03,448.0,4.0,-0.1699999999999999,SEVERE
2026-06-07 15:00:00+00:00,Zone_D,3.72,0.43,1.0,1.0,0.0,0.375,360.3518309859155,1152.46,430.0,1.0,-0.27,SEVERE
2026-06-07 18:00:00+00:00,Zone_D,3.51,3.08,2.0,2.0,1.0,0.375,360.39338028169016,1156.21,330.0,3.0,0.0199999999999995,SEVERE
2026-06-07 19:00:00+00:00,Zone_D,3.3,0.91,1.0,2.0,0.0,0.8,360.4069014084507,1156.9599999999998,312.0,2.0,-0.2099999999999999,MODERATE
2026-06-07 20:00:00+00:00,Zone_D,2.91,0.12,4.0,0.0,0.0,0.8,360.4139436619718,1157.08,316.0,0.0,-0.3899999999999997,MODERATE
2026-06-07 21:00:00+00:00,Zone_D,2.9,0.44,1.0,2.0,0.0,0.8,355.455,1153.84,300.0,2.0,-0.0100000000000002,MODERATE
2026-06-07 22:00:00+00:00,Zone_D,2.72,0.04,1.0,2.0,0.0,0.8,355.4558333333333,1151.53,283.0,2.0,-0.1799999999999997,MODERATE
2026-06-07 23:00:00+00:00,Zone_D,2.43,0.76,0.0,1.0,0.0,0.4,355.4515277777778,1148.99,239.0,1.0,-0.29,MODERATE
2026-06-08 00:00:00+00:00,Zone_D,2.41,0.92,1.0,1.0,0.0,0.4,286.0405555555556,1149.49,220.0,1.0,-0.02,MODERATE
2026-06-08 03:00:00+00:00,Zone_D,2.42,0.1,3.0,0.0,0.0,0.4,290.0284507042253,1148.13,179.0,0.0,-0.33,MODERATE
2026-06-08 05:00:00+00:00,Zone_D,2.72,4.19,3.0,0.0,0.0,0.8,286.0105555555555,1125.62,192.0,0.0,0.1800000000000001,MODERATE
2026-06-08 08:00:00+00:00,Zone_D,2.81,0.0,2.0,1.0,0.0,0.8,282.0472602739726,1052.87,112.0,1.0,-0.0099999999999997,MODERATE
2026-06-08 09:00:00+00:00,Zone_D,2.89,0.04,1.0,1.0,1.0,0.8,281.97876712328764,1017.0,113.0,2.0,0.08,MODERATE
2026-06-08 10:00:00+00:00,Zone_D,2.86,1.77,3.0,0.0,0.0,0.8,281.9101369863013,1006.98,90.0,0.0,-0.0300000000000002,MODERATE
2026-06-08 12:00:00+00:00,Zone_D,2.43,1.79,2.0,1.0,0.0,0.4,277.9758108108108,966.51,53.0,1.0,-0.1299999999999999,MODERATE
2026-06-08 13:00:00+00:00,Zone_D,2.31,0.0,4.0,1.0,0.0,0.4,274.3002666666667,953.5,55.0,1.0,-0.1200000000000001,MODERATE
2026-06-08 14:00:00+00:00,Zone_D,2.34,1.49,2.0,0.0,0.0,0.4,207.6648,932.26,57.0,0.0,0.0299999999999998,MODERATE
2026-06-08 15:00:00+00:00,Zone_D,2.25,1.47,0.0,0.0,0.0,0.4,207.5716,912.98,56.0,0.0,-0.0899999999999998,MODERATE
2026-06-08 16:00:00+00:00,Zone_D,2.18,0.0,4.0,0.0,0.0,0.4,207.4808,897.88,59.0,0.0,-0.0699999999999998,MODERATE
2026-06-08 17:00:00+00:00,Zone_D,2.19,1.4,0.0,0.0,0.0,0.4,207.37986666666663,869.7099999999999,57.0,0.0,0.0099999999999997,MODERATE
2026-06-08 18:00:00+00:00,Zone_D,2.19,0.97,1.0,0.0,0.0,0.4,207.26026666666664,823.72,56.0,0.0,0.0,MODERATE
2026-06-08 19:00:00+00:00,Zone_D,2.21,1.86,4.0,0.0,0.0,0.4,207.14333333333332,807.29,59.0,0.0,0.02,MODERATE
2026-06-08 20:00:00+00:00,Zone_D,2.21,2.33,4.0,0.0,0.0,0.4,207.0264,790.31,55.0,0.0,0.0,MODERATE
2026-06-08 21:00:00+00:00,Zone_D,2.15,0.54,3.0,0.0,0.0,0.4,206.90786666666665,767.5199999999999,57.0,0.0,-0.06,MODERATE
2026-06-08 23:00:00+00:00,Zone_D,1.99,0.33,0.0,1.0,0.0,0.4,138.3292105263158,727.64,60.0,1.0,-0.2100000000000002,MODERATE
2026-06-09 00:00:00+00:00,Zone_D,1.94,0.34,0.0,0.0,0.0,0.4,138.19171052631577,690.21,9.0,0.0,-0.05,MODERATE
2026-06-09 02:00:00+00:00,Zone_D,2.07,0.22,0.0,0.0,0.0,0.4,136.27012987012986,613.8100000000001,8.0,0.0,-0.0300000000000002,MODERATE
2026-06-09 05:00:00+00:00,Zone_D,1.83,1.76,5.0,0.0,0.0,0.4,137.5398684210526,540.3199999999999,11.0,0.0,-0.1699999999999999,MODERATE
2026-06-09 06:00:00+00:00,Zone_D,1.88,1.74,0.0,1.0,0.0,0.4,135.6109090909091,505.46,12.0,1.0,0.0499999999999998,MODERATE
2026-06-09 09:00:00+00:00,Zone_D,2.22,6.33,4.0,0.0,0.0,0.4,202.6717105263158,444.11,19.0,0.0,-4997.78,MODERATE
2026-06-09 10:00:00+00:00,Zone_D,2.04,0.0,2.0,0.0,0.0,0.4,202.5202631578948,-573.5900000000001,18.0,0.0,-0.1800000000000001,LOW
2026-06-09 11:00:00+00:00,Zone_D,2.11,1.2,2.0,0.0,0.0,0.4,202.36302631578948,-607.2,10.0,0.0,0.0699999999999998,LOW
2026-06-09 12:00:00+00:00,Zone_D,1.97,0.58,2.0,0.0,0.0,0.4,199.76051948051943,-624.4100000000002,10.0,0.0,-0.1399999999999999,LOW
2026-06-09 13:00:00+00:00,Zone_D,1.94,1.37,2.0,0.0,0.0,0.4,199.61116883116884,-644.6700000000002,8.0,0.0,-0.03,LOW
2026-06-09 14:00:00+00:00,Zone_D,2.21,3.0,0.0,0.0,0.0,0.4,199.46792207792208,-659.0300000000001,6.0,0.0,0.27,LOW
2026-06-09 15:00:00+00:00,Zone_D,2.43,4.9,4.0,0.0,0.0,0.4,199.32363636363635,-654.1300000000001,10.0,0.0,0.2200000000000002,LOW
2026-06-09 16:00:00+00:00,Zone_D,2.24,0.0,1.0,0.0,0.0,0.4,199.1790909090909,-677.7900000000002,7.0,0.0,-0.1899999999999999,LOW
2026-06-09 19:00:00+00:00,Zone_D,2.29,3.53,1.0,1.0,0.0,0.4,263.5994805194805,-827.5000000000001,10.0,1.0,-4997.71,LOW
2026-06-09 20:00:00+00:00,Zone_D,2.27,0.0,0.0,0.0,0.0,0.4,263.4233766233766,-871.1300000000001,6.0,0.0,-0.02,LOW
2026-06-09 21:00:00+00:00,Zone_D,2.26,2.5,3.0,1.0,0.0,0.4,263.26363636363635,-870.1600000000001,6.0,1.0,-0.0100000000000002,LOW
2026-06-09 22:00:00+00:00,Zone_D,2.25,0.46,0.0,0.0,0.0,0.4,263.12051948051953,-869.98,2.0,0.0,-0.0099999999999997,LOW
2026-06-09 23:00:00+00:00,Zone_D,2.31,1.04,3.0,1.0,1.0,0.4,266.2919736842105,-868.94,5.0,2.0,0.06,LOW
2026-06-10 00:00:00+00:00,Zone_D,2.24,1.21,1.0,0.0,0.0,0.4,266.1753947368421,-869.6800000000001,56.0,0.0,-0.0699999999999998,LOW
2026-06-10 03:00:00+00:00,Zone_D,2.26,1.83,2.0,0.0,0.0,0.4,265.97815789473685,-873.4500000000002,61.0,0.0,-4997.74,LOW
2026-06-10 04:00:00+00:00,Zone_D,2.15,0.0,2.0,0.0,0.0,0.4,269.3369333333333,-874.3900000000001,61.0,0.0,-0.1099999999999998,LOW
2026-06-10 05:00:00+00:00,Zone_D,2.39,4.92,1.0,0.0,0.0,0.4,202.7021333333333,-870.1600000000001,52.0,0.0,0.2400000000000002,LOW
2026-06-10 06:00:00+00:00,Zone_D,2.3,2.36,1.0,0.0,0.0,0.4,202.64346666666668,-868.7000000000002,53.0,0.0,-0.0900000000000003,LOW
2026-06-10 07:00:00+00:00,Zone_D,2.26,0.85,3.0,0.0,1.0,0.4,202.59026666666668,-868.2000000000002,48.0,1.0,-0.04,LOW
2026-06-10 08:00:00+00:00,Zone_D,2.5,6.71,0.0,1.0,0.0,0.4,205.2085135135135,-862.4300000000001,46.0,1.0,0.2400000000000002,LOW
2026-06-10 09:00:00+00:00,Zone_D,2.46,2.94,1.0,0.0,0.0,0.4,205.17108108108107,-859.7400000000001,43.0,0.0,-0.04,LOW
2026-06-10 10:00:00+00:00,Zone_D,2.48,0.0,0.0,2.0,0.0,0.4,205.13405405405405,-1864.62,-9.0,2.0,0.02,LOW
2026-06-10 13:00:00+00:00,Zone_D,2.41,1.61,2.0,0.0,0.0,0.4,276.2886301369863,-1868.04,-9.0,0.0,-4997.59,LOW
2026-06-10 14:00:00+00:00,Zone_D,2.35,0.72,1.0,1.0,0.0,0.4,276.26616438356166,-1870.87,-8.0,1.0,-0.06,LOW
2026-06-10 18:00:00+00:00,Zone_D,2.55,1.46,2.0,2.0,0.0,0.8,340.047027027027,-1874.05,-7.0,2.0,-4997.45,LOW
2026-06-10 19:00:00+00:00,Zone_D,2.37,1.11,1.0,0.0,0.0,0.4,340.03445945945947,-1873.85,-7.0,0.0,-0.1799999999999997,LOW
2026-06-10 20:00:00+00:00,Zone_D,2.34,1.65,0.0,1.0,0.0,0.4,344.6447945205479,-1872.44,-7.0,1.0,-0.0300000000000002,LOW
2026-06-10 21:00:00+00:00,Zone_D,2.33,1.57,2.0,2.0,0.0,0.4,344.63698630136986,-1871.31,-8.0,2.0,-0.0099999999999997,LOW
2026-06-10 22:00:00+00:00,Zone_D,2.49,0.9,0.0,1.0,0.0,0.4,344.6338356164384,-1870.4500000000005,-8.0,1.0,0.1600000000000001,LOW
2026-06-10 23:00:00+00:00,Zone_D,2.35,0.48,3.0,0.0,0.0,0.4,344.6327397260274,-1870.73,-8.0,0.0,-0.1400000000000001,LOW
2026-06-11 00:00:00+00:00,Zone_D,2.35,1.59,1.0,0.0,0.0,0.4,344.6319178082192,-1870.06,-8.0,0.0,0.0,LOW
2026-06-11 02:00:00+00:00,Zone_D,2.25,0.02,4.0,0.0,0.0,0.4,407.5355405405406,-1869.33,-5.0,0.0,-4997.75,LOW
2026-06-11 06:00:00+00:00,Zone_D,2.05,1.44,2.0,0.0,0.0,0.4,418.7733333333333,-2880.8,-1.0,0.0,-0.1700000000000003,LOW
2026-06-11 07:00:00+00:00,Zone_D,1.92,0.82,2.0,0.0,0.0,0.4,424.6191549295775,-2882.38,-2.0,0.0,-0.1299999999999999,LOW
2026-06-11 08:00:00+00:00,Zone_D,1.95,1.58,1.0,0.0,0.0,0.4,424.6070422535211,-2880.8,-1.0,0.0,0.03,LOW
2026-06-11 09:00:00+00:00,Zone_D,1.8,0.15,2.0,0.0,0.0,0.4,424.59169014084506,-2880.6900000000005,0.0,0.0,-0.1499999999999999,LOW
2026-06-11 10:00:00+00:00,Zone_D,1.72,2.65,3.0,0.0,0.0,0.4,424.57563380281687,-2879.8100000000004,53.0,0.0,-0.08,LOW
2026-06-11 13:00:00+00:00,Zone_D,2.11,0.1,1.0,1.0,0.0,0.4,436.8036231884058,-2879.98,54.0,1.0,-0.2200000000000002,LOW
2026-06-11 14:00:00+00:00,Zone_D,2.07,0.0,3.0,0.0,0.0,0.4,436.79971014492753,-2881.4700000000003,56.0,0.0,-0.04,LOW
2026-06-11 15:00:00+00:00,Zone_D,1.89,1.06,1.0,0.0,0.0,0.4,436.7944927536232,-2881.88,49.0,0.0,-0.1799999999999999,LOW
2026-06-11 16:00:00+00:00,Zone_D,2.02,3.02,1.0,0.0,0.0,0.4,430.5792857142857,-2877.8,48.0,0.0,0.1300000000000001,LOW
2026-06-11 20:00:00+00:00,Zone_D,2.42,2.26,1.0,0.0,1.0,0.4,443.18764705882353,-4874.64,52.0,1.0,-0.1699999999999999,LOW
2026-06-11 23:00:00+00:00,Zone_D,2.57,3.12,0.0,0.0,0.0,0.8,456.5656060606061,-4875.95,49.0,0.0,0.0299999999999998,LOW
2026-06-12 00:00:00+00:00,Zone_D,2.58,2.51,1.0,0.0,0.0,0.8,456.575303030303,-4873.780000000001,49.0,0.0,0.0100000000000002,LOW
2026-06-12 01:00:00+00:00,Zone_D,2.44,1.03,2.0,1.0,0.0,0.4,456.5804545454546,-4875.02,47.0,1.0,-0.1400000000000001,LOW
2026-06-12 02:00:00+00:00,Zone_D,2.34,0.97,1.0,0.0,0.0,0.4,456.5845454545455,-4874.27,44.0,0.0,-0.1,LOW
2026-06-12 05:00:00+00:00,Zone_D,2.23,0.0,3.0,1.0,0.0,0.4,463.5901538461538,-4881.65,43.0,1.0,0.02,LOW
2026-06-12 07:00:00+00:00,Zone_D,2.29,0.82,2.0,1.0,0.0,0.4,449.8247761194029,-4884.79,45.0,1.0,0.0300000000000002,LOW
2026-06-12 08:00:00+00:00,Zone_D,2.25,1.0,2.0,0.0,0.0,0.4,375.2314925373134,-4886.89,46.0,0.0,-0.04,LOW
2026-06-12 09:00:00+00:00,Zone_D,2.22,1.14,3.0,1.0,0.0,0.4,375.2314925373134,-4892.08,47.0,1.0,-0.0299999999999998,LOW
2026-06-12 10:00:00+00:00,Zone_D,2.04,2.45,0.0,0.0,0.0,0.4,375.23149253731344,-3890.63,44.0,0.0,-0.1800000000000001,LOW
2026-06-12 11:00:00+00:00,Zone_D,2.21,4.46,2.0,0.0,0.0,0.4,375.23298507462687,-3887.37,44.0,0.0,0.1699999999999999,LOW
2026-06-12 12:00:00+00:00,Zone_D,1.94,0.02,1.0,0.0,0.0,0.4,375.2325373134329,-3887.93,41.0,0.0,-0.27,LOW
2026-06-12 13:00:00+00:00,Zone_D,1.88,0.22,0.0,1.0,0.0,0.4,375.2316417910448,-3889.08,40.0,1.0,-0.06,LOW
2026-06-12 14:00:00+00:00,Zone_D,1.84,0.0,2.0,0.0,0.0,0.4,375.226119402985,-3892.08,39.0,0.0,-0.0399999999999998,LOW
2026-06-12 15:00:00+00:00,Zone_D,1.73,1.98,0.0,0.0,0.0,0.4,375.2156716417911,-3895.0,37.0,0.0,-0.1100000000000001,LOW
2026-06-12 16:00:00+00:00,Zone_D,1.96,2.51,3.0,0.0,0.0,0.4,375.2114925373135,-3892.49,39.0,0.0,0.2299999999999999,LOW
2026-06-12 18:00:00+00:00,Zone_D,2.14,0.42,2.0,0.0,0.0,0.4,300.6149253731343,-3891.57,38.0,0.0,-0.06,LOW
2026-06-12 19:00:00+00:00,Zone_D,2.08,1.62,1.0,0.0,0.0,0.4,300.6117910447761,-3893.48,37.0,0.0,-0.06,LOW
2026-06-12 20:00:00+00:00,Zone_D,2.03,0.0,5.0,0.0,0.0,0.4,300.60820895522386,-4892.48,41.0,0.0,-0.0500000000000002,LOW
2026-06-12 22:00:00+00:00,Zone_D,2.23,0.0,3.0,0.0,0.0,0.4,300.6035820895522,-4893.83,44.0,0.0,0.26,LOW
2026-06-12 23:00:00+00:00,Zone_D,2.51,0.0,1.0,2.0,0.0,0.8,300.6065671641791,-4894.87,45.0,2.0,0.2799999999999998,LOW
2026-06-13 00:00:00+00:00,Zone_D,2.48,0.0,1.0,0.0,0.0,0.4,300.6101492537314,-4896.08,45.0,0.0,-0.0299999999999998,LOW
2026-06-13 01:00:00+00:00,Zone_D,2.4,0.0,1.0,0.0,0.0,0.4,300.61477611940296,-4896.45,44.0,0.0,-0.08,LOW
2026-06-13 02:00:00+00:00,Zone_D,2.56,4.56,2.0,0.0,0.0,0.8,226.02611940298507,-4891.889999999999,45.0,0.0,0.1600000000000001,LOW
2026-06-13 03:00:00+00:00,Zone_D,2.58,0.0,4.0,0.0,0.0,0.8,226.03089552238805,-4893.719999999999,48.0,0.0,0.02,LOW
2026-06-13 06:00:00+00:00,Zone_D,2.18,0.59,6.0,0.0,0.0,0.4,229.42030303030305,-4899.92,52.0,0.0,-0.1499999999999999,LOW
2026-06-13 07:00:00+00:00,Zone_D,2.05,1.55,3.0,0.0,0.0,0.4,229.4171212121212,-4899.22,53.0,0.0,-0.1300000000000003,LOW
2026-06-13 08:00:00+00:00,Zone_D,2.04,0.69,0.0,0.0,0.0,0.4,229.4101515151515,-4905.24,1.0,0.0,-0.0099999999999997,LOW
2026-06-13 09:00:00+00:00,Zone_D,2.09,1.61,1.0,1.0,0.0,0.4,229.40454545454543,-4906.570000000001,-1.0,1.0,0.0499999999999998,LOW
2026-06-13 15:00:00+00:00,Zone_D,2.31,0.11,2.0,0.0,0.0,0.4,158.39640624999998,-3895.05,4.0,0.0,-0.1400000000000001,LOW
2026-06-13 17:00:00+00:00,Zone_D,2.4,1.64,5.0,0.0,0.0,0.4,80.30390625,-3894.77,5.0,0.0,0.1,LOW
2026-06-13 18:00:00+00:00,Zone_D,2.34,0.3,1.0,0.0,0.0,0.4,80.300625,-3895.93,4.0,0.0,-0.06,LOW
2026-06-13 20:00:00+00:00,Zone_D,2.16,0.37,0.0,0.0,0.0,0.4,155.98507692307695,-3898.02,1.0,0.0,-4997.84,LOW
2026-06-13 21:00:00+00:00,Zone_D,2.03,2.04,3.0,1.0,0.0,0.4,155.98046153846153,-3897.55,2.0,1.0,-0.1300000000000003,LOW
2026-06-13 22:00:00+00:00,Zone_D,1.95,1.52,2.0,0.0,0.0,0.4,155.97215384615384,-3896.93,1.0,0.0,-0.0799999999999998,LOW
2026-06-13 23:00:00+00:00,Zone_D,1.86,0.64,7.0,0.0,0.0,0.4,155.9646153846154,-3896.77,7.0,0.0,-0.0899999999999998,LOW
2026-06-14 03:00:00+00:00,Zone_D,1.84,0.5,0.0,0.0,0.0,0.4,79.06123076923078,-4897.72,5.0,0.0,-0.0999999999999998,LOW
2026-06-14 05:00:00+00:00,Zone_D,2.05,2.28,4.0,0.0,0.0,0.4,77.88924242424243,-3894.07,5.0,0.0,0.1699999999999999,LOW
2026-06-14 06:00:00+00:00,Zone_D,2.28,5.31,3.0,0.0,0.0,0.4,77.89272727272727,-3890.2,2.0,0.0,0.2299999999999999,LOW
2026-06-14 07:00:00+00:00,Zone_D,2.45,2.78,0.0,1.0,0.0,0.4,77.90075757575758,-3888.24,-1.0,1.0,0.1700000000000003,LOW
2026-06-14 08:00:00+00:00,Zone_D,2.63,5.3,2.0,0.0,0.0,0.8,77.9110606060606,-3884.52,51.0,0.0,0.1799999999999997,LOW
2026-06-14 09:00:00+00:00,Zone_D,2.46,3.37,1.0,0.0,0.0,0.4,77.92106060606062,-3881.3,51.0,0.0,-0.1699999999999999,LOW
2026-06-14 10:00:00+00:00,Zone_D,2.39,0.75,1.0,0.0,0.0,0.4,77.93121212121214,-3883.2,50.0,0.0,-0.0699999999999998,LOW
2026-06-14 12:00:00+00:00,Zone_D,2.4,1.22,0.0,0.0,0.0,0.4,151.39597014925374,-3883.95,52.0,0.0,-4997.6,LOW
2026-06-14 13:00:00+00:00,Zone_D,2.59,0.0,3.0,0.0,0.0,0.8,151.40313432835822,-3884.05,52.0,0.0,0.1899999999999999,LOW
2026-06-14 14:00:00+00:00,Zone_D,2.53,2.16,1.0,0.0,0.0,0.8,151.41000000000005,-3881.89,51.0,0.0,-0.06,LOW
2026-06-14 15:00:00+00:00,Zone_D,2.5,0.21,0.0,0.0,1.0,0.4,153.68469696969697,-3883.8,49.0,1.0,-0.0299999999999998,LOW
2026-06-14 21:00:00+00:00,Zone_D,2.3,1.07,2.0,0.0,0.0,0.4,296.2238235294118,-1891.15,4.0,0.0,0.0099999999999997,LOW
2026-06-14 22:00:00+00:00,Zone_D,2.34,1.27,1.0,0.0,1.0,0.4,296.22088235294126,-1891.49,3.0,1.0,0.04,LOW
2026-06-14 23:00:00+00:00,Zone_D,2.34,1.46,5.0,0.0,0.0,0.4,296.2175000000001,-1893.15,1.0,0.0,0.0,LOW
2026-06-15 01:00:00+00:00,Zone_D,2.02,1.51,2.0,0.0,0.0,0.4,296.2038235294118,-1895.15,1.0,0.0,-0.0499999999999998,LOW
2026-06-15 02:00:00+00:00,Zone_D,2.06,0.05,1.0,1.0,0.0,0.4,296.199705882353,-1896.07,-2.0,1.0,0.04,LOW
2026-06-15 06:00:00+00:00,Zone_D,1.97,1.47,2.0,1.0,0.0,0.4,300.5779104477612,-1892.5,-4.0,1.0,-0.0399999999999998,LOW
2026-06-15 07:00:00+00:00,Zone_D,1.94,0.0,5.0,0.0,0.0,0.4,300.5726865671642,-2892.32,1.0,0.0,-0.03,LOW
2026-06-15 08:00:00+00:00,Zone_D,1.95,0.47,1.0,0.0,0.0,0.4,300.5682089552239,-2892.8500000000004,0.0,0.0,0.01,LOW
2026-06-15 10:00:00+00:00,Zone_D,2.07,0.72,4.0,1.0,1.0,0.4,300.56626865671643,-2894.01,3.0,2.0,0.0099999999999997,LOW
2026-06-15 11:00:00+00:00,Zone_D,2.09,0.8,4.0,0.0,0.0,0.4,300.5644776119403,-2897.67,4.0,0.0,0.02,LOW
2026-06-15 15:00:00+00:00,Zone_D,1.87,1.07,1.0,0.0,0.0,0.4,309.7584615384615,-2895.6000000000004,-44.0,0.0,-0.1299999999999999,LOW
2026-06-15 16:00:00+00:00,Zone_D,1.71,1.22,6.0,0.0,0.0,0.4,309.7546153846154,-2896.89,12.0,0.0,-0.1600000000000001,LOW
2026-06-15 17:00:00+00:00,Zone_D,1.61,0.9,3.0,0.0,0.0,0.4,309.7455384615385,-2900.28,9.0,0.0,-0.0999999999999998,LOW
2026-06-15 18:00:00+00:00,Zone_D,1.71,2.7,1.0,0.0,0.0,0.4,309.7389230769232,-2898.0,5.0,0.0,0.0999999999999998,LOW
2026-06-15 19:00:00+00:00,Zone_D,1.58,0.46,3.0,0.0,0.0,0.4,309.7312307692308,-2899.1600000000003,4.0,0.0,-0.1299999999999999,LOW
2026-06-15 20:00:00+00:00,Zone_D,1.65,0.0,0.0,0.0,0.0,0.4,309.72538461538466,-1900.16,4.0,0.0,0.0699999999999998,LOW
2026-06-15 21:00:00+00:00,Zone_D,1.73,4.22,4.0,0.0,0.0,0.4,309.7216923076923,-1897.55,6.0,0.0,0.08,LOW
2026-06-15 22:00:00+00:00,Zone_D,2.12,7.62,2.0,0.0,0.0,0.4,305.05348484848486,-1885.71,11.0,0.0,0.3900000000000001,LOW
2026-06-15 23:00:00+00:00,Zone_D,2.1,1.84,3.0,0.0,0.0,0.4,305.04727272727274,-1883.87,9.0,0.0,-0.02,LOW
2026-06-16 00:00:00+00:00,Zone_D,1.96,0.53,1.0,1.0,0.0,0.4,305.039393939394,-1883.34,10.0,1.0,-0.1400000000000001,LOW
2026-06-16 03:00:00+00:00,Zone_D,2.29,1.12,3.0,0.0,0.0,0.4,309.6869230769231,-1878.1800000000003,14.0,0.0,-0.0099999999999997,LOW
2026-06-16 04:00:00+00:00,Zone_D,2.19,0.0,4.0,1.0,0.0,0.4,305.0278787878788,-1878.1800000000003,16.0,1.0,-0.1,LOW
2026-06-16 09:00:00+00:00,Zone_D,2.1,2.17,1.0,1.0,0.0,0.4,386.5824615384616,-1879.08,15.0,1.0,-4997.9,LOW
2026-06-16 11:00:00+00:00,Zone_D,2.21,4.27,2.0,0.0,0.0,0.4,375.10611940298514,-1876.07,-40.0,0.0,0.2000000000000001,LOW
2026-06-16 12:00:00+00:00,Zone_D,2.27,0.0,0.0,1.0,0.0,0.4,375.1059701492538,-1882.07,-42.0,1.0,0.06,LOW
2026-06-16 13:00:00+00:00,Zone_D,2.37,1.4,2.0,0.0,0.0,0.4,369.6245588235294,-1882.67,-43.0,0.0,0.1,LOW
2026-06-16 14:00:00+00:00,Zone_D,2.3,0.32,2.0,0.0,0.0,0.4,369.6223529411765,-1887.74,9.0,0.0,-0.0700000000000002,LOW
2026-06-16 15:00:00+00:00,Zone_D,2.1,0.15,0.0,0.0,0.0,0.4,369.6192647058824,-1887.7,8.0,0.0,-0.1999999999999997,LOW
2026-06-16 16:00:00+00:00,Zone_D,2.31,3.77,2.0,0.0,0.0,0.4,369.61941176470594,-1884.51,4.0,0.0,0.2099999999999999,LOW
2026-06-16 17:00:00+00:00,Zone_D,2.24,0.67,3.0,0.0,0.0,0.4,369.6170588235295,-1885.48,4.0,0.0,-0.0699999999999998,LOW
2026-06-16 18:00:00+00:00,Zone_D,2.04,0.0,1.0,1.0,0.0,0.4,375.09432835820894,-1886.08,4.0,1.0,-0.2000000000000001,LOW
2026-06-16 19:00:00+00:00,Zone_D,2.2,2.65,0.0,1.0,0.0,0.4,300.5002985074627,-1883.4300000000003,1.0,1.0,0.1600000000000001,LOW
2026-06-16 20:00:00+00:00,Zone_D,2.11,0.92,4.0,0.0,0.0,0.4,300.499552238806,-1882.88,5.0,0.0,-0.0900000000000003,LOW
2026-06-16 21:00:00+00:00,Zone_D,2.24,0.0,0.0,1.0,0.0,0.4,300.50268656716423,-1884.92,-3.0,1.0,0.1300000000000003,LOW
2026-06-16 22:00:00+00:00,Zone_D,2.47,2.03,5.0,1.0,0.0,0.4,300.51044776119403,-1884.41,0.0,1.0,0.2299999999999999,LOW
2026-06-16 23:00:00+00:00,Zone_D,2.6,4.29,4.0,1.0,0.0,0.8,300.52149253731346,-1880.76,1.0,1.0,0.1299999999999999,LOW
2026-06-17 01:00:00+00:00,Zone_D,2.62,3.77,0.0,2.0,0.0,0.8,296.1457352941177,-1882.53,-3.0,2.0,0.1699999999999999,LOW
2026-06-17 02:00:00+00:00,Zone_D,2.35,0.23,0.0,0.0,0.0,0.4,296.1517647058824,-883.3000000000002,-6.0,0.0,-0.27,LOW
2026-06-17 04:00:00+00:00,Zone_D,2.4,0.59,1.0,1.0,0.0,0.4,296.1695588235294,-879.2800000000002,-12.0,1.0,-0.1299999999999999,LOW
2026-06-17 05:00:00+00:00,Zone_D,2.45,2.7,4.0,0.0,0.0,0.4,296.1754411764706,-878.8600000000001,-11.0,0.0,0.0500000000000002,LOW
2026-06-17 06:00:00+00:00,Zone_D,2.34,1.24,4.0,0.0,0.0,0.4,296.1763235294118,-882.9300000000002,-10.0,0.0,-0.1100000000000003,LOW
2026-06-17 07:00:00+00:00,Zone_D,2.27,0.05,1.0,0.0,0.0,0.4,296.17367647058825,-885.6600000000002,-11.0,0.0,-0.0699999999999998,LOW
2026-06-17 10:00:00+00:00,Zone_D,2.03,0.0,1.0,0.0,0.0,0.4,300.5453731343284,-889.7500000000001,39.0,0.0,-0.1500000000000003,LOW
2026-06-17 11:00:00+00:00,Zone_D,2.09,1.44,2.0,0.0,0.0,0.4,225.9497014925373,-889.2200000000003,39.0,0.0,0.06,LOW
2026-06-17 12:00:00+00:00,Zone_D,2.1,3.98,2.0,0.0,0.0,0.4,225.94522388059704,-886.4600000000002,41.0,0.0,0.0100000000000002,LOW
2026-06-17 13:00:00+00:00,Zone_D,2.23,0.0,1.0,1.0,0.0,0.4,225.93985074626863,-886.4600000000002,40.0,1.0,0.1299999999999999,LOW
2026-06-17 14:00:00+00:00,Zone_D,1.95,0.03,1.0,0.0,0.0,0.4,225.9311940298508,-888.5900000000003,39.0,0.0,-0.28,LOW
2026-06-17 15:00:00+00:00,Zone_D,1.79,0.33,2.0,0.0,0.0,0.4,225.9205970149254,-888.4700000000001,41.0,0.0,-0.1599999999999999,LOW
2026-06-17 16:00:00+00:00,Zone_D,2.04,7.22,3.0,0.0,0.0,0.4,151.32417910447762,-882.6700000000002,42.0,0.0,0.25,LOW
2026-06-17 17:00:00+00:00,Zone_D,1.91,0.38,4.0,0.0,0.0,0.4,151.31582089552242,-883.7900000000002,43.0,0.0,-0.1300000000000001,LOW
2026-06-17 18:00:00+00:00,Zone_D,1.94,2.34,0.0,0.0,0.0,0.4,75.61779411764707,-882.1100000000001,46.0,0.0,0.03,LOW
2026-06-17 19:00:00+00:00,Zone_D,1.99,0.62,1.0,0.0,1.0,0.4,74.55072463768116,-882.2800000000001,47.0,1.0,0.05,LOW
2026-06-17 20:00:00+00:00,Zone_D,2.21,3.43,0.0,1.0,0.0,0.4,74.5495652173913,-878.8500000000001,43.0,1.0,0.2199999999999999,LOW
2026-06-18 01:00:00+00:00,Zone_D,2.28,1.84,1.0,0.0,0.0,0.4,149.11632352941177,-873.6600000000002,42.0,0.0,-4997.72,LOW
2026-06-18 02:00:00+00:00,Zone_D,2.46,4.15,2.0,2.0,0.0,0.4,149.12220588235294,-869.5600000000002,44.0,2.0,0.1800000000000001,LOW
2026-06-18 03:00:00+00:00,Zone_D,2.35,0.81,2.0,0.0,0.0,0.4,149.1260294117647,-870.4900000000001,46.0,0.0,-0.1099999999999998,LOW
2026-06-18 05:00:00+00:00,Zone_D,2.41,1.47,3.0,0.0,0.0,0.4,147.00391304347824,-870.0500000000002,45.0,0.0,0.1100000000000003,LOW
2026-06-18 09:00:00+00:00,Zone_D,2.06,0.08,2.0,0.0,0.0,0.4,149.14705882352942,125.39999999999988,45.0,0.0,-0.2099999999999999,MODERATE
2026-06-18 10:00:00+00:00,Zone_D,1.95,1.72,0.0,0.0,0.0,0.4,149.14529411764704,126.39999999999988,44.0,0.0,-0.1100000000000001,MODERATE
2026-06-18 11:00:00+00:00,Zone_D,1.79,2.43,1.0,0.0,0.0,0.4,149.14088235294116,128.0299999999999,43.0,0.0,-0.1599999999999999,MODERATE
2026-06-18 12:00:00+00:00,Zone_D,1.84,4.42,1.0,0.0,0.0,0.4,147.00608695652173,130.3099999999999,42.0,0.0,0.05,MODERATE
2026-06-18 15:00:00+00:00,Zone_D,1.73,2.4,1.0,0.0,0.0,0.4,219.43884057971016,130.81999999999988,-8.0,0.0,-4998.27,MODERATE
2026-06-18 16:00:00+00:00,Zone_D,1.88,2.24,2.0,0.0,0.0,0.4,219.44130434782608,131.8399999999999,-9.0,0.0,0.1499999999999999,MODERATE
2026-06-18 17:00:00+00:00,Zone_D,1.9,1.61,2.0,0.0,0.0,0.4,219.4455072463768,132.54999999999987,-15.0,0.0,0.02,MODERATE
2026-06-18 18:00:00+00:00,Zone_D,2.03,1.61,3.0,0.0,0.0,0.4,219.45014492753623,131.4599999999999,-12.0,0.0,0.1299999999999999,MODERATE
2026-06-18 19:00:00+00:00,Zone_D,2.07,2.1,1.0,0.0,0.0,0.4,219.4572463768116,133.09999999999988,-12.0,0.0,0.04,MODERATE
2026-06-18 20:00:00+00:00,Zone_D,2.14,0.98,1.0,0.0,0.0,0.4,219.4643478260869,134.07999999999987,-11.0,0.0,0.0700000000000002,MODERATE
2026-06-18 22:00:00+00:00,Zone_D,2.11,0.46,3.0,0.0,0.0,0.4,296.17014705882355,121.50999999999988,-10.0,0.0,-4997.89,MODERATE
2026-06-18 23:00:00+00:00,Zone_D,2.11,0.37,0.0,1.0,0.0,0.4,296.170294117647,120.03999999999988,-62.0,1.0,0.0,MODERATE
2026-06-19 03:00:00+00:00,Zone_D,1.95,0.26,1.0,0.0,0.0,0.4,296.16588235294114,115.49999999999989,-116.0,0.0,-0.2199999999999999,MODERATE
2026-06-19 04:00:00+00:00,Zone_D,1.89,0.0,1.0,0.0,0.0,0.4,291.8975362318841,-883.2400000000001,-115.0,0.0,-0.06,LOW
2026-06-19 05:00:00+00:00,Zone_D,1.95,0.02,0.0,0.0,0.0,0.4,291.8933333333333,-883.5000000000001,-118.0,0.0,0.06,LOW
2026-06-19 06:00:00+00:00,Zone_D,2.32,6.64,3.0,0.0,0.0,0.4,287.7565714285714,-877.2900000000002,-118.0,0.0,0.3699999999999999,LOW
2026-06-19 07:00:00+00:00,Zone_D,2.13,2.19,2.0,0.0,0.0,0.4,287.75314285714285,-876.2,-117.0,0.0,-0.1899999999999999,LOW
2026-06-19 08:00:00+00:00,Zone_D,2.29,3.03,0.0,1.0,0.0,0.4,216.3572857142857,-873.2200000000001,-118.0,1.0,0.1600000000000001,LOW
2026-06-19 10:00:00+00:00,Zone_D,2.3,1.15,0.0,0.0,0.0,0.4,219.46927536231885,-1876.24,-116.0,0.0,0.02,LOW
2026-06-19 11:00:00+00:00,Zone_D,2.15,2.21,3.0,0.0,0.0,0.4,219.46840579710144,-1878.3,-114.0,0.0,-0.1499999999999999,LOW
2026-06-19 12:00:00+00:00,Zone_D,2.2,0.93,2.0,0.0,0.0,0.4,219.4673913043478,-1877.37,-113.0,0.0,0.0500000000000002,LOW
2026-06-19 14:00:00+00:00,Zone_D,2.57,0.0,1.0,1.0,0.0,0.8,291.9007246376812,-2874.5,-64.0,1.0,-4997.43,LOW
2026-06-19 15:00:00+00:00,Zone_D,2.4,0.11,6.0,1.0,0.0,0.4,291.9050724637681,-2874.5400000000004,-59.0,1.0,-0.1699999999999999,LOW
2026-06-19 16:00:00+00:00,Zone_D,2.41,2.61,2.0,0.0,0.0,0.4,291.9065217391304,-2875.7000000000003,-59.0,0.0,0.0100000000000002,LOW
2026-06-19 17:00:00+00:00,Zone_D,2.35,0.24,2.0,0.0,0.0,0.4,291.908115942029,-2876.13,-59.0,0.0,-0.06,LOW
2026-06-19 18:00:00+00:00,Zone_D,2.19,0.63,3.0,0.0,1.0,0.4,291.91028985507245,-2875.5000000000005,-59.0,1.0,-0.1600000000000001,LOW
2026-06-19 19:00:00+00:00,Zone_D,2.03,0.83,2.0,0.0,0.0,0.4,291.9078260869565,-2877.32,-58.0,0.0,-0.1600000000000001,LOW
2026-06-19 20:00:00+00:00,Zone_D,2.37,0.0,1.0,0.0,0.0,0.4,291.9115942028986,-2878.24,-58.0,0.0,0.3400000000000003,LOW
2026-06-19 23:00:00+00:00,Zone_D,2.62,1.47,0.0,1.0,0.0,0.8,291.91362318840584,-2874.65,-4.0,1.0,0.1600000000000001,LOW
2026-06-20 00:00:00+00:00,Zone_D,2.59,3.08,1.0,0.0,0.0,0.8,291.91565217391303,-2872.42,47.0,0.0,-0.0300000000000002,LOW
2026-06-20 01:00:00+00:00,Zone_D,2.6,2.16,2.0,0.0,0.0,0.8,291.9153623188405,-2874.03,49.0,0.0,0.0100000000000002,LOW
2026-06-20 02:00:00+00:00,Zone_D,2.58,2.53,1.0,1.0,1.0,0.8,291.91869565217394,-2871.73,48.0,2.0,-0.02,LOW
2026-06-20 03:00:00+00:00,Zone_D,2.65,0.0,2.0,2.0,0.0,0.8,291.92043478260865,-2878.03,48.0,2.0,0.0699999999999998,LOW
2026-06-20 04:00:00+00:00,Zone_D,2.73,1.63,2.0,2.0,0.0,0.8,291.9252173913044,-2876.99,49.0,2.0,0.08,LOW
2026-06-20 05:00:00+00:00,Zone_D,2.58,0.77,2.0,0.0,0.0,0.8,291.92710144927537,-2878.92,51.0,0.0,-0.1499999999999999,LOW
2026-06-20 06:00:00+00:00,Zone_D,2.4,0.0,3.0,1.0,0.0,0.4,287.79442857142857,-2879.39,53.0,1.0,-0.1800000000000001,LOW
2026-06-20 07:00:00+00:00,Zone_D,2.25,0.16,1.0,0.0,0.0,0.4,287.79414285714284,-2879.28,52.0,0.0,-0.1499999999999999,LOW
2026-06-20 08:00:00+00:00,Zone_D,2.36,0.49,0.0,0.0,0.0,0.4,283.7739436619718,-2882.7,52.0,0.0,0.1099999999999998,LOW
2026-06-20 11:00:00+00:00,Zone_D,2.35,1.59,2.0,0.0,0.0,0.4,283.78760563380285,-2875.31,50.0,0.0,-0.1099999999999998,LOW
2026-06-20 12:00:00+00:00,Zone_D,2.53,3.84,1.0,1.0,0.0,0.8,283.79366197183094,-2875.4500000000003,49.0,1.0,0.1799999999999997,LOW
2026-06-20 13:00:00+00:00,Zone_D,2.52,3.11,4.0,0.0,0.0,0.8,283.79774647887325,-2872.34,52.0,0.0,-0.0099999999999997,LOW
2026-06-20 14:00:00+00:00,Zone_D,2.44,1.61,0.0,0.0,0.0,0.4,283.8046478873239,-2870.76,51.0,0.0,-0.08,LOW
2026-06-20 21:00:00+00:00,Zone_D,2.37,0.57,3.0,0.0,0.0,0.4,364.4295652173913,-2873.55,-6.0,0.0,-0.1999999999999997,LOW
2026-06-20 22:00:00+00:00,Zone_D,2.32,0.01,1.0,0.0,0.0,0.4,364.42869565217393,-2878.7700000000004,-9.0,0.0,-0.0500000000000002,LOW
2026-06-20 23:00:00+00:00,Zone_D,2.17,0.03,2.0,1.0,0.0,0.4,364.4253623188405,-2880.6600000000003,-7.0,1.0,-0.1499999999999999,LOW
2026-06-21 00:00:00+00:00,Zone_D,2.05,3.16,3.0,0.0,0.0,0.4,291.99130434782603,-2877.8700000000003,-5.0,0.0,-0.1200000000000001,LOW
2026-06-21 01:00:00+00:00,Zone_D,2.25,6.37,1.0,0.0,0.0,0.4,291.9908695652174,-2873.34,-6.0,0.0,0.2000000000000001,LOW
2026-06-21 02:00:00+00:00,Zone_D,2.39,4.61,0.0,1.0,0.0,0.4,291.98985507246374,-2872.88,-7.0,1.0,0.1400000000000001,LOW
2026-06-21 03:00:00+00:00,Zone_D,2.48,0.0,2.0,1.0,0.0,0.4,291.9917391304348,-2873.69,-7.0,1.0,0.0899999999999998,LOW
2026-06-21 04:00:00+00:00,Zone_D,2.33,1.91,0.0,0.0,0.0,0.4,291.9921739130435,-2872.17,-9.0,0.0,-0.1499999999999999,LOW
2026-06-21 08:00:00+00:00,Zone_D,2.6,0.0,3.0,0.0,0.0,0.8,364.4304347826087,-2857.7200000000003,-9.0,0.0,-0.04,LOW
2026-06-21 09:00:00+00:00,Zone_D,2.52,0.18,0.0,1.0,0.0,0.8,364.43710144927536,-2857.62,-12.0,1.0,-0.08,LOW
2026-06-21 10:00:00+00:00,Zone_D,2.28,0.23,4.0,1.0,0.0,0.4,364.44188405797104,-2859.11,-8.0,1.0,-0.2400000000000002,LOW
2026-06-21 11:00:00+00:00,Zone_D,2.36,0.22,1.0,0.0,0.0,0.4,364.45014492753626,-2861.32,-9.0,0.0,0.08,LOW
2026-06-21 12:00:00+00:00,Zone_D,2.55,4.59,3.0,1.0,0.0,0.8,364.46043478260873,-2861.15,-7.0,1.0,0.1899999999999999,LOW
2026-06-21 13:00:00+00:00,Zone_D,2.5,1.27,4.0,0.0,0.0,0.4,359.28957142857143,-2859.98,-7.0,0.0,-0.0499999999999998,LOW
2026-06-21 14:00:00+00:00,Zone_D,2.67,3.21,2.0,0.0,0.0,0.8,287.89914285714286,-2856.93,-5.0,0.0,0.1699999999999999,LOW
2026-06-21 15:00:00+00:00,Zone_D,2.72,2.13,1.0,0.0,0.0,0.8,283.8957746478873,-2853.99,-2.0,0.0,0.0500000000000002,LOW
2026-06-21 16:00:00+00:00,Zone_D,2.75,5.99,6.0,0.0,0.0,0.8,283.9080281690141,-2850.24,-1.0,0.0,0.0299999999999998,LOW
2026-06-21 17:00:00+00:00,Zone_D,2.51,0.69,0.0,0.0,0.0,0.8,283.9166197183099,-2851.16,-3.0,0.0,-0.2400000000000002,LOW
2026-06-22 00:00:00+00:00,Zone_D,2.42,3.63,2.0,0.0,0.0,0.4,283.94056338028173,-3843.41,43.0,0.0,0.0899999999999998,LOW
2026-06-22 01:00:00+00:00,Zone_D,2.68,6.27,2.0,1.0,0.0,0.8,280.03819444444446,-3834.89,46.0,1.0,0.2600000000000002,LOW
2026-06-22 02:00:00+00:00,Zone_D,2.7,1.21,1.0,2.0,0.0,0.8,280.04555555555555,-3837.75,47.0,2.0,0.02,LOW
2026-06-22 03:00:00+00:00,Zone_D,2.91,5.72,1.0,1.0,0.0,0.8,283.97591549295777,-3832.55,46.0,1.0,0.2099999999999999,LOW
2026-06-22 04:00:00+00:00,Zone_D,2.99,4.99,2.0,2.0,0.0,0.8,283.9914084507043,-2828.5600000000004,48.0,2.0,0.08,LOW
2026-06-22 05:00:00+00:00,Zone_D,3.07,3.34,1.0,3.0,0.0,0.8,284.00718309859155,-2825.24,49.0,3.0,0.0799999999999996,MODERATE
2026-06-22 06:00:00+00:00,Zone_D,2.96,0.5,3.0,4.0,0.0,0.8,284.0161971830986,-2831.38,50.0,4.0,-0.1099999999999998,LOW
2026-06-22 08:00:00+00:00,Zone_D,2.8,0.12,2.0,0.0,0.0,0.8,284.0340845070423,-2836.16,46.0,0.0,-0.0900000000000003,LOW
2026-06-22 09:00:00+00:00,Zone_D,2.66,1.38,4.0,1.0,0.0,0.8,284.03943661971834,-1835.78,50.0,1.0,-0.1399999999999996,LOW
2026-06-22 14:00:00+00:00,Zone_D,2.36,3.0,3.0,0.0,0.0,0.4,216.679,-829.8100000000002,48.0,0.0,-0.1300000000000003,LOW
2026-06-22 16:00:00+00:00,Zone_D,2.19,0.03,3.0,0.0,0.0,0.4,216.67428571428573,-832.0200000000002,44.0,0.0,-0.1,LOW
2026-06-22 17:00:00+00:00,Zone_D,2.24,0.93,0.0,0.0,0.0,0.4,216.67271428571428,-831.3300000000002,44.0,0.0,0.0500000000000002,LOW
2026-06-22 18:00:00+00:00,Zone_D,2.2,0.31,1.0,1.0,0.0,0.4,216.6728571428572,-831.6500000000002,43.0,1.0,-0.04,LOW
2026-06-22 20:00:00+00:00,Zone_D,1.91,0.01,1.0,0.0,0.0,0.4,359.4605714285714,-832.4700000000001,42.0,0.0,-4998.09,LOW
2026-06-22 22:00:00+00:00,Zone_D,2.07,0.0,3.0,0.0,0.0,0.4,354.41901408450707,-1839.65,49.0,0.0,0.1699999999999999,LOW
2026-06-22 23:00:00+00:00,Zone_D,2.09,2.28,0.0,0.0,0.0,0.4,354.41154929577465,-1838.84,48.0,0.0,0.02,LOW
2026-06-23 00:00:00+00:00,Zone_D,2.22,6.51,4.0,0.0,0.0,0.4,354.40633802816905,-1835.41,48.0,0.0,0.1300000000000003,LOW
2026-06-23 01:00:00+00:00,Zone_D,2.12,1.57,0.0,0.0,0.0,0.4,354.3995774647888,-1836.0,46.0,0.0,-0.1,LOW
2026-06-23 02:00:00+00:00,Zone_D,2.35,8.03,3.0,1.0,0.0,0.4,354.396338028169,-1830.5,48.0,1.0,0.2299999999999999,LOW
2026-06-23 03:00:00+00:00,Zone_D,2.46,5.07,1.0,0.0,0.0,0.4,354.393661971831,-1825.4300000000003,48.0,0.0,0.1099999999999998,LOW
2026-06-23 04:00:00+00:00,Zone_D,2.34,0.27,1.0,0.0,0.0,0.4,354.3881690140845,-1826.79,47.0,0.0,-0.1200000000000001,LOW
2026-06-23 05:00:00+00:00,Zone_D,2.44,3.32,1.0,0.0,0.0,0.4,354.38281690140843,-1824.74,48.0,0.0,0.1,LOW
2026-06-23 06:00:00+00:00,Zone_D,2.44,0.35,3.0,0.0,1.0,0.4,354.38338028169017,-1824.3900000000003,48.0,1.0,0.0,LOW
2026-06-23 07:00:00+00:00,Zone_D,2.38,0.0,0.0,0.0,0.0,0.4,354.38521126760565,-1824.55,48.0,0.0,-0.06,LOW
2026-06-23 09:00:00+00:00,Zone_D,2.49,5.35,0.0,1.0,0.0,0.4,349.4976388888889,-1825.09,42.0,1.0,0.1400000000000001,LOW
2026-06-23 10:00:00+00:00,Zone_D,2.59,0.02,0.0,0.0,0.0,0.8,354.38732394366195,-1826.7100000000005,40.0,0.0,0.0999999999999996,LOW
2026-06-23 11:00:00+00:00,Zone_D,2.42,0.07,2.0,1.0,0.0,0.4,354.3883098591549,-1828.23,40.0,1.0,-0.1699999999999999,LOW
2026-06-23 12:00:00+00:00,Zone_D,2.39,0.2,4.0,0.0,0.0,0.4,354.386338028169,-1831.8700000000003,40.0,0.0,-0.0299999999999998,LOW
2026-06-23 13:00:00+00:00,Zone_D,2.24,0.08,0.0,1.0,0.0,0.4,354.3823943661972,-1834.9,37.0,1.0,-0.1499999999999999,LOW
2026-06-23 14:00:00+00:00,Zone_D,2.09,0.84,3.0,0.0,0.0,0.4,354.3774647887324,-1835.67,37.0,0.0,-0.1500000000000003,LOW
2026-06-23 15:00:00+00:00,Zone_D,2.01,0.8,3.0,0.0,0.0,0.4,283.98323943661967,-1835.81,40.0,0.0,-0.08,LOW
2026-06-23 16:00:00+00:00,Zone_D,2.13,2.49,4.0,0.0,0.0,0.4,280.06861111111107,-1833.33,41.0,0.0,0.1200000000000001,LOW
2026-06-23 18:00:00+00:00,Zone_D,2.09,0.71,2.0,0.0,0.0,0.4,349.4815277777777,-1841.77,42.0,0.0,-4997.91,LOW
2026-06-23 19:00:00+00:00,Zone_D,2.05,1.58,2.0,0.0,0.0,0.4,344.7221917808219,-1840.51,42.0,0.0,-0.04,LOW
2026-06-23 20:00:00+00:00,Zone_D,2.04,0.0,1.0,0.0,0.0,0.4,344.7149315068493,-2841.6000000000004,42.0,0.0,-0.0099999999999997,LOW
2026-06-23 21:00:00+00:00,Zone_D,2.12,1.16,3.0,0.0,0.0,0.4,344.71150684931507,-2841.01,41.0,0.0,0.08,LOW
2026-06-23 22:00:00+00:00,Zone_D,2.0,0.42,0.0,0.0,0.0,0.4,344.7071232876712,-2840.6,38.0,0.0,-0.1200000000000001,LOW
2026-06-24 02:00:00+00:00,Zone_D,2.44,4.97,7.0,1.0,0.0,0.4,349.46777777777777,-2841.94,44.0,1.0,0.1099999999999998,LOW
2026-06-24 03:00:00+00:00,Zone_D,2.34,0.0,4.0,0.0,0.0,0.4,349.46583333333336,-2841.94,47.0,0.0,-0.1,LOW
2026-06-24 04:00:00+00:00,Zone_D,2.27,0.0,4.0,0.0,0.0,0.4,349.465,-2843.8500000000004,49.0,0.0,-0.0699999999999998,LOW
2026-06-24 07:00:00+00:00,Zone_D,2.37,0.95,2.0,0.0,0.0,0.4,276.24506849315065,-3857.06,55.0,0.0,-0.04,LOW
2026-06-24 08:00:00+00:00,Zone_D,2.57,4.17,0.0,0.0,0.0,0.8,276.2446575342466,-3852.89,55.0,0.0,0.1999999999999997,LOW
2026-06-24 11:00:00+00:00,Zone_D,2.45,2.11,1.0,0.0,0.0,0.4,276.249589041096,-3847.24,65.0,0.0,-0.0499999999999998,LOW
2026-06-24 13:00:00+00:00,Zone_D,2.51,4.78,1.0,0.0,0.0,0.8,272.5486486486487,-3839.14,64.0,0.0,0.0499999999999998,LOW
2026-06-24 14:00:00+00:00,Zone_D,2.42,3.13,1.0,1.0,0.0,0.4,272.54310810810813,-3837.65,63.0,1.0,-0.0899999999999998,LOW
2026-06-24 15:00:00+00:00,Zone_D,2.46,0.0,1.0,1.0,0.0,0.4,272.5395945945946,-3839.78,61.0,1.0,0.04,LOW
2026-06-24 16:00:00+00:00,Zone_D,2.25,1.96,4.0,2.0,1.0,0.4,272.53283783783786,-3843.81,61.0,3.0,-0.2099999999999999,LOW
2026-06-24 17:00:00+00:00,Zone_D,2.09,2.45,7.0,0.0,0.0,0.4,272.5271621621622,-3842.05,68.0,0.0,-0.1600000000000001,LOW
2026-06-24 18:00:00+00:00,Zone_D,2.2,1.1,1.0,0.0,0.0,0.4,204.98932432432437,-2841.9500000000003,67.0,0.0,0.1100000000000003,LOW
2026-06-24 19:00:00+00:00,Zone_D,2.22,1.41,2.0,0.0,1.0,0.4,204.98527027027023,-2844.2900000000004,67.0,1.0,0.02,LOW
2026-06-24 20:00:00+00:00,Zone_D,2.21,1.55,1.0,0.0,0.0,0.4,202.2816,-2843.25,67.0,0.0,-0.0100000000000002,LOW
2026-06-24 21:00:00+00:00,Zone_D,2.53,0.0,2.0,1.0,0.0,0.8,202.28266666666667,-2844.9500000000003,66.0,1.0,0.3199999999999998,LOW
2026-06-24 22:00:00+00:00,Zone_D,2.85,5.27,2.0,2.0,0.0,0.8,202.28813333333332,-2842.73,68.0,2.0,0.3200000000000003,LOW
2026-06-24 23:00:00+00:00,Zone_D,2.69,0.15,3.0,1.0,0.0,0.8,202.2929333333333,-2845.24,70.0,1.0,-0.1600000000000001,LOW
2026-06-25 00:00:00+00:00,Zone_D,2.52,2.01,2.0,1.0,0.0,0.8,204.99527027027025,-2850.49,67.0,1.0,-0.1699999999999999,LOW
2026-06-25 01:00:00+00:00,Zone_D,2.38,1.85,1.0,1.0,0.0,0.4,204.99121621621623,-2854.91,68.0,1.0,-0.1400000000000001,LOW
2026-06-25 03:00:00+00:00,Zone_D,2.23,0.96,3.0,2.0,0.0,0.4,204.97783783783785,-2858.78,60.0,2.0,-0.1600000000000001,LOW
2026-06-25 04:00:00+00:00,Zone_D,2.32,4.99,1.0,0.0,0.0,0.4,204.96878378378375,-2858.78,53.0,0.0,0.0899999999999998,LOW
2026-06-25 05:00:00+00:00,Zone_D,2.15,0.0,3.0,0.0,0.0,0.4,204.95635135135132,-2862.1200000000003,52.0,0.0,-0.1699999999999999,LOW
2026-06-25 06:00:00+00:00,Zone_D,2.15,2.42,0.0,0.0,0.0,0.4,204.9454054054054,-2860.2000000000003,2.0,0.0,0.0,LOW
2026-06-25 07:00:00+00:00,Zone_D,2.05,0.51,0.0,1.0,0.0,0.4,204.93405405405403,-2860.01,0.0,1.0,-0.1,LOW
2026-06-25 08:00:00+00:00,Zone_D,1.99,0.0,3.0,1.0,0.0,0.4,204.9231081081081,-3859.13,3.0,1.0,-0.0599999999999998,LOW
2026-06-25 09:00:00+00:00,Zone_D,2.17,6.43,2.0,0.0,1.0,0.4,204.9164864864865,-3854.08,-1.0,1.0,0.1799999999999999,LOW
2026-06-25 10:00:00+00:00,Zone_D,2.21,1.91,3.0,0.0,0.0,0.4,202.21373333333332,-3854.68,-3.0,0.0,0.04,LOW
2026-06-25 11:00:00+00:00,Zone_D,2.36,4.29,1.0,1.0,0.0,0.4,204.9093243243243,-3853.83,-3.0,1.0,0.1499999999999999,LOW
2026-06-25 12:00:00+00:00,Zone_D,2.16,0.7,1.0,0.0,0.0,0.4,202.206,-3856.63,-4.0,0.0,-0.1999999999999997,LOW
2026-06-25 13:00:00+00:00,Zone_D,2.09,0.06,0.0,0.0,0.0,0.4,202.20066666666665,-3858.97,-6.0,0.0,-0.0700000000000002,LOW
2026-06-25 14:00:00+00:00,Zone_D,2.1,1.45,3.0,0.0,0.0,0.4,202.1972,-3860.52,-4.0,0.0,0.0100000000000002,LOW
2026-06-25 15:00:00+00:00,Zone_D,2.29,0.0,3.0,0.0,0.0,0.4,202.1972,-4860.0,-2.0,0.0,0.1899999999999999,LOW
2026-06-25 16:00:00+00:00,Zone_D,2.13,0.56,0.0,0.0,0.0,0.4,202.1964,-4859.47,-6.0,0.0,-0.1600000000000001,LOW
2026-06-25 22:00:00+00:00,Zone_D,1.91,1.89,6.0,0.0,0.0,0.4,72.67647887323945,-3858.23,-52.0,0.0,0.0399999999999998,LOW
2026-06-26 03:00:00+00:00,Zone_D,2.07,0.48,3.0,1.0,0.0,0.4,147.1459420289855,-3875.47,-51.0,1.0,-4997.93,LOW
2026-06-26 04:00:00+00:00,Zone_D,2.13,0.0,0.0,0.0,0.0,0.4,149.2723529411765,-4875.01,-52.0,0.0,0.06,LOW
2026-06-26 05:00:00+00:00,Zone_D,2.02,0.0,0.0,0.0,0.0,0.4,149.26617647058825,-4878.330000000001,-55.0,0.0,-0.1099999999999998,LOW
2026-06-26 06:00:00+00:00,Zone_D,2.44,6.76,2.0,0.0,0.0,0.4,149.26617647058825,-4871.92,-3.0,0.0,0.4199999999999999,LOW
2026-06-26 07:00:00+00:00,Zone_D,2.41,0.98,3.0,0.0,0.0,0.4,149.26661764705884,-4870.94,0.0,0.0,-0.0299999999999998,LOW
2026-06-26 08:00:00+00:00,Zone_D,2.36,0.56,1.0,0.0,0.0,0.4,147.13840579710146,-4871.02,1.0,0.0,-0.0500000000000002,LOW
2026-06-26 09:00:00+00:00,Zone_D,2.2,3.81,2.0,0.0,0.0,0.4,147.13420289855077,-4872.56,1.0,0.0,-0.1599999999999997,LOW
2026-06-26 10:00:00+00:00,Zone_D,2.11,0.0,0.0,0.0,0.0,0.4,147.1272463768116,-4872.58,-2.0,0.0,-0.0900000000000003,LOW
2026-06-26 11:00:00+00:00,Zone_D,2.2,0.39,2.0,0.0,0.0,0.4,145.05242857142858,-4872.26,-1.0,0.0,0.0900000000000003,LOW
2026-06-26 15:00:00+00:00,Zone_D,2.3,6.0,2.0,0.0,0.0,0.4,145.05100000000002,-4864.160000000001,2.0,0.0,0.2799999999999998,LOW
2026-06-26 17:00:00+00:00,Zone_D,2.3,2.17,2.0,0.0,0.0,0.4,145.05342857142855,-4862.89,3.0,0.0,-4997.7,LOW
2026-06-26 19:00:00+00:00,Zone_D,2.35,0.0,2.0,1.0,0.0,0.4,145.0627142857143,-5864.18,-4.0,1.0,-0.0899999999999998,LOW
2026-06-26 21:00:00+00:00,Zone_D,2.24,0.7,2.0,1.0,0.0,0.4,216.4638571428572,-4864.76,46.0,1.0,-4997.76,LOW
2026-06-27 01:00:00+00:00,Zone_D,2.14,0.0,3.0,0.0,0.0,0.4,283.84126760563385,-4862.139999999999,46.0,0.0,-0.2199999999999997,LOW
2026-06-27 02:00:00+00:00,Zone_D,2.03,0.32,2.0,0.0,0.0,0.4,283.83549295774645,-4866.79,43.0,0.0,-0.1100000000000003,LOW
2026-06-27 03:00:00+00:00,Zone_D,1.84,2.8,0.0,0.0,0.0,0.4,279.9145833333333,-4863.67,42.0,0.0,-0.1899999999999997,LOW
2026-06-27 06:00:00+00:00,Zone_D,1.93,0.37,0.0,0.0,0.0,0.4,283.8142253521127,-4861.78,43.0,0.0,-0.05,LOW
2026-06-27 07:00:00+00:00,Zone_D,1.94,0.0,0.0,0.0,0.0,0.4,283.80816901408446,-5861.7300000000005,37.0,0.0,0.01,LOW
2026-06-27 09:00:00+00:00,Zone_D,1.76,0.95,1.0,1.0,0.0,0.4,283.7881690140845,-6868.12,36.0,1.0,-0.1999999999999999,LOW
2026-06-27 10:00:00+00:00,Zone_D,2.08,3.97,2.0,0.0,0.0,0.4,283.7822535211268,-6864.15,38.0,0.0,0.32,LOW
2026-06-27 11:00:00+00:00,Zone_D,2.13,0.55,3.0,0.0,0.0,0.4,279.8652777777777,-6861.740000000001,41.0,0.0,0.0499999999999998,LOW
2026-06-27 12:00:00+00:00,Zone_D,2.05,0.0,0.0,1.0,0.0,0.4,283.76661971830987,-7869.92,41.0,1.0,-0.08,LOW
2026-06-27 13:00:00+00:00,Zone_D,1.86,1.57,0.0,1.0,0.0,0.4,287.7752857142857,-7877.91,41.0,1.0,-0.1899999999999997,LOW
2026-06-27 14:00:00+00:00,Zone_D,1.82,0.0,1.0,0.0,0.0,0.4,287.7667142857143,-7881.04,34.0,0.0,-0.04,LOW
2026-06-27 15:00:00+00:00,Zone_D,1.73,1.49,2.0,0.0,0.0,0.4,287.7562857142857,-7879.55,34.0,0.0,-0.09,LOW
2026-06-27 16:00:00+00:00,Zone_D,1.76,0.88,0.0,0.0,0.0,0.4,287.74928571428575,-7880.63,34.0,0.0,0.03,LOW
2026-06-27 17:00:00+00:00,Zone_D,1.85,0.73,4.0,0.0,0.0,0.4,287.7458571428571,-7882.35,36.0,0.0,0.09,LOW
2026-06-27 18:00:00+00:00,Zone_D,1.85,0.0,1.0,1.0,0.0,0.4,287.7408571428571,-7883.450000000001,37.0,1.0,0.0,LOW
2026-06-27 19:00:00+00:00,Zone_D,1.59,0.19,2.0,0.0,0.0,0.4,287.7318571428571,-7884.67,37.0,0.0,-0.26,LOW
2026-06-27 20:00:00+00:00,Zone_D,1.58,0.0,1.0,0.0,0.0,0.4,287.72285714285715,-7886.22,37.0,0.0,-0.01,LOW
2026-06-27 21:00:00+00:00,Zone_D,1.96,4.99,2.0,0.0,0.0,0.4,287.71471428571425,-7881.23,35.0,0.0,0.3799999999999999,LOW
2026-06-27 22:00:00+00:00,Zone_D,2.08,0.0,3.0,0.0,0.0,0.4,287.70371428571434,-7886.5,37.0,0.0,0.1200000000000001,LOW
2026-06-27 23:00:00+00:00,Zone_D,2.04,2.98,1.0,1.0,0.0,0.4,287.69442857142855,-7883.670000000001,37.0,1.0,-0.04,LOW
2026-06-28 00:00:00+00:00,Zone_D,1.94,0.46,2.0,0.0,0.0,0.4,287.6861428571429,-7885.22,38.0,0.0,-0.1,LOW
2026-06-28 01:00:00+00:00,Zone_D,1.92,1.0,5.0,2.0,0.0,0.4,287.6795714285714,-7886.070000000001,40.0,2.0,-0.02,LOW
2026-06-28 02:00:00+00:00,Zone_D,2.13,3.59,2.0,0.0,0.0,0.4,283.6511267605634,-7883.58,43.0,0.0,0.2099999999999999,LOW
2026-06-28 03:00:00+00:00,Zone_D,2.17,1.54,0.0,1.0,0.0,0.4,283.65028169014084,-7883.0,43.0,1.0,0.04,LOW
2026-06-28 04:00:00+00:00,Zone_D,2.11,1.22,4.0,1.0,0.0,0.4,283.647323943662,-7886.77,46.0,1.0,-0.06,LOW
2026-06-28 05:00:00+00:00,Zone_D,2.16,2.66,1.0,0.0,0.0,0.4,283.6474647887324,-7884.110000000001,45.0,0.0,0.0500000000000002,LOW
2026-06-28 06:00:00+00:00,Zone_D,2.22,1.91,1.0,0.0,0.0,0.4,283.6484507042253,-7884.620000000001,46.0,0.0,0.06,LOW
2026-06-28 07:00:00+00:00,Zone_D,1.99,0.12,2.0,0.0,0.0,0.4,283.6476056338028,-7885.01,48.0,0.0,-0.2300000000000002,LOW
2026-06-28 08:00:00+00:00,Zone_D,2.25,0.0,2.0,1.0,0.0,0.4,283.65126760563385,-7885.01,49.0,1.0,0.26,LOW
2026-06-28 09:00:00+00:00,Zone_D,2.24,0.0,2.0,0.0,0.0,0.4,283.6522535211268,-8890.44,50.0,0.0,-0.0099999999999997,LOW
2026-06-28 10:00:00+00:00,Zone_D,2.23,0.0,2.0,0.0,0.0,0.4,283.6525352112676,-8892.35,48.0,0.0,-0.0100000000000002,LOW
2026-06-28 11:00:00+00:00,Zone_D,2.13,0.35,1.0,0.0,0.0,0.4,283.64929577464784,-8896.29,46.0,0.0,-0.1,LOW
2026-06-28 12:00:00+00:00,Zone_D,2.14,2.83,1.0,1.0,0.0,0.4,283.6490140845071,-8894.16,47.0,1.0,0.0100000000000002,LOW
2026-06-28 13:00:00+00:00,Zone_D,2.26,0.0,2.0,0.0,0.0,0.4,283.65140845070425,-8894.220000000001,49.0,0.0,0.1199999999999996,LOW
2026-06-28 14:00:00+00:00,Zone_D,2.27,2.5,2.0,0.0,0.0,0.4,283.6538028169014,-8893.17,50.0,0.0,0.0100000000000002,LOW
2026-06-28 15:00:00+00:00,Zone_D,2.03,0.85,4.0,0.0,0.0,0.4,283.65014084507044,-7893.32,52.0,0.0,-0.2400000000000002,LOW
2026-06-28 16:00:00+00:00,Zone_D,2.03,0.0,3.0,0.0,0.0,0.4,283.6487323943662,-7893.88,55.0,0.0,0.0,LOW
2026-06-28 17:00:00+00:00,Zone_D,2.0,0.0,1.0,0.0,0.0,0.4,279.7369444444445,-7895.24,52.0,0.0,-0.0299999999999998,LOW
2026-06-28 18:00:00+00:00,Zone_D,2.16,0.0,2.0,0.0,0.0,0.4,275.9345205479452,-7895.24,53.0,0.0,0.1600000000000001,LOW
2026-06-28 19:00:00+00:00,Zone_D,2.45,5.29,1.0,0.0,0.0,0.4,272.2387837837838,-7889.96,52.0,0.0,0.29,LOW
2026-06-28 20:00:00+00:00,Zone_D,2.44,3.9,2.0,0.0,0.0,0.4,268.6496,-7881.110000000001,54.0,0.0,-0.0100000000000002,LOW
2026-06-28 21:00:00+00:00,Zone_D,2.53,0.0,0.0,2.0,0.0,0.8,268.65840000000003,-7881.26,52.0,2.0,0.0899999999999998,LOW
2026-06-28 22:00:00+00:00,Zone_D,2.4,0.62,1.0,0.0,0.0,0.4,268.6649333333333,-7882.530000000001,50.0,0.0,-0.1299999999999999,LOW
2026-06-29 01:00:00+00:00,Zone_D,2.28,1.61,4.0,0.0,0.0,0.4,261.7485714285715,-7883.05,47.0,0.0,-0.02,LOW
2026-06-29 04:00:00+00:00,Zone_D,2.13,1.35,3.0,0.0,0.0,0.4,199.40302631578948,-6881.740000000001,44.0,0.0,0.0699999999999998,LOW
2026-06-29 05:00:00+00:00,Zone_D,2.14,1.86,2.0,0.0,0.0,0.4,199.4046052631579,-6879.88,45.0,0.0,0.0100000000000002,LOW
2026-06-29 06:00:00+00:00,Zone_D,2.2,0.0,4.0,0.0,0.0,0.4,199.40144736842103,-6886.639999999999,48.0,0.0,0.06,LOW
2026-06-29 07:00:00+00:00,Zone_D,2.21,0.0,0.0,0.0,0.0,0.4,202.0253333333333,-6888.599999999999,46.0,0.0,0.0099999999999997,LOW
2026-06-29 10:00:00+00:00,Zone_D,2.41,0.44,3.0,0.0,0.0,0.4,207.5064383561644,-7890.219999999999,45.0,0.0,-0.0299999999999998,LOW
2026-06-29 11:00:00+00:00,Zone_D,2.18,1.03,5.0,0.0,0.0,0.4,207.50616438356167,-7889.58,49.0,0.0,-0.2299999999999999,LOW
2026-06-29 12:00:00+00:00,Zone_D,2.16,0.0,2.0,1.0,0.0,0.4,199.39947368421053,-8888.83,65.0,1.0,-0.02,LOW
2026-06-29 14:00:00+00:00,Zone_D,2.1,1.24,1.0,0.0,0.0,0.4,199.4025,-8884.75,65.0,0.0,-0.0699999999999998,LOW
2026-06-29 15:00:00+00:00,Zone_D,2.12,0.0,2.0,0.0,0.0,0.4,199.40013157894737,-9889.75,63.0,0.0,0.02,LOW
2026-06-29 16:00:00+00:00,Zone_D,2.06,1.63,3.0,0.0,0.0,0.4,133.63776315789474,-9889.71,63.0,0.0,-0.06,LOW
2026-06-29 17:00:00+00:00,Zone_D,1.94,1.05,1.0,0.0,0.0,0.4,133.6330263157895,-9890.83,63.0,0.0,-0.1200000000000001,LOW
2026-06-29 18:00:00+00:00,Zone_D,1.91,0.0,2.0,0.0,0.0,0.4,133.62605263157894,-8891.83,63.0,0.0,-0.03,LOW
2026-06-29 19:00:00+00:00,Zone_D,1.91,0.88,1.0,0.0,0.0,0.4,133.62026315789473,-8890.95,62.0,0.0,0.0,LOW
2026-06-29 20:00:00+00:00,Zone_D,1.69,0.58,7.0,0.0,0.0,0.4,67.85302631578948,-8891.25,67.0,0.0,-0.2199999999999999,LOW
2026-06-29 22:00:00+00:00,Zone_D,1.51,0.96,3.0,0.0,0.0,0.4,2.070933333333333,-8891.92,69.0,0.0,0.05,LOW
2026-06-30 01:00:00+00:00,Zone_D,1.77,1.49,1.0,0.0,0.0,0.4,2.0528947368421053,-8897.24,62.0,0.0,0.02,LOW
2026-06-30 03:00:00+00:00,Zone_D,1.94,4.66,0.0,0.0,0.0,0.4,68.69413333333333,-8895.560000000001,63.0,0.0,-4998.06,LOW
2026-06-30 04:00:00+00:00,Zone_D,1.87,0.0,1.0,0.0,0.0,0.4,67.81486842105264,-8895.56,61.0,0.0,-0.0699999999999998,LOW
2026-06-30 05:00:00+00:00,Zone_D,1.69,0.47,2.0,0.0,0.0,0.4,67.81105263157895,-8897.39,61.0,0.0,-0.1800000000000001,LOW
2026-06-30 06:00:00+00:00,Zone_D,1.65,0.06,1.0,1.0,0.0,0.4,67.80736842105263,-8897.7,58.0,1.0,-0.04,LOW
2026-06-30 07:00:00+00:00,Zone_D,1.77,3.98,2.0,1.0,0.0,0.4,67.80513157894738,-7894.72,60.0,1.0,0.1200000000000001,LOW
2026-06-30 08:00:00+00:00,Zone_D,1.68,1.22,1.0,0.0,0.0,0.4,67.80144736842107,-6894.5,59.0,0.0,-0.09,LOW
2026-06-30 09:00:00+00:00,Zone_D,1.74,2.01,2.0,1.0,0.0,0.4,67.80118421052632,-6893.44,61.0,1.0,0.06,LOW
2026-06-30 10:00:00+00:00,Zone_D,1.79,0.47,6.0,2.0,0.0,0.4,67.79289473684211,-6898.900000000001,66.0,2.0,0.05,LOW
2026-06-30 11:00:00+00:00,Zone_D,1.76,0.0,1.0,0.0,0.0,0.4,67.78802631578948,-6899.45,47.0,0.0,-0.03,LOW
2026-06-30 12:00:00+00:00,Zone_D,1.8,1.41,0.0,0.0,1.0,0.4,67.78473684210526,-5899.040000000001,45.0,1.0,0.04,LOW
2026-06-30 13:00:00+00:00,Zone_D,1.69,1.43,0.0,0.0,0.0,0.4,67.7825,-5899.18,42.0,0.0,-0.1100000000000001,LOW
2026-06-30 14:00:00+00:00,Zone_D,1.69,0.37,4.0,0.0,0.0,0.4,67.78078947368421,-5898.81,45.0,0.0,0.0,LOW
2026-06-30 15:00:00+00:00,Zone_D,1.96,6.27,1.0,0.0,0.0,0.4,67.78381578947369,-5894.03,44.0,0.0,0.27,LOW
2026-06-30 19:00:00+00:00,Zone_D,2.21,0.15,1.0,1.0,0.0,0.4,68.67946666666667,-5878.72,46.0,1.0,-0.06,LOW
2026-06-30 20:00:00+00:00,Zone_D,2.19,0.98,3.0,0.0,0.0,0.4,68.68759999999999,-5877.74,42.0,0.0,-0.02,LOW
2026-06-30 21:00:00+00:00,Zone_D,2.17,2.17,2.0,0.0,0.0,0.4,68.6904,-5880.56,43.0,0.0,-0.02,LOW
2026-07-01 02:00:00+00:00,Zone_D,1.99,0.31,3.0,0.0,0.0,0.4,138.986301369863,-5879.11,43.0,0.0,-0.1399999999999999,LOW
2026-07-01 04:00:00+00:00,Zone_D,2.24,2.03,1.0,1.0,0.0,0.4,138.98821917808218,-6878.84,45.0,1.0,0.06,LOW
2026-07-01 05:00:00+00:00,Zone_D,2.12,2.01,2.0,0.0,0.0,0.4,138.98767123287672,-6879.49,45.0,0.0,-0.1200000000000001,LOW
2026-07-01 06:00:00+00:00,Zone_D,1.98,0.33,0.0,0.0,0.0,0.4,138.98438356164385,-6881.07,44.0,0.0,-0.1400000000000001,LOW
2026-07-01 11:00:00+00:00,Zone_D,2.19,1.86,1.0,0.0,0.0,0.4,144.84657142857142,-4876.2,37.0,0.0,0.1400000000000001,LOW
2026-07-01 14:00:00+00:00,Zone_D,2.41,0.87,3.0,0.0,0.0,0.4,146.91826086956522,-4871.03,41.0,0.0,0.0500000000000002,LOW
2026-07-01 15:00:00+00:00,Zone_D,2.48,0.0,0.0,1.0,0.0,0.4,146.92478260869564,-4871.88,39.0,1.0,0.0699999999999998,LOW
2026-07-01 16:00:00+00:00,Zone_D,2.55,0.6,2.0,0.0,0.0,0.8,146.9323188405797,-4871.28,38.0,0.0,0.0699999999999998,LOW
2026-07-01 17:00:00+00:00,Zone_D,2.61,0.58,3.0,0.0,0.0,0.8,146.94115942028986,-4870.7,40.0,0.0,0.06,LOW
2026-07-01 18:00:00+00:00,Zone_D,2.39,0.76,5.0,0.0,0.0,0.4,146.9444927536232,-4869.9400000000005,42.0,0.0,-0.2199999999999997,LOW
2026-07-01 19:00:00+00:00,Zone_D,2.45,1.46,0.0,0.0,0.0,0.4,146.94362318840578,-4878.3,46.0,0.0,0.06,LOW
2026-07-01 20:00:00+00:00,Zone_D,2.54,0.0,0.0,0.0,0.0,0.8,144.88085714285714,-4880.74,43.0,0.0,0.0899999999999998,LOW
2026-07-01 21:00:00+00:00,Zone_D,2.46,0.0,4.0,0.0,0.0,0.4,144.87985714285713,-5879.74,45.0,0.0,-0.08,LOW
2026-07-01 22:00:00+00:00,Zone_D,2.28,0.0,2.0,0.0,0.0,0.4,146.94304347826088,-6879.9800000000005,47.0,0.0,-0.1800000000000001,LOW
2026-07-02 03:00:00+00:00,Zone_D,1.94,1.82,0.0,0.0,0.0,0.4,216.26642857142855,-6876.75,43.0,0.0,-4998.06,LOW
2026-07-02 04:00:00+00:00,Zone_D,1.8,0.98,0.0,0.0,0.0,0.4,216.26171428571428,-6877.12,42.0,0.0,-0.1399999999999999,LOW
2026-07-02 05:00:00+00:00,Zone_D,1.93,1.98,0.0,0.0,0.0,0.4,216.2587142857143,-6877.0,40.0,0.0,0.1299999999999999,LOW
2026-07-02 08:00:00+00:00,Zone_D,2.12,1.0,0.0,0.0,0.0,0.4,213.23943661971828,-5867.06,-9.0,0.0,0.0300000000000002,LOW
2026-07-02 10:00:00+00:00,Zone_D,2.4,0.0,2.0,1.0,0.0,0.4,349.1326388888889,-5861.51,-6.0,1.0,-4997.6,LOW
2026-07-02 11:00:00+00:00,Zone_D,2.35,0.07,3.0,0.0,0.0,0.4,364.22,-5865.56,-4.0,0.0,-0.0499999999999998,LOW
2026-07-02 16:00:00+00:00,Zone_D,2.36,0.34,0.0,1.0,0.0,0.4,375.040447761194,-4866.99,-5.0,1.0,0.02,LOW
2026-07-02 17:00:00+00:00,Zone_D,2.42,1.92,4.0,1.0,0.0,0.4,369.5669117647059,-4865.780000000001,-4.0,1.0,0.06,LOW
2026-07-02 20:00:00+00:00,Zone_D,2.07,0.0,3.0,0.0,0.0,0.4,375.065671641791,-4865.780000000001,-61.0,0.0,-0.2200000000000002,LOW
2026-07-02 22:00:00+00:00,Zone_D,1.76,1.78,2.0,0.0,0.0,0.4,369.5914705882353,-4866.07,-59.0,0.0,-0.1999999999999999,LOW
2026-07-03 00:00:00+00:00,Zone_D,1.91,4.64,2.0,0.0,0.0,0.4,369.595,-4861.58,-57.0,0.0,0.1499999999999999,LOW
2026-07-03 03:00:00+00:00,Zone_D,1.7,0.04,4.0,0.0,0.0,0.4,375.0813432835821,-5866.76,-55.0,0.0,-4998.3,LOW
2026-07-03 05:00:00+00:00,Zone_D,1.52,1.34,2.0,0.0,0.0,0.4,369.58235294117645,-4866.530000000001,-47.0,0.0,0.03,LOW
2026-07-03 06:00:00+00:00,Zone_D,1.58,3.44,3.0,0.0,0.0,0.4,369.58132352941175,-4863.15,-46.0,0.0,0.06,LOW
2026-07-03 07:00:00+00:00,Zone_D,1.67,0.74,2.0,0.0,0.0,0.4,369.57985294117645,-4866.39,-46.0,0.0,0.0899999999999998,LOW
2026-07-03 09:00:00+00:00,Zone_D,1.91,3.97,4.0,0.0,0.0,0.4,449.6743283582089,-4866.09,-46.0,0.0,-4998.09,LOW
2026-07-03 10:00:00+00:00,Zone_D,1.78,0.33,2.0,0.0,0.0,0.4,449.6741791044776,-4866.2300000000005,-46.0,0.0,-0.1299999999999999,LOW
2026-07-03 11:00:00+00:00,Zone_D,1.77,0.0,1.0,0.0,0.0,0.4,449.6743283582089,-5865.2300000000005,-48.0,0.0,-0.01,LOW
2026-07-03 12:00:00+00:00,Zone_D,1.79,0.95,3.0,0.0,0.0,0.4,449.6741791044776,-5865.6900000000005,-47.0,0.0,0.02,LOW
2026-07-03 16:00:00+00:00,Zone_D,1.86,2.41,6.0,0.0,1.0,0.4,456.45969696969695,-5879.14,-44.0,1.0,0.06,LOW
2026-07-03 17:00:00+00:00,Zone_D,1.75,1.76,1.0,0.0,0.0,0.4,449.67298507462687,-5877.95,-47.0,0.0,-0.1100000000000001,LOW
2026-07-03 20:00:00+00:00,Zone_D,2.6,3.07,0.0,0.0,0.0,0.8,524.2708955223881,-5862.93,-50.0,0.0,-4997.4,LOW
2026-07-03 21:00:00+00:00,Zone_D,2.65,0.0,4.0,1.0,0.0,0.8,524.2780597014925,-5865.1,-49.0,1.0,0.0499999999999998,LOW
2026-07-03 22:00:00+00:00,Zone_D,2.65,0.91,0.0,1.0,1.0,0.8,509.1584057971015,-5869.179999999999,-47.0,2.0,0.0,LOW
2026-07-03 23:00:00+00:00,Zone_D,2.58,1.56,1.0,1.0,0.0,0.8,436.7320289855072,-5868.27,-48.0,1.0,-0.0699999999999998,LOW
2026-07-04 00:00:00+00:00,Zone_D,2.71,0.0,5.0,0.0,0.0,0.8,430.5317142857143,-5868.96,-45.0,0.0,0.1299999999999999,LOW
2026-07-04 01:00:00+00:00,Zone_D,2.66,3.25,0.0,0.0,0.0,0.8,436.748115942029,-5869.55,-45.0,0.0,-0.0499999999999998,LOW
2026-07-04 02:00:00+00:00,Zone_D,2.56,0.75,0.0,1.0,0.0,0.8,436.7563768115942,-5869.110000000001,-95.0,1.0,-0.1,LOW
2026-07-04 03:00:00+00:00,Zone_D,2.72,4.92,1.0,1.0,0.0,0.8,436.7642028985507,-4865.1900000000005,-102.0,1.0,0.1600000000000001,LOW
2026-07-04 04:00:00+00:00,Zone_D,2.48,0.02,2.0,1.0,0.0,0.4,436.7676811594203,-4867.2,-102.0,1.0,-0.2400000000000002,LOW
2026-07-04 05:00:00+00:00,Zone_D,2.4,1.28,2.0,0.0,0.0,0.4,436.7717391304348,-4867.93,-102.0,0.0,-0.08,LOW
2026-07-04 06:00:00+00:00,Zone_D,2.29,0.0,1.0,0.0,0.0,0.4,436.776231884058,-5867.26,-104.0,0.0,-0.1099999999999998,LOW
2026-07-04 07:00:00+00:00,Zone_D,2.14,0.48,7.0,0.0,0.0,0.4,430.56714285714287,-5867.89,-99.0,0.0,-0.1499999999999999,LOW
2026-07-04 08:00:00+00:00,Zone_D,2.14,3.35,0.0,0.0,0.0,0.4,424.53295774647887,-5867.7300000000005,-49.0,0.0,0.0,LOW
2026-07-04 09:00:00+00:00,Zone_D,2.05,0.07,2.0,0.0,0.0,0.4,418.66513888888886,-5868.05,-51.0,0.0,-0.0900000000000003,LOW
2026-07-04 10:00:00+00:00,Zone_D,1.88,0.88,2.0,0.0,0.0,0.4,418.6627777777778,-5867.96,-51.0,0.0,-0.1699999999999999,LOW
2026-07-04 11:00:00+00:00,Zone_D,1.9,1.49,2.0,0.0,0.0,0.4,418.65875,-5868.330000000001,-50.0,0.0,0.02,LOW
2026-07-04 15:00:00+00:00,Zone_D,1.79,2.37,2.0,0.0,0.0,0.4,424.5035211267606,-5871.950000000001,-49.0,0.0,0.01,LOW
2026-07-04 16:00:00+00:00,Zone_D,1.83,0.0,0.0,0.0,0.0,0.4,424.4933802816901,-5872.55,-55.0,0.0,0.04,LOW
2026-07-04 17:00:00+00:00,Zone_D,1.75,0.04,2.0,0.0,0.0,0.4,424.4812676056338,-5873.09,-54.0,0.0,-0.08,LOW
2026-07-04 18:00:00+00:00,Zone_D,1.81,1.37,2.0,0.0,0.0,0.4,430.5028571428572,-5873.240000000001,-54.0,0.0,0.06,LOW
2026-07-04 19:00:00+00:00,Zone_D,1.7,3.15,1.0,0.0,0.0,0.4,436.69565217391306,-5873.01,-54.0,0.0,-0.1100000000000001,LOW
2026-07-04 20:00:00+00:00,Zone_D,2.05,7.54,7.0,0.0,0.0,0.4,436.6885507246377,-5865.47,3.0,0.0,0.3499999999999998,LOW
2026-07-04 21:00:00+00:00,Zone_D,1.91,0.09,2.0,1.0,0.0,0.4,436.68057971014497,-4866.38,-3.0,1.0,-0.1399999999999999,LOW
2026-07-05 00:00:00+00:00,Zone_D,1.94,2.38,1.0,0.0,0.0,0.4,573.263142857143,-3867.000000000001,-6.0,0.0,-4998.06,LOW
2026-07-05 03:00:00+00:00,Zone_D,2.2,0.0,4.0,0.0,0.0,0.4,573.2647142857143,-3868.5900000000006,51.0,0.0,0.2700000000000002,LOW
2026-07-05 04:00:00+00:00,Zone_D,2.4,1.7,0.0,0.0,0.0,0.4,573.2732857142857,-3867.87,49.0,0.0,0.1999999999999997,LOW
2026-07-05 05:00:00+00:00,Zone_D,2.41,2.16,9.0,1.0,0.0,0.4,573.2801428571429,-3867.69,56.0,1.0,0.0100000000000002,LOW
2026-07-05 06:00:00+00:00,Zone_D,2.46,2.83,1.0,0.0,0.0,0.4,565.2404225352112,-3865.12,56.0,0.0,0.0499999999999998,LOW
2026-07-05 07:00:00+00:00,Zone_D,2.29,0.29,0.0,1.0,0.0,0.4,565.2484507042253,-3871.68,0.0,1.0,-0.1699999999999999,LOW
2026-07-05 08:00:00+00:00,Zone_D,2.37,3.5,3.0,0.0,0.0,0.4,565.2519718309859,-3869.18,3.0,0.0,0.08,LOW
2026-07-05 09:00:00+00:00,Zone_D,2.24,0.13,2.0,0.0,0.0,0.4,430.5018571428571,-3876.35,3.0,0.0,-0.1299999999999999,LOW
2026-07-05 10:00:00+00:00,Zone_D,2.44,7.37,2.0,1.0,0.0,0.4,424.4705633802817,-3868.85,5.0,1.0,0.1999999999999997,LOW
2026-07-05 11:00:00+00:00,Zone_D,2.31,0.43,2.0,0.0,0.0,0.4,424.47,-3868.49,5.0,0.0,-0.1299999999999999,LOW
2026-07-05 12:00:00+00:00,Zone_D,2.26,0.91,1.0,0.0,0.0,0.4,418.6059722222222,-3867.65,4.0,0.0,-0.0500000000000002,LOW
2026-07-05 13:00:00+00:00,Zone_D,2.19,0.0,0.0,1.0,0.0,0.4,418.6025,-3871.92,3.0,1.0,-0.0699999999999998,LOW
2026-07-05 14:00:00+00:00,Zone_D,2.05,0.9,0.0,0.0,0.0,0.4,412.896301369863,-3872.3,0.0,0.0,-0.1400000000000001,LOW
2026-07-05 16:00:00+00:00,Zone_D,1.97,2.67,6.0,0.0,0.0,0.4,488.0047222222222,-2871.1600000000003,10.0,0.0,-4998.03,LOW
2026-07-05 17:00:00+00:00,Zone_D,1.73,0.2,0.0,0.0,0.0,0.4,487.9951388888889,-2872.88,-42.0,0.0,-0.24,LOW
2026-07-05 18:00:00+00:00,Zone_D,1.53,2.23,2.0,0.0,0.0,0.4,481.3312328767123,-2871.73,-42.0,0.0,-0.1999999999999999,LOW
2026-07-05 19:00:00+00:00,Zone_D,1.78,2.55,1.0,0.0,0.0,0.4,481.3242465753424,-2869.5600000000004,-42.0,0.0,0.25,LOW
2026-07-05 20:00:00+00:00,Zone_D,1.69,0.0,0.0,0.0,0.0,0.4,487.9752777777778,-2869.5600000000004,-49.0,0.0,-0.09,LOW
2026-07-05 21:00:00+00:00,Zone_D,1.7,0.8,3.0,0.0,0.0,0.4,487.9716666666666,-2868.76,-48.0,0.0,0.01,LOW
2026-07-06 00:00:00+00:00,Zone_D,2.24,3.1,0.0,0.0,0.0,0.4,494.82816901408455,-2872.0500000000006,-97.0,0.0,0.2100000000000004,LOW
2026-07-06 02:00:00+00:00,Zone_D,2.2,0.0,2.0,0.0,0.0,0.4,418.5726388888889,-1873.2000000000005,-97.0,0.0,-0.0299999999999998,LOW
2026-07-06 03:00:00+00:00,Zone_D,2.39,3.7,0.0,0.0,0.0,0.4,424.45380281690143,-1869.58,-101.0,0.0,0.1899999999999999,LOW
2026-07-06 08:00:00+00:00,Zone_D,2.42,2.98,2.0,1.0,0.0,0.4,430.53114285714287,-1866.27,-62.0,1.0,-4997.58,LOW
2026-07-06 09:00:00+00:00,Zone_D,2.37,2.12,3.0,1.0,0.0,0.4,430.5377142857144,-1868.12,-63.0,1.0,-0.0499999999999998,LOW
2026-07-06 10:00:00+00:00,Zone_D,2.44,0.48,0.0,0.0,0.0,0.4,430.5471428571428,-1867.9700000000005,-65.0,0.0,0.0699999999999998,LOW
2026-07-06 12:00:00+00:00,Zone_D,2.18,2.01,2.0,0.0,0.0,0.4,430.5584285714286,-867.7000000000002,-65.0,0.0,0.0100000000000002,LOW
2026-07-06 13:00:00+00:00,Zone_D,2.43,6.33,2.0,1.0,0.0,0.4,424.52845070422535,-861.3700000000002,-63.0,1.0,0.25,LOW
2026-07-06 17:00:00+00:00,Zone_D,2.43,3.44,3.0,1.0,0.0,0.4,501.9888571428572,-1860.36,-20.0,1.0,-4997.57,LOW
2026-07-06 18:00:00+00:00,Zone_D,2.39,1.0,2.0,1.0,0.0,0.4,501.99257142857147,-1865.18,-20.0,1.0,-0.04,LOW
2026-07-06 19:00:00+00:00,Zone_D,2.46,0.59,0.0,0.0,0.0,0.4,430.5991428571429,-1876.23,-21.0,0.0,0.0699999999999998,LOW
2026-07-06 21:00:00+00:00,Zone_D,2.32,1.74,1.0,1.0,0.0,0.4,436.79434782608695,-1873.6700000000003,-23.0,1.0,-0.1300000000000003,LOW
2026-07-07 00:00:00+00:00,Zone_D,2.53,0.12,3.0,0.0,0.0,0.8,443.1763235294117,-1870.36,30.0,0.0,-0.06,LOW
2026-07-07 04:00:00+00:00,Zone_D,2.47,0.81,0.0,0.0,0.0,0.4,449.73985074626864,-1877.32,-20.0,0.0,0.2000000000000001,LOW
2026-07-07 06:00:00+00:00,Zone_D,2.4,2.86,2.0,0.0,0.0,0.4,524.3325373134328,-876.4900000000001,-18.0,0.0,-4997.6,LOW
2026-07-07 07:00:00+00:00,Zone_D,2.3,1.78,3.0,0.0,0.0,0.4,524.3349253731344,-875.1900000000002,-15.0,0.0,-0.1,LOW
2026-07-07 09:00:00+00:00,Zone_D,2.22,0.0,2.0,0.0,0.0,0.4,598.9323880597015,-1877.61,-16.0,0.0,-4997.78,LOW
2026-07-07 10:00:00+00:00,Zone_D,2.18,1.39,3.0,0.0,0.0,0.4,590.1616176470588,-2876.1000000000004,-11.0,0.0,-0.04,LOW
2026-07-07 11:00:00+00:00,Zone_D,2.17,0.0,0.0,0.0,0.0,0.4,590.1655882352941,-2877.59,-12.0,0.0,-0.0100000000000002,LOW
2026-07-07 14:00:00+00:00,Zone_D,2.25,3.21,0.0,2.0,0.0,0.4,581.6507246376812,-2875.15,-14.0,2.0,0.08,LOW
2026-07-07 15:00:00+00:00,Zone_D,2.34,0.33,2.0,2.0,0.0,0.4,581.6586956521738,-2877.19,-14.0,2.0,0.0899999999999998,LOW
2026-07-07 18:00:00+00:00,Zone_D,3.17,7.44,3.0,1.0,0.0,0.8,590.2207352941176,-2864.38,-10.0,1.0,0.3900000000000001,MODERATE
2026-07-07 19:00:00+00:00,Zone_D,3.31,3.32,3.0,2.0,0.0,0.8,590.2444117647059,-2864.21,-7.0,2.0,0.1400000000000001,MODERATE
2026-07-07 20:00:00+00:00,Zone_D,3.13,0.28,1.0,1.0,0.0,0.8,590.260294117647,-2871.4700000000003,-6.0,1.0,-0.1800000000000001,MODERATE
2026-07-07 21:00:00+00:00,Zone_D,2.99,4.02,0.0,2.0,0.0,0.8,590.2761764705882,-2867.54,-7.0,2.0,-0.1399999999999996,LOW
2026-07-07 22:00:00+00:00,Zone_D,2.84,0.0,0.0,0.0,1.0,0.8,516.7885294117648,-3867.33,-11.0,1.0,-0.1500000000000003,LOW
2026-07-07 23:00:00+00:00,Zone_D,2.72,3.23,2.0,0.0,0.0,0.8,443.2991176470589,-3866.53,-9.0,0.0,-0.1199999999999996,LOW
2026-07-08 01:00:00+00:00,Zone_D,2.52,3.16,1.0,0.0,0.0,0.8,369.8157352941176,-3866.29,-7.0,0.0,-0.0299999999999998,LOW
2026-07-08 02:00:00+00:00,Zone_D,2.63,3.38,2.0,0.0,0.0,0.8,369.8260294117647,-3864.42,-9.0,0.0,0.1099999999999998,LOW
2026-07-08 03:00:00+00:00,Zone_D,2.66,1.7,1.0,0.0,0.0,0.8,364.5110144927536,-3859.34,44.0,0.0,0.0300000000000002,LOW
2026-07-08 04:00:00+00:00,Zone_D,2.45,1.45,4.0,0.0,0.0,0.4,364.5117391304348,-3859.59,48.0,0.0,-0.2099999999999999,LOW
2026-07-08 05:00:00+00:00,Zone_D,2.46,2.35,2.0,0.0,0.0,0.4,364.512463768116,-3859.4,49.0,0.0,0.0099999999999997,LOW
2026-07-08 06:00:00+00:00,Zone_D,2.4,1.13,3.0,1.0,0.0,0.4,369.8358823529412,-3863.93,50.0,1.0,-0.06,LOW
2026-07-08 07:00:00+00:00,Zone_D,2.52,1.67,0.0,0.0,0.0,0.8,369.83926470588233,-3862.55,-3.0,0.0,0.1200000000000001,LOW
2026-07-08 08:00:00+00:00,Zone_D,2.43,0.72,3.0,0.0,0.0,0.4,369.8401470588236,-3865.33,-2.0,0.0,-0.0899999999999998,LOW
2026-07-08 09:00:00+00:00,Zone_D,2.62,5.66,2.0,0.0,0.0,0.8,369.84852941176473,-3859.210000000001,-1.0,0.0,0.1899999999999999,LOW
2026-07-08 10:00:00+00:00,Zone_D,2.56,2.33,4.0,0.0,0.0,0.8,369.8502941176471,-3864.25,0.0,0.0,-0.06,LOW
2026-07-08 11:00:00+00:00,Zone_D,2.29,0.28,5.0,0.0,0.0,0.4,369.85,-3864.4,5.0,0.0,-0.27,LOW
2026-07-08 12:00:00+00:00,Zone_D,2.81,12.85,1.0,1.0,0.0,0.8,369.8580882352941,-3852.460000000001,4.0,1.0,0.52,LOW
2026-07-08 13:00:00+00:00,Zone_D,2.73,3.24,2.0,1.0,0.0,0.8,369.8660294117647,-3849.22,6.0,1.0,-0.08,LOW
2026-07-08 14:00:00+00:00,Zone_D,2.35,0.69,3.0,0.0,0.0,0.4,369.8704411764706,-3849.43,9.0,0.0,-0.3799999999999999,LOW
2026-07-08 15:00:00+00:00,Zone_D,2.33,3.45,0.0,0.0,0.0,0.4,296.37529411764706,-3846.13,7.0,0.0,-0.02,LOW
2026-07-08 16:00:00+00:00,Zone_D,2.56,0.0,5.0,0.0,0.0,0.8,296.38397058823523,-4847.8,9.0,0.0,0.2299999999999999,LOW
2026-07-08 17:00:00+00:00,Zone_D,2.43,0.08,1.0,1.0,0.0,0.4,296.39426470588234,-4847.92,7.0,1.0,-0.1299999999999999,LOW
2026-07-08 18:00:00+00:00,Zone_D,2.46,0.93,5.0,0.0,0.0,0.4,296.4079411764706,-4849.22,9.0,0.0,0.0299999999999998,LOW
2026-07-08 19:00:00+00:00,Zone_D,2.48,0.42,0.0,1.0,0.0,0.4,296.41823529411766,-4851.35,6.0,1.0,0.02,LOW
2026-07-08 20:00:00+00:00,Zone_D,2.43,0.0,1.0,0.0,0.0,0.4,296.42911764705883,-4851.35,6.0,0.0,-0.0499999999999998,LOW
2026-07-08 22:00:00+00:00,Zone_D,2.6,1.98,0.0,1.0,0.0,0.8,364.6098550724637,-4847.82,-43.0,1.0,-4997.4,LOW
2026-07-08 23:00:00+00:00,Zone_D,2.5,0.18,0.0,0.0,0.0,0.4,359.445,-4847.59,-95.0,0.0,-0.1,LOW
2026-07-09 00:00:00+00:00,Zone_D,2.36,0.27,3.0,0.0,0.0,0.4,359.4467142857143,-4850.420000000001,-96.0,0.0,-0.1400000000000001,LOW
2026-07-09 03:00:00+00:00,Zone_D,2.13,0.66,3.0,0.0,0.0,0.4,364.61913043478256,-4848.26,-98.0,0.0,-0.0100000000000002,LOW
2026-07-09 04:00:00+00:00,Zone_D,2.23,0.0,0.0,2.0,0.0,0.4,364.615652173913,-4852.83,-102.0,2.0,0.1,LOW
2026-07-09 05:00:00+00:00,Zone_D,2.04,0.44,3.0,0.0,0.0,0.4,359.436,-4853.85,-101.0,0.0,-0.1899999999999999,LOW
2026-07-09 06:00:00+00:00,Zone_D,2.0,1.17,4.0,0.0,0.0,0.4,359.4312857142857,-4853.31,-100.0,0.0,-0.04,LOW
2026-07-09 08:00:00+00:00,Zone_D,1.66,0.44,0.0,0.0,0.0,0.4,359.4204285714286,-4856.820000000001,-54.0,0.0,-4998.34,LOW
2026-07-09 09:00:00+00:00,Zone_D,1.59,0.11,1.0,0.0,0.0,0.4,359.40928571428566,-4858.83,-55.0,0.0,-0.0699999999999998,LOW
2026-07-09 10:00:00+00:00,Zone_D,1.78,5.43,3.0,0.0,0.0,0.4,359.3998571428572,-4853.88,-56.0,0.0,0.1899999999999999,LOW
2026-07-09 11:00:00+00:00,Zone_D,1.69,0.0,0.0,1.0,0.0,0.4,359.39300000000003,-4854.09,-61.0,1.0,-0.09,LOW
2026-07-09 12:00:00+00:00,Zone_D,1.66,2.73,1.0,0.0,0.0,0.4,359.38557142857144,-4853.37,-61.0,0.0,-0.03,LOW
2026-07-09 13:00:00+00:00,Zone_D,1.63,0.0,0.0,0.0,0.0,0.4,359.3741428571429,-4859.7,-63.0,0.0,-0.03,LOW
2026-07-09 14:00:00+00:00,Zone_D,1.57,1.51,2.0,0.0,0.0,0.4,354.334647887324,-3859.19,-64.0,0.0,-0.0599999999999998,LOW
2026-07-09 16:00:00+00:00,Zone_D,1.91,3.17,2.0,0.0,0.0,0.4,283.92816901408446,-3860.83,-62.0,0.0,0.1899999999999999,LOW
2026-07-09 18:00:00+00:00,Zone_D,2.41,2.99,2.0,0.0,0.0,0.4,354.3167605633803,-3856.74,-62.0,0.0,-4997.59,LOW
2026-07-09 21:00:00+00:00,Zone_D,2.15,0.96,1.0,0.0,0.0,0.4,424.7015492957746,-3860.77,-58.0,0.0,-4997.85,LOW
2026-07-09 22:00:00+00:00,Zone_D,2.17,2.46,2.0,0.0,0.0,0.4,418.8330555555556,-3859.92,44.0,0.0,0.02,LOW
2026-07-09 23:00:00+00:00,Zone_D,2.48,0.0,1.0,1.0,0.0,0.4,413.1238356164384,-3861.51,47.0,1.0,0.31,LOW
2026-07-10 00:00:00+00:00,Zone_D,2.56,2.26,1.0,0.0,0.0,0.8,413.1242465753425,-3859.37,45.0,0.0,0.08,LOW
2026-07-10 01:00:00+00:00,Zone_D,2.28,0.01,4.0,0.0,0.0,0.4,402.17213333333336,-3857.99,50.0,0.0,-0.2800000000000002,LOW
2026-07-10 02:00:00+00:00,Zone_D,2.32,1.19,3.0,0.0,0.0,0.4,402.1729333333333,-3856.8,52.0,0.0,0.04,LOW
2026-07-10 03:00:00+00:00,Zone_D,2.18,1.77,1.0,0.0,0.0,0.4,402.17173333333335,-3855.31,50.0,0.0,-0.1399999999999996,LOW
2026-07-10 04:00:00+00:00,Zone_D,2.05,0.17,2.0,0.0,0.0,0.4,396.90315789473686,-3854.18,53.0,0.0,-0.1300000000000003,LOW
2026-07-10 05:00:00+00:00,Zone_D,2.07,0.95,4.0,0.0,0.0,0.4,331.1409210526316,-3853.48,54.0,0.0,0.02,LOW
2026-07-10 08:00:00+00:00,Zone_D,1.86,0.09,0.0,0.0,0.0,0.4,331.1309210526316,-3856.59,50.0,0.0,-4998.14,LOW
2026-07-10 09:00:00+00:00,Zone_D,1.9,1.11,3.0,0.0,0.0,0.4,335.5121333333334,-1857.48,52.0,0.0,0.0399999999999998,LOW
2026-07-10 10:00:00+00:00,Zone_D,1.76,1.15,1.0,0.0,0.0,0.4,335.5065333333334,-1857.7200000000005,50.0,0.0,-0.1399999999999999,LOW
2026-07-10 11:00:00+00:00,Zone_D,1.76,1.42,0.0,0.0,0.0,0.4,331.1097368421053,-1855.15,51.0,0.0,0.0,LOW
2026-07-10 12:00:00+00:00,Zone_D,1.65,1.14,4.0,0.0,0.0,0.4,326.831038961039,-1857.6300000000003,54.0,0.0,-0.1100000000000001,LOW
2026-07-10 13:00:00+00:00,Zone_D,1.81,0.0,3.0,0.0,0.0,0.4,326.8263636363636,-2856.75,57.0,0.0,0.1600000000000001,LOW
2026-07-10 14:00:00+00:00,Zone_D,1.92,0.0,3.0,0.0,0.0,0.4,326.82207792207794,-2859.96,58.0,0.0,0.1099999999999998,LOW
2026-07-10 15:00:00+00:00,Zone_D,2.24,3.41,3.0,0.0,0.0,0.4,326.82077922077923,-2856.88,56.0,0.0,0.3200000000000003,LOW
2026-07-10 16:00:00+00:00,Zone_D,2.07,0.9,4.0,0.0,0.0,0.4,322.6573076923077,-2858.32,58.0,0.0,-0.1700000000000003,LOW
2026-07-10 17:00:00+00:00,Zone_D,2.0,0.0,2.0,0.0,0.0,0.4,322.64730769230766,-2862.76,56.0,0.0,-0.0699999999999998,LOW
2026-07-10 18:00:00+00:00,Zone_D,2.07,0.38,3.0,0.0,0.0,0.4,322.63320512820513,-2869.82,57.0,0.0,0.0699999999999998,LOW
2026-07-10 19:00:00+00:00,Zone_D,2.1,0.42,4.0,1.0,0.0,0.4,322.6176923076923,-2872.7200000000003,59.0,1.0,0.0300000000000002,LOW
2026-07-10 20:00:00+00:00,Zone_D,2.24,2.85,2.0,0.0,0.0,0.4,318.5492405063292,-2869.73,62.0,0.0,0.1400000000000001,LOW
2026-07-10 21:00:00+00:00,Zone_D,2.13,2.87,0.0,0.0,0.0,0.4,318.5383544303798,-2870.88,61.0,0.0,-0.1100000000000003,LOW
2026-07-11 00:00:00+00:00,Zone_D,2.11,4.51,0.0,0.0,0.0,0.4,322.5692307692308,-1865.96,59.0,0.0,0.2399999999999997,LOW
2026-07-11 01:00:00+00:00,Zone_D,2.0,3.64,0.0,0.0,0.0,0.4,322.5625641025641,-1865.48,55.0,0.0,-0.1099999999999998,LOW
2026-07-11 02:00:00+00:00,Zone_D,1.84,0.0,1.0,0.0,0.0,0.4,326.7072727272728,-1872.24,53.0,0.0,-0.1599999999999999,LOW
2026-07-11 03:00:00+00:00,Zone_D,1.75,0.04,3.0,0.0,0.0,0.4,326.6954545454546,-1873.9000000000003,54.0,0.0,-0.09,LOW
2026-07-11 04:00:00+00:00,Zone_D,1.86,3.85,1.0,0.0,0.0,0.4,326.6877922077922,-1871.5,53.0,0.0,0.1100000000000001,LOW
2026-07-11 05:00:00+00:00,Zone_D,2.08,3.72,0.0,0.0,0.0,0.4,326.6828571428572,-1870.13,49.0,0.0,0.2199999999999999,LOW
2026-07-11 06:00:00+00:00,Zone_D,2.54,9.71,3.0,2.0,0.0,0.8,326.68467532467537,-1861.55,51.0,2.0,0.4599999999999999,LOW
2026-07-11 07:00:00+00:00,Zone_D,2.42,1.32,1.0,0.0,0.0,0.4,326.6833766233766,-1861.9,51.0,0.0,-0.1200000000000001,LOW
2026-07-11 08:00:00+00:00,Zone_D,2.26,0.61,3.0,0.0,0.0,0.4,330.94763157894744,-1862.73,54.0,0.0,-0.1600000000000001,LOW
2026-07-11 09:00:00+00:00,Zone_D,2.22,1.21,1.0,0.0,0.0,0.4,330.9423684210526,-1867.18,52.0,0.0,-0.0399999999999995,LOW
2026-07-11 10:00:00+00:00,Zone_D,2.2,3.33,3.0,1.0,0.0,0.4,330.9376315789474,-1866.1800000000003,53.0,1.0,-0.02,LOW
2026-07-11 13:00:00+00:00,Zone_D,2.11,0.52,3.0,0.0,0.0,0.4,335.3029333333333,-1879.62,59.0,0.0,-0.0700000000000002,LOW
2026-07-11 16:00:00+00:00,Zone_D,2.67,10.79,2.0,1.0,0.0,0.8,407.33986486486486,-866.2800000000001,51.0,1.0,-4997.33,LOW
2026-07-11 19:00:00+00:00,Zone_D,2.42,0.73,2.0,0.0,0.0,0.4,412.8843835616439,-1865.51,44.0,0.0,0.06,LOW
2026-07-11 20:00:00+00:00,Zone_D,2.23,0.0,1.0,0.0,0.0,0.4,412.8816438356165,-2864.51,43.0,0.0,-0.1899999999999999,LOW
2026-07-11 21:00:00+00:00,Zone_D,2.42,0.0,4.0,0.0,0.0,0.4,344.4216438356164,-2866.86,47.0,0.0,0.1899999999999999,LOW
2026-07-12 00:00:00+00:00,Zone_D,2.12,1.24,2.0,1.0,0.0,0.4,354.04126760563383,-2869.1200000000003,48.0,1.0,0.0300000000000002,LOW
2026-07-12 01:00:00+00:00,Zone_D,2.15,2.16,1.0,0.0,0.0,0.4,349.1538888888889,-2872.24,49.0,0.0,0.0299999999999998,LOW
2026-07-12 02:00:00+00:00,Zone_D,2.16,0.0,3.0,1.0,0.0,0.4,349.15416666666664,-3871.400000000001,51.0,1.0,0.0100000000000002,LOW
2026-07-12 03:00:00+00:00,Zone_D,2.1,0.19,2.0,1.0,0.0,0.4,349.15375000000006,-3871.87,50.0,1.0,-0.06,LOW
2026-07-12 04:00:00+00:00,Zone_D,2.06,1.03,2.0,0.0,0.0,0.4,349.1513888888889,-3870.84,51.0,0.0,-0.04,LOW
2026-07-12 05:00:00+00:00,Zone_D,1.89,0.0,3.0,0.0,0.0,0.4,349.14930555555554,-3871.28,54.0,0.0,-0.1700000000000001,LOW
2026-07-12 07:00:00+00:00,Zone_D,1.9,0.84,1.0,0.0,0.0,0.4,279.7301388888889,-4870.72,51.0,0.0,-0.02,LOW
2026-07-12 08:00:00+00:00,Zone_D,1.98,3.77,1.0,0.0,0.0,0.4,279.7345833333334,-4867.39,49.0,0.0,0.08,LOW
2026-07-12 09:00:00+00:00,Zone_D,2.11,5.73,5.0,0.0,0.0,0.4,279.74180555555563,-4861.77,53.0,0.0,0.1299999999999999,LOW
2026-07-12 10:00:00+00:00,Zone_D,3.0,14.94,3.0,1.0,1.0,0.8,279.75875,-4852.26,53.0,2.0,0.8900000000000001,MODERATE
2026-07-12 11:00:00+00:00,Zone_D,2.94,0.0,1.0,0.0,2.0,0.8,279.7761111111111,-4852.26,49.0,2.0,-0.06,LOW
2026-07-12 12:00:00+00:00,Zone_D,2.85,1.92,2.0,1.0,0.0,0.8,279.79263888888886,-4853.07,46.0,1.0,-0.0899999999999998,LOW
2026-07-12 14:00:00+00:00,Zone_D,2.84,0.0,1.0,3.0,0.0,0.8,279.82750000000004,-4854.58,47.0,3.0,-0.0300000000000002,LOW
2026-07-12 15:00:00+00:00,Zone_D,2.83,1.23,2.0,1.0,0.0,0.8,279.8429166666667,-4853.5,49.0,1.0,-0.0099999999999997,LOW
2026-07-12 16:00:00+00:00,Zone_D,2.79,0.47,1.0,0.0,0.0,0.8,279.8551388888889,-4856.2,48.0,0.0,-0.04,LOW
2026-07-12 18:00:00+00:00,Zone_D,2.85,3.47,0.0,1.0,1.0,0.8,210.45472222222224,-4857.41,-5.0,2.0,0.1200000000000001,LOW
2026-07-12 19:00:00+00:00,Zone_D,2.52,0.65,0.0,0.0,0.0,0.8,207.61246575342463,-4854.240000000001,-57.0,0.0,-0.33,LOW
2026-07-12 20:00:00+00:00,Zone_D,2.3,1.59,2.0,1.0,0.0,0.4,137.30445945945945,-4852.28,-56.0,1.0,-0.2200000000000002,LOW
2026-07-12 21:00:00+00:00,Zone_D,2.35,1.28,1.0,0.0,0.0,0.4,137.30716216216214,-4851.96,-59.0,0.0,0.0500000000000002,LOW
2026-07-12 22:00:00+00:00,Zone_D,2.36,3.18,2.0,1.0,1.0,0.4,139.16095890410958,-4853.7,-59.0,2.0,0.0099999999999997,LOW
2026-07-13 01:00:00+00:00,Zone_D,2.45,0.0,0.0,1.0,0.0,0.4,143.01098591549297,-4853.14,-114.0,1.0,-0.0099999999999997,LOW
2026-07-13 02:00:00+00:00,Zone_D,2.22,0.86,0.0,0.0,0.0,0.4,143.00957746478875,-4853.47,-117.0,0.0,-0.2299999999999999,LOW
2026-07-13 03:00:00+00:00,Zone_D,2.22,1.11,1.0,0.0,0.0,0.4,145.02200000000002,-4855.900000000001,-118.0,0.0,0.0,LOW
2026-07-13 04:00:00+00:00,Zone_D,2.22,2.53,1.0,0.0,0.0,0.4,145.0244285714286,-4853.54,-119.0,0.0,0.0,LOW
2026-07-13 05:00:00+00:00,Zone_D,2.08,0.14,0.0,0.0,0.0,0.4,143.01323943661973,-4851.820000000001,-121.0,0.0,-0.1400000000000001,LOW
2026-07-13 06:00:00+00:00,Zone_D,2.01,1.76,2.0,0.0,0.0,0.4,143.01225352112678,-4851.35,-119.0,0.0,-0.0700000000000002,LOW
2026-07-13 09:00:00+00:00,Zone_D,2.36,0.37,0.0,0.0,0.0,0.4,73.64,-4848.45,-169.0,0.0,0.0299999999999998,LOW
2026-07-13 11:00:00+00:00,Zone_D,2.5,1.27,2.0,0.0,0.0,0.4,73.66842857142858,-4850.14,-216.0,0.0,0.0899999999999998,LOW
2026-07-13 12:00:00+00:00,Zone_D,2.48,3.22,1.0,0.0,0.0,0.4,73.68028571428573,-4848.06,-217.0,0.0,-0.02,LOW
2026-07-13 13:00:00+00:00,Zone_D,2.41,0.0,2.0,0.0,0.0,0.4,72.68591549295776,-3845.84,-217.0,0.0,-0.0699999999999998,LOW
2026-07-13 17:00:00+00:00,Zone_D,2.09,1.42,1.0,0.0,0.0,0.4,74.73507246376813,-4846.66,-215.0,0.0,-0.0700000000000002,LOW
2026-07-13 18:00:00+00:00,Zone_D,2.09,1.2,1.0,0.0,0.0,0.4,74.73536231884057,-4845.84,-114.0,0.0,0.0,LOW
2026-07-13 22:00:00+00:00,Zone_D,2.03,0.0,0.0,0.0,0.0,0.4,149.2975,-5849.51,-117.0,0.0,0.0,LOW
2026-07-14 01:00:00+00:00,Zone_D,2.46,0.0,1.0,0.0,0.0,0.4,151.50447761194027,-5853.33,-59.0,0.0,0.3700000000000001,LOW
2026-07-14 02:00:00+00:00,Zone_D,2.56,3.05,3.0,1.0,0.0,0.8,151.515223880597,-5850.28,-56.0,1.0,0.1,LOW
2026-07-14 04:00:00+00:00,Zone_D,2.38,0.72,3.0,0.0,0.0,0.4,226.1237313432836,-5852.91,-56.0,0.0,-4997.62,LOW
2026-07-14 05:00:00+00:00,Zone_D,2.27,1.26,3.0,1.0,0.0,0.4,226.12656716417916,-5855.37,-53.0,1.0,-0.1099999999999998,LOW
2026-07-14 06:00:00+00:00,Zone_D,2.29,3.54,1.0,0.0,0.0,0.4,226.12283582089552,-5861.54,-54.0,0.0,0.02,LOW
2026-07-14 07:00:00+00:00,Zone_D,2.16,0.39,0.0,0.0,0.0,0.4,226.1189552238806,-5862.47,-59.0,0.0,-0.1299999999999999,LOW
2026-07-14 08:00:00+00:00,Zone_D,2.24,0.27,1.0,1.0,0.0,0.4,226.1186567164179,-5862.81,-60.0,1.0,0.08,LOW
2026-07-14 09:00:00+00:00,Zone_D,2.11,0.01,4.0,0.0,0.0,0.4,226.11701492537316,-5864.009999999999,44.0,0.0,-0.1300000000000003,LOW
2026-07-14 10:00:00+00:00,Zone_D,2.03,0.17,3.0,0.0,0.0,0.4,226.1144776119403,-5867.17,42.0,0.0,-0.08,LOW
2026-07-14 15:00:00+00:00,Zone_D,1.96,2.73,0.0,0.0,0.0,0.4,149.31191176470588,-5869.750000000001,37.0,0.0,-0.04,LOW
2026-07-14 16:00:00+00:00,Zone_D,2.02,2.19,3.0,0.0,0.0,0.4,149.30235294117648,-5878.35,40.0,0.0,0.06,LOW
2026-07-14 17:00:00+00:00,Zone_D,2.16,0.0,2.0,0.0,0.0,0.4,147.16985507246378,-4879.35,41.0,0.0,0.1400000000000001,LOW
2026-07-14 18:00:00+00:00,Zone_D,2.07,1.55,1.0,1.0,0.0,0.4,147.16565217391306,-4878.27,41.0,1.0,-0.0900000000000003,LOW
2026-07-14 22:00:00+00:00,Zone_D,1.93,3.3,0.0,0.0,0.0,0.4,149.28250000000003,-3872.87,43.0,0.0,0.01,LOW
2026-07-15 00:00:00+00:00,Zone_D,1.92,0.0,0.0,0.0,0.0,0.4,147.14072463768116,-4870.6,36.0,0.0,0.0599999999999998,LOW
2026-07-15 02:00:00+00:00,Zone_D,1.86,1.08,0.0,0.0,1.0,0.4,219.5689855072464,-3871.73,35.0,1.0,-4998.14,LOW
2026-07-15 03:00:00+00:00,Zone_D,1.83,0.0,1.0,0.0,0.0,0.4,219.5650724637681,-3871.92,36.0,0.0,-0.03,LOW
2026-07-15 05:00:00+00:00,Zone_D,1.84,0.02,1.0,0.0,0.0,0.4,291.99826086956523,-3871.14,33.0,0.0,-4998.16,LOW
2026-07-15 06:00:00+00:00,Zone_D,1.89,0.0,4.0,0.0,0.0,0.4,291.9978260869565,-2872.14,36.0,0.0,0.0499999999999998,LOW
2026-07-15 07:00:00+00:00,Zone_D,1.76,0.6,1.0,0.0,0.0,0.4,291.9957971014493,-2872.38,37.0,0.0,-0.1299999999999999,LOW
2026-07-15 08:00:00+00:00,Zone_D,1.7,0.11,0.0,0.0,0.0,0.4,291.9917391304348,-2876.04,36.0,0.0,-0.06,LOW
2026-07-15 09:00:00+00:00,Zone_D,1.63,1.35,0.0,0.0,0.0,0.4,291.98478260869564,-2880.42,-18.0,0.0,-0.07,LOW
2026-07-15 10:00:00+00:00,Zone_D,1.6,0.76,2.0,0.0,0.0,0.4,291.9644927536232,-2894.6000000000004,-19.0,0.0,-0.0299999999999998,LOW
2026-07-15 11:00:00+00:00,Zone_D,1.59,0.23,2.0,0.0,0.0,0.4,291.94492753623183,-2894.3700000000003,-19.0,0.0,-0.01,LOW
2026-07-15 14:00:00+00:00,Zone_D,1.95,3.14,2.0,0.0,0.0,0.4,296.1704411764706,-2891.61,-17.0,0.0,-0.05,LOW
2026-07-15 15:00:00+00:00,Zone_D,1.92,0.12,2.0,1.0,0.0,0.4,291.89318840579705,-2889.5800000000004,-13.0,1.0,-0.03,LOW
2026-07-15 16:00:00+00:00,Zone_D,1.86,0.0,1.0,0.0,0.0,0.4,291.8797101449275,-2890.05,-15.0,0.0,-0.0599999999999998,LOW
2026-07-15 17:00:00+00:00,Zone_D,2.09,2.12,1.0,0.0,0.0,0.4,291.87043478260864,-2891.78,-16.0,0.0,0.2299999999999997,LOW
2026-07-15 18:00:00+00:00,Zone_D,2.08,1.76,1.0,0.0,0.0,0.4,296.1094117647059,-2896.96,-16.0,0.0,-0.0099999999999997,LOW
2026-07-15 19:00:00+00:00,Zone_D,1.98,0.86,3.0,0.0,0.0,0.4,300.48328358208954,-2897.4,-15.0,0.0,-0.1,LOW
2026-07-15 20:00:00+00:00,Zone_D,2.14,0.0,2.0,0.0,0.0,0.4,300.4808955223881,-3897.99,-15.0,0.0,0.1600000000000001,LOW
2026-07-15 21:00:00+00:00,Zone_D,2.23,2.15,3.0,0.0,0.0,0.4,300.47910447761194,-3897.12,-12.0,0.0,0.0899999999999998,LOW
2026-07-15 22:00:00+00:00,Zone_D,2.39,4.34,1.0,1.0,0.0,0.4,300.4795522388059,-3895.96,-11.0,1.0,0.1600000000000001,LOW
2026-07-15 23:00:00+00:00,Zone_D,2.41,3.39,0.0,1.0,0.0,0.4,296.0961764705882,-3895.37,-11.0,1.0,0.02,LOW
2026-07-16 01:00:00+00:00,Zone_D,2.3,0.56,0.0,0.0,0.0,0.4,296.0930882352941,-3896.17,-13.0,0.0,-0.1,LOW
2026-07-16 02:00:00+00:00,Zone_D,2.04,0.33,2.0,0.0,0.0,0.4,296.0904411764706,-3896.7,-11.0,0.0,-0.2599999999999998,LOW
2026-07-16 03:00:00+00:00,Zone_D,2.0,0.77,1.0,0.0,0.0,0.4,296.0872058823529,-3897.04,-11.0,0.0,-0.04,LOW
2026-07-16 04:00:00+00:00,Zone_D,1.83,0.98,1.0,0.0,0.0,0.4,300.4674626865672,-3901.12,-12.0,0.0,-0.1699999999999999,LOW
2026-07-16 05:00:00+00:00,Zone_D,1.93,0.27,4.0,1.0,0.0,0.4,300.46522388059697,-3900.99,-9.0,1.0,0.0999999999999998,LOW
2026-07-16 07:00:00+00:00,Zone_D,1.82,2.19,3.0,0.0,0.0,0.4,369.5732352941176,-3899.66,-6.0,0.0,-4998.18,LOW
2026-07-16 08:00:00+00:00,Zone_D,1.96,1.73,3.0,0.0,0.0,0.4,364.23811594202897,-3898.94,0.0,0.0,0.1399999999999999,LOW
2026-07-16 09:00:00+00:00,Zone_D,2.07,0.63,0.0,0.0,0.0,0.4,369.5555882352941,-3899.05,50.0,0.0,0.1099999999999998,LOW
2026-07-16 10:00:00+00:00,Zone_D,2.08,0.9,2.0,0.0,0.0,0.4,364.2249275362319,-3897.91,50.0,0.0,0.0100000000000002,LOW
2026-07-16 11:00:00+00:00,Zone_D,1.94,1.35,1.0,0.0,0.0,0.4,364.2168115942029,-3897.83,49.0,0.0,-0.1400000000000001,LOW
2026-07-16 12:00:00+00:00,Zone_D,1.89,0.0,1.0,0.0,1.0,0.4,369.52779411764703,-3904.27,48.0,1.0,-0.05,LOW
2026-07-16 15:00:00+00:00,Zone_D,2.04,4.63,2.0,0.0,0.0,0.4,364.1949275362319,-3895.59,46.0,0.0,0.1100000000000001,LOW
2026-07-16 16:00:00+00:00,Zone_D,2.14,2.69,2.0,0.0,0.0,0.4,364.1946376811594,-2893.9000000000005,47.0,0.0,0.1,LOW
2026-07-16 17:00:00+00:00,Zone_D,2.51,6.45,6.0,0.0,0.0,0.8,364.2007246376812,-2888.87,52.0,0.0,0.3699999999999996,LOW
2026-07-16 19:00:00+00:00,Zone_D,2.57,0.62,1.0,0.0,0.0,0.8,364.20768115942025,-2893.61,52.0,0.0,-4997.43,LOW
2026-07-16 20:00:00+00:00,Zone_D,2.53,2.51,1.0,2.0,0.0,0.8,359.04085714285713,-2892.17,51.0,2.0,-0.04,LOW
2026-07-16 21:00:00+00:00,Zone_D,2.47,0.84,2.0,1.0,0.0,0.4,359.04714285714283,-2891.6200000000003,50.0,1.0,-0.0599999999999996,LOW
2026-07-16 22:00:00+00:00,Zone_D,2.24,1.38,0.0,2.0,0.0,0.4,359.0501428571429,-1891.24,49.0,2.0,-0.2299999999999999,LOW
2026-07-17 01:00:00+00:00,Zone_D,2.17,2.11,4.0,0.0,0.0,0.4,359.0458571428572,-1892.91,54.0,0.0,0.0899999999999998,LOW
2026-07-17 02:00:00+00:00,Zone_D,2.28,0.0,2.0,0.0,0.0,0.4,359.0418571428572,-1895.9600000000005,54.0,0.0,0.1099999999999998,LOW
2026-07-17 03:00:00+00:00,Zone_D,2.35,6.39,1.0,1.0,0.0,0.4,287.6468571428572,-1890.11,54.0,1.0,0.0700000000000002,LOW
2026-07-17 04:00:00+00:00,Zone_D,2.25,0.18,1.0,1.0,0.0,0.4,287.64500000000004,-1890.65,54.0,1.0,-0.1,LOW
2026-07-17 05:00:00+00:00,Zone_D,2.3,1.49,1.0,1.0,0.0,0.4,287.64542857142857,-1890.42,51.0,1.0,0.0499999999999998,LOW
2026-07-17 06:00:00+00:00,Zone_D,2.21,0.56,1.0,1.0,0.0,0.4,287.6442857142857,-1893.4,47.0,1.0,-0.0899999999999998,LOW
2026-07-17 07:00:00+00:00,Zone_D,2.31,0.47,1.0,0.0,0.0,0.4,287.64642857142854,-1893.32,42.0,0.0,0.1,LOW
2026-07-17 08:00:00+00:00,Zone_D,2.33,0.27,2.0,0.0,0.0,0.4,287.6477142857143,-1893.32,41.0,0.0,0.02,LOW
2026-07-17 09:00:00+00:00,Zone_D,2.49,2.07,0.0,0.0,0.0,0.4,287.6531428571429,-1891.26,41.0,0.0,0.1600000000000001,LOW
2026-07-17 10:00:00+00:00,Zone_D,2.45,2.31,0.0,2.0,0.0,0.4,287.6591428571429,-1889.12,39.0,2.0,-0.04,LOW
2026-07-17 11:00:00+00:00,Zone_D,2.46,1.74,2.0,0.0,0.0,0.4,283.6422535211268,-1887.42,40.0,0.0,0.0099999999999997,LOW
2026-07-17 12:00:00+00:00,Zone_D,2.55,4.01,1.0,0.0,0.0,0.8,279.7463888888889,-1881.92,42.0,0.0,0.0899999999999998,LOW
2026-07-17 16:00:00+00:00,Zone_D,2.05,1.76,0.0,0.0,0.0,0.4,601.8373333333334,-1885.23,42.0,0.0,0.0599999999999998,LOW
2026-07-17 19:00:00+00:00,Zone_D,2.16,6.31,1.0,0.0,0.0,0.4,651.1654545454545,-1880.81,37.0,0.0,0.2000000000000001,LOW
2026-07-17 20:00:00+00:00,Zone_D,2.07,0.04,4.0,1.0,0.0,0.4,642.8437179487179,-1881.63,40.0,1.0,-0.0900000000000003,LOW
2026-07-17 21:00:00+00:00,Zone_D,2.06,1.06,2.0,0.0,0.0,0.4,642.8455128205129,-1880.57,40.0,0.0,-0.0099999999999997,LOW
2026-07-17 22:00:00+00:00,Zone_D,2.11,1.27,1.0,0.0,0.0,0.4,642.8494871794873,-1884.84,43.0,0.0,0.0499999999999998,LOW
2026-07-17 23:00:00+00:00,Zone_D,2.24,2.27,1.0,0.0,0.0,0.4,642.854358974359,-1882.6900000000005,44.0,0.0,0.1300000000000003,LOW
2026-07-18 00:00:00+00:00,Zone_D,2.33,4.88,1.0,2.0,0.0,0.4,642.8596153846154,-878.8100000000001,43.0,2.0,0.0899999999999998,LOW
2026-07-18 01:00:00+00:00,Zone_D,2.29,1.13,4.0,0.0,0.0,0.4,578.7864102564102,-878.6300000000001,43.0,0.0,-0.04,LOW
2026-07-18 02:00:00+00:00,Zone_D,2.32,0.63,3.0,0.0,0.0,0.4,578.7923076923078,-879.08,44.0,0.0,0.0299999999999998,LOW
2026-07-18 07:00:00+00:00,Zone_D,2.74,0.0,0.0,0.0,0.0,0.8,528.2382894736842,-870.3000000000001,47.0,0.0,0.1800000000000001,LOW
2026-07-18 08:00:00+00:00,Zone_D,2.81,2.59,2.0,1.0,0.0,0.8,528.2528947368421,-867.82,47.0,1.0,0.0699999999999998,LOW
2026-07-18 09:00:00+00:00,Zone_D,2.71,1.01,1.0,0.0,1.0,0.8,528.267105263158,-868.1600000000001,48.0,1.0,-0.1,LOW
2026-07-18 13:00:00+00:00,Zone_D,2.28,1.98,4.0,0.0,0.0,0.4,528.2922368421052,-866.73,47.0,0.0,0.02,LOW
2026-07-18 14:00:00+00:00,Zone_D,2.2,0.32,2.0,0.0,0.0,0.4,535.3134666666667,-872.69,48.0,0.0,-0.0799999999999996,LOW
2026-07-18 15:00:00+00:00,Zone_D,2.24,4.48,1.0,0.0,0.0,0.4,535.3177333333333,-868.3300000000002,49.0,0.0,0.04,LOW
2026-07-18 16:00:00+00:00,Zone_D,2.14,4.21,1.0,0.0,0.0,0.4,535.3214666666667,-864.1200000000001,50.0,0.0,-0.1,LOW
2026-07-18 17:00:00+00:00,Zone_D,2.25,0.2,0.0,1.0,0.0,0.4,528.3080263157896,-861.8300000000002,48.0,1.0,0.1099999999999998,LOW
2026-07-18 18:00:00+00:00,Zone_D,2.25,1.28,1.0,0.0,0.0,0.4,528.3102631578947,-862.3100000000001,48.0,0.0,0.0,LOW
2026-07-18 19:00:00+00:00,Zone_D,2.08,0.03,1.0,0.0,0.0,0.4,528.3115789473684,-863.1400000000001,48.0,0.0,-0.1699999999999999,LOW
2026-07-18 22:00:00+00:00,Zone_D,2.02,3.23,2.0,0.0,0.0,0.4,535.3193333333334,135.07999999999987,44.0,0.0,0.0100000000000002,MODERATE
2026-07-18 23:00:00+00:00,Zone_D,2.03,1.05,1.0,0.0,0.0,0.4,535.3142666666666,132.7399999999999,44.0,0.0,0.0099999999999997,MODERATE
2026-07-19 02:00:00+00:00,Zone_D,2.28,0.0,0.0,1.0,0.0,0.4,542.5178378378379,136.7799999999999,44.0,1.0,0.0699999999999998,MODERATE
2026-07-19 03:00:00+00:00,Zone_D,2.18,0.32,3.0,2.0,0.0,0.4,542.5202702702703,136.3299999999999,45.0,2.0,-0.0999999999999996,MODERATE
2026-07-19 05:00:00+00:00,Zone_D,2.09,1.3,1.0,0.0,0.0,0.4,610.0652702702702,137.2699999999999,47.0,0.0,-4997.91,MODERATE
2026-07-19 06:00:00+00:00,Zone_D,2.18,1.49,2.0,0.0,0.0,0.4,542.5271621621621,137.17999999999986,45.0,0.0,0.0900000000000003,MODERATE
2026-07-19 07:00:00+00:00,Zone_D,2.17,0.0,1.0,0.0,0.0,0.4,549.9389041095891,-866.2000000000002,46.0,0.0,-0.0100000000000002,LOW
2026-07-19 10:00:00+00:00,Zone_D,2.22,1.24,2.0,0.0,0.0,0.4,565.3792957746479,-866.5400000000002,51.0,0.0,-0.1299999999999999,LOW
2026-07-19 11:00:00+00:00,Zone_D,2.23,1.16,1.0,1.0,0.0,0.4,565.3833802816902,-866.7300000000001,50.0,1.0,0.0099999999999997,LOW
2026-07-19 12:00:00+00:00,Zone_D,2.19,1.12,2.0,0.0,0.0,0.4,565.3876056338029,-865.6100000000001,46.0,0.0,-0.04,LOW
2026-07-19 13:00:00+00:00,Zone_D,2.37,4.87,0.0,1.0,0.0,0.4,557.5679166666667,-862.5400000000001,-8.0,1.0,0.1800000000000001,LOW
2026-07-19 14:00:00+00:00,Zone_D,2.38,0.97,6.0,0.0,0.0,0.4,557.5741666666668,-864.8900000000002,-4.0,0.0,0.0099999999999997,LOW
2026-07-19 15:00:00+00:00,Zone_D,2.41,0.11,1.0,1.0,0.0,0.4,557.5793055555555,-869.4100000000002,-4.0,1.0,0.0300000000000002,LOW
2026-07-19 16:00:00+00:00,Zone_D,2.22,0.01,2.0,0.0,0.0,0.4,557.5804166666667,-872.0900000000001,-4.0,0.0,-0.1899999999999999,LOW
2026-07-19 17:00:00+00:00,Zone_D,2.27,0.07,1.0,1.0,0.0,0.4,557.5770833333333,-878.4700000000001,-3.0,1.0,0.0499999999999998,LOW
2026-07-19 18:00:00+00:00,Zone_D,2.3,3.35,1.0,0.0,0.0,0.4,488.1645833333333,-875.3900000000001,-3.0,0.0,0.0299999999999998,LOW
2026-07-19 19:00:00+00:00,Zone_D,2.04,0.5,1.0,0.0,0.0,0.4,488.15722222222223,-875.5100000000001,-3.0,0.0,-0.2599999999999998,LOW
2026-07-19 20:00:00+00:00,Zone_D,1.93,1.01,4.0,0.0,0.0,0.4,488.1488888888889,-877.0100000000001,-1.0,0.0,-0.1100000000000001,LOW
2026-07-19 21:00:00+00:00,Zone_D,1.82,0.97,2.0,0.0,0.0,0.4,488.1398611111111,-876.8800000000001,0.0,0.0,-0.1099999999999998,LOW
2026-07-20 00:00:00+00:00,Zone_D,2.01,1.9,2.0,1.0,0.0,0.4,549.9394520547945,-875.2700000000002,0.0,1.0,-4997.99,LOW
2026-07-20 01:00:00+00:00,Zone_D,2.02,0.0,0.0,0.0,0.0,0.4,549.937397260274,-877.3800000000001,-5.0,0.0,0.0100000000000002,LOW
2026-07-20 03:00:00+00:00,Zone_D,2.08,5.15,2.0,0.0,0.0,0.4,618.3956164383561,-877.7500000000002,-6.0,0.0,-4997.92,LOW
2026-07-20 04:00:00+00:00,Zone_D,2.21,2.24,3.0,0.0,0.0,0.4,618.3950684931507,-875.6900000000002,-6.0,0.0,0.1299999999999999,LOW
2026-07-20 05:00:00+00:00,Zone_D,2.41,5.09,1.0,0.0,0.0,0.4,618.3965753424658,-872.0900000000001,-6.0,0.0,0.2000000000000001,LOW
2026-07-20 06:00:00+00:00,Zone_D,2.31,1.06,2.0,0.0,0.0,0.4,618.3979452054793,-871.5900000000001,-6.0,0.0,-0.1,LOW
2026-07-20 08:00:00+00:00,Zone_D,2.26,0.0,1.0,0.0,0.0,0.4,618.3961643835617,-1869.36,-7.0,0.0,0.0099999999999997,LOW
2026-07-20 09:00:00+00:00,Zone_D,2.36,4.45,1.0,0.0,0.0,0.4,618.3943835616438,-1866.98,-10.0,0.0,0.1,LOW
2026-07-20 10:00:00+00:00,Zone_D,2.29,1.22,2.0,0.0,0.0,0.4,618.392191780822,-1868.07,-10.0,0.0,-0.0699999999999998,LOW
2026-07-20 12:00:00+00:00,Zone_D,2.17,0.01,2.0,0.0,0.0,0.4,696.3518055555555,-1875.4200000000003,-10.0,0.0,-4997.83,LOW
2026-07-20 13:00:00+00:00,Zone_D,2.07,1.6,3.0,0.0,0.0,0.4,436.8028985507247,-1876.18,43.0,0.0,-0.1,LOW
2026-07-20 14:00:00+00:00,Zone_D,2.15,1.17,6.0,0.0,1.0,0.4,364.3702898550724,-1876.9100000000003,43.0,1.0,0.08,LOW
2026-07-20 15:00:00+00:00,Zone_D,2.28,4.55,2.0,0.0,0.0,0.4,364.3744927536232,-1872.97,44.0,0.0,0.1299999999999999,LOW
2026-07-20 16:00:00+00:00,Zone_D,2.24,1.15,1.0,0.0,0.0,0.4,369.7055882352941,-1875.34,43.0,0.0,-0.0399999999999995,LOW
2026-07-20 18:00:00+00:00,Zone_D,2.04,0.36,2.0,0.0,0.0,0.4,369.7067647058824,-1875.5,45.0,0.0,-4997.96,LOW
2026-07-20 21:00:00+00:00,Zone_D,2.36,2.16,3.0,1.0,0.0,0.4,380.8578787878788,-1868.06,44.0,1.0,-0.1899999999999999,LOW
2026-07-21 01:00:00+00:00,Zone_D,2.27,0.97,2.0,0.0,0.0,0.4,463.5744615384615,-1875.62,-4.0,0.0,-4997.73,LOW
2026-07-21 04:00:00+00:00,Zone_D,2.39,0.0,2.0,0.0,0.0,0.4,463.57784615384617,-1871.48,-4.0,0.0,-0.0899999999999998,LOW
2026-07-21 06:00:00+00:00,Zone_D,2.28,0.84,1.0,0.0,0.0,0.4,532.3072727272728,-1879.4600000000005,-6.0,0.0,-4997.72,LOW
2026-07-21 07:00:00+00:00,Zone_D,2.29,2.17,4.0,1.0,0.0,0.4,532.3004545454545,-1877.29,-3.0,1.0,0.0100000000000002,LOW
2026-07-21 08:00:00+00:00,Zone_D,2.3,1.91,2.0,0.0,0.0,0.4,532.2927272727272,-1877.97,-2.0,0.0,0.0099999999999997,LOW
2026-07-21 09:00:00+00:00,Zone_D,2.33,1.3,3.0,0.0,0.0,0.4,532.2869696969698,-1877.68,0.0,0.0,0.0300000000000002,LOW
2026-07-21 10:00:00+00:00,Zone_D,2.24,0.0,1.0,0.0,0.0,0.4,532.2821212121213,-1877.68,-1.0,0.0,-0.0899999999999998,LOW
2026-07-21 11:00:00+00:00,Zone_D,2.13,0.62,3.0,1.0,0.0,0.4,524.3694029850747,-1878.3500000000004,1.0,1.0,-0.1100000000000003,LOW
2026-07-21 13:00:00+00:00,Zone_D,2.43,3.47,4.0,0.0,0.0,0.4,598.9647761194029,-1874.99,2.0,0.0,-4997.57,LOW
2026-07-21 14:00:00+00:00,Zone_D,2.42,1.08,3.0,0.0,0.0,0.4,590.1954411764706,-1870.76,3.0,0.0,-0.0100000000000002,LOW
2026-07-21 16:00:00+00:00,Zone_D,2.46,3.24,1.0,0.0,0.0,0.4,581.6850724637682,-1879.08,10.0,0.0,0.1499999999999999,LOW
2026-07-21 17:00:00+00:00,Zone_D,2.47,2.25,0.0,0.0,0.0,0.4,581.6882608695652,-1877.03,-42.0,0.0,0.0100000000000002,LOW
2026-07-21 18:00:00+00:00,Zone_D,2.39,3.73,0.0,0.0,0.0,0.4,581.6902898550725,-1874.58,-44.0,0.0,-0.08,LOW
2026-07-21 19:00:00+00:00,Zone_D,2.74,7.1,3.0,1.0,0.0,0.8,581.6998550724638,-1867.51,-42.0,1.0,0.3500000000000001,LOW
2026-07-21 20:00:00+00:00,Zone_D,2.61,0.29,1.0,0.0,0.0,0.8,573.4271428571428,-1868.25,-45.0,0.0,-0.1300000000000003,LOW
2026-07-21 21:00:00+00:00,Zone_D,2.58,0.35,3.0,0.0,0.0,0.8,573.4352857142857,-1869.35,-45.0,0.0,-0.0299999999999998,LOW
2026-07-21 22:00:00+00:00,Zone_D,2.48,0.02,0.0,0.0,0.0,0.4,573.4418571428572,-1872.56,-47.0,0.0,-0.1,LOW
2026-07-21 23:00:00+00:00,Zone_D,2.39,1.04,2.0,1.0,0.0,0.4,573.447,-1872.57,5.0,1.0,-0.0899999999999998,LOW
2026-07-22 00:00:00+00:00,Zone_D,2.35,1.59,3.0,1.0,0.0,0.4,565.4033802816901,-1874.48,6.0,1.0,-0.04,LOW
2026-07-22 02:00:00+00:00,Zone_D,2.45,5.88,3.0,1.0,0.0,0.4,565.4085915492957,-1870.53,8.0,1.0,0.04,LOW
2026-07-22 04:00:00+00:00,Zone_D,2.41,6.0,1.0,0.0,0.0,0.4,495.022676056338,-1863.1000000000004,7.0,0.0,0.04,LOW
2026-07-22 05:00:00+00:00,Zone_D,2.54,0.98,3.0,1.0,1.0,0.8,495.029014084507,-1863.4200000000003,10.0,2.0,0.1299999999999999,LOW
2026-07-22 06:00:00+00:00,Zone_D,2.72,5.05,1.0,0.0,0.0,0.8,495.03661971830985,-1859.86,10.0,0.0,0.1800000000000001,LOW
2026-07-22 07:00:00+00:00,Zone_D,2.64,2.9,3.0,1.0,0.0,0.8,495.0432394366197,-857.9600000000002,9.0,1.0,-0.08,LOW
2026-07-22 08:00:00+00:00,Zone_D,3.05,10.95,1.0,2.0,1.0,0.8,488.21,-847.0100000000001,8.0,3.0,0.4099999999999997,MODERATE
2026-07-22 10:00:00+00:00,Zone_D,2.97,2.87,1.0,1.0,0.0,0.8,550.0352054794521,-836.7400000000001,6.0,1.0,-4997.03,LOW
2026-07-22 11:00:00+00:00,Zone_D,2.73,0.33,1.0,1.0,0.0,0.8,550.0420547945206,-837.5700000000002,4.0,1.0,-0.2400000000000002,LOW
2026-07-22 12:00:00+00:00,Zone_D,2.5,0.0,5.0,0.0,0.0,0.4,550.046301369863,-838.6900000000002,7.0,0.0,-0.2299999999999999,LOW
2026-07-22 13:00:00+00:00,Zone_D,2.49,0.61,2.0,1.0,0.0,0.4,550.0479452054794,-842.9500000000002,1.0,1.0,-0.0099999999999997,LOW
2026-07-22 14:00:00+00:00,Zone_D,2.56,0.1,3.0,0.0,0.0,0.8,550.0504109589041,-843.82,-2.0,0.0,0.0699999999999998,LOW
2026-07-22 15:00:00+00:00,Zone_D,2.71,2.86,0.0,0.0,0.0,0.8,542.655945945946,-840.9700000000001,-5.0,0.0,0.1499999999999999,LOW
2026-07-22 16:00:00+00:00,Zone_D,2.53,0.23,2.0,0.0,0.0,0.8,542.6601351351351,-840.7500000000001,-4.0,0.0,-0.1800000000000001,LOW
2026-07-22 17:00:00+00:00,Zone_D,2.46,3.33,2.0,0.0,0.0,0.4,542.6627027027027,-837.4900000000001,48.0,0.0,-0.0699999999999998,LOW
2026-07-22 18:00:00+00:00,Zone_D,2.43,1.48,1.0,1.0,1.0,0.4,542.6644594594594,-839.3600000000001,49.0,2.0,-0.0299999999999998,LOW
2026-07-22 19:00:00+00:00,Zone_D,2.39,0.0,1.0,0.0,0.0,0.4,542.6691891891892,-839.8600000000001,47.0,0.0,-0.04,LOW
2026-07-22 20:00:00+00:00,Zone_D,2.35,0.0,2.0,0.0,0.0,0.4,542.6748648648648,-840.8700000000001,48.0,0.0,-0.04,LOW
2026-07-22 21:00:00+00:00,Zone_D,2.48,0.0,1.0,0.0,0.0,0.4,542.6909459459459,-842.8100000000001,48.0,0.0,0.1299999999999999,LOW
2026-07-22 22:00:00+00:00,Zone_D,2.49,0.0,2.0,2.0,0.0,0.4,535.4882666666666,-842.95,50.0,2.0,0.0100000000000002,LOW
