zone_id,timestamp,river_level,rainfall
Zone_A,2026-06-01T00:00:00,,6.02
Zone_A,2026-06-01T01:00:00,2.08,0.69
Zone_A,2026-06-01T02:00:00,2.04,-999.0
Zone_A,2026-06-01T03:00:00,1.98,0.09
Zone_A,2026-06-01T04:00:00,1.98,2.61
Zone_A,2026-06-01T05:00:00,1.92,
Zone_A,2026-06-01T06:00:00,2.19,3.26
Zone_A,2026-06-01T07:00:00,2.26,2.43
Zone_A,2026-06-01T08:00:00,2.69,8.49
Zone_A,2026-06-01T09:00:00,2.49,0.51
Zone_A,2026-06-01T10:00:00,2.26,0.2
Zone_A,2026-06-01T11:00:00,2.42,2.11
Zone_A,2026-06-01T12:00:00,5000.0,1.4
ZONE_A,2026-06-01T13:00:00,2.61,0.76
Zone_A,2026-06-01T14:00:00,2.71,4.04
Zone_A,2026-06-01T15:00:00,2.85,3.46
Zone_A,2026-06-01T16:00:00,2.67,
ZONE_A,2026-06-01T17:00:00,5000.0,1.09
ZONE_A,2026-06-01T18:00:00,2.55,0.94
ZONE_A,2026-06-01T19:00:00,,
Zone_A,2026-06-01T20:00:00,2.67,0.66
Zone_A,2026-06-01T21:00:00,2.5,0.19
ZONE_A,2026-06-01T22:00:00,,0.25
Zone_A,2026-06-01T23:00:00,2.36,
ZONE_A,2026-06-02T00:00:00,,0.94
Zone_A,2026-06-02T01:00:00,2.51,
Zone_A,2026-06-02T02:00:00,2.51,0.74
ZONE_A,2026-06-02T03:00:00,2.86,7.01
Zone_A,2026-06-02T04:00:00,2.77,0.24
Zone_A,2026-06-02T05:00:00,2.89,0.86
Zone_A,2026-06-02T06:00:00,2.82,0.55
zone_a,2026-06-02T07:00:00,2.67,-999.0
Zone_A,2026-06-02T08:00:00,2.77,
Zone_A,2026-06-02T09:00:00,2.67,0.79
zone_a,2026-06-02T10:00:00,2.52,0.54
Zone_A,2026-06-02T11:00:00,2.46,1.63
Zone_A,2026-06-02T12:00:00,2.48,0.29
Zone_A,2026-06-02T13:00:00,2.49,3.17
Zone_A,2026-06-02T14:00:00,2.5,1.57
Zone_A,2026-06-02T15:00:00,2.65,3.44
Zone_A,2026-06-02T16:00:00,2.58,-999.0
Zone_A,2026-06-02T17:00:00,3.16,8.38
Zone_A,2026-06-02T18:00:00,3.01,0.85
Zone_A,2026-06-02T19:00:00,,11.54
Zone_A,2026-06-02T20:00:00,3.59,1.16
zone_a,2026-06-02T21:00:00,3.19,0.22
Zone_A,2026-06-02T22:00:00,2.96,1.09
Zone_A,2026-06-02T23:00:00,2.84,2.01
Zone_A,2026-06-03T00:00:00,2.74,0.02
Zone_A,2026-06-03T01:00:00,2.84,2.54
Zone_A,2026-06-03T02:00:00,2.72,0.16
Zone_A,2026-06-03T03:00:00,2.94,3.29
Zone_A,2026-06-03T04:00:00,5000.0,5.16
ZONE_A,2026-06-03T05:00:00,5000.0,1.97
zone_a,2026-06-03T06:00:00,3.04,2.68
zone_a,2026-06-03T06:00:00,3.04,2.68
Zone_A,2026-06-03T07:00:00,2.96,1.9
Zone_A,2026-06-03T08:00:00,3.31,10.56
Zone_A,2026-06-03T09:00:00,3.1,
Zone_A,2026-06-03T10:00:00,3.06,0.85
Zone_A,2026-06-03T11:00:00,,3.41
Zone_A,2026-06-03T12:00:00,,5.38
Zone_A,2026-06-03T13:00:00,3.2,0.78
Zone_A,2026-06-03T14:00:00,3.12,0.33
Zone_A,2026-06-03T15:00:00,3.16,4.06
Zone_A,2026-06-03T16:00:00,,
zone_a,2026-06-03T17:00:00,2.85,
Zone_A,2026-06-03T18:00:00,2.77,-999.0
Zone_A,2026-06-03T19:00:00,2.57,0.12
Zone_A,2026-06-03T20:00:00,2.61,0.6
Zone_A,2026-06-03T21:00:00,2.59,2.0
Zone_A,2026-06-03T22:00:00,2.92,6.97
Zone_A,2026-06-03T23:00:00,2.66,0.07
Zone_A,2026-06-04T00:00:00,5000.0,0.76
Zone_A,2026-06-04T01:00:00,2.45,0.2
Zone_A,2026-06-04T02:00:00,2.49,-999.0
Zone_A,2026-06-04T03:00:00,2.33,0.01
Zone_A,2026-06-04T04:00:00,2.28,1.46
Zone_A,2026-06-04T05:00:00,2.25,0.87
Zone_A,2026-06-04T06:00:00,2.4,-999.0
Zone_A,2026-06-04T07:00:00,,3.46
Zone_A,2026-06-04T08:00:00,2.43,0.99
ZONE_A,2026-06-04T09:00:00,,0.78
Zone_A,2026-06-04T10:00:00,2.59,
Zone_A,2026-06-04T11:00:00,2.68,0.33
Zone_A,2026-06-04T12:00:00,2.66,5.53
Zone_A,2026-06-04T13:00:00,2.65,1.03
Zone_A,2026-06-04T14:00:00,2.61,1.59
Zone_A,2026-06-04T15:00:00,2.97,8.23
zone_a,2026-06-04T16:00:00,2.94,-999.0
Zone_A,2026-06-04T17:00:00,2.89,0.23
Zone_A,2026-06-04T18:00:00,2.88,
Zone_A,2026-06-04T19:00:00,,
Zone_A,2026-06-04T20:00:00,2.69,0.04
Zone_A,2026-06-04T21:00:00,2.61,2.14
Zone_A,2026-06-04T22:00:00,2.51,0.58
Zone_A,2026-06-04T23:00:00,2.65,1.56
ZONE_A,2026-06-05T00:00:00,2.74,0.46
Zone_A,2026-06-05T01:00:00,3.22,11.22
Zone_A,2026-06-05T02:00:00,3.33,1.73
Zone_A,2026-06-05T03:00:00,3.39,
Zone_A,2026-06-05T04:00:00,4.33,23.38
ZONE_A,2026-06-05T05:00:00,4.95,16.36
Zone_A,2026-06-05T06:00:00,,15.57
Zone_A,2026-06-05T07:00:00,6.59,34.34
ZONE_A,2026-06-05T08:00:00,7.69,28.49
Zone_A,2026-06-05T09:00:00,,-999.0
Zone_A,2026-06-05T10:00:00,10.38,35.38
Zone_A,2026-06-05T11:00:00,11.14,30.21
Zone_A,2026-06-05T12:00:00,11.44,22.57
ZONE_A,2026-06-05T13:00:00,12.9,49.16
Zone_A,2026-06-05T14:00:00,13.86,40.64
Zone_A,2026-06-05T15:00:00,13.28,10.72
Zone_A,2026-06-05T16:00:00,,44.09
Zone_A,2026-06-05T17:00:00,14.65,27.22
Zone_A,2026-06-05T18:00:00,13.91,-999.0
zone_a,2026-06-05T19:00:00,14.19,32.88
ZONE_A,2026-06-05T20:00:00,14.27,26.44
Zone_A,2026-06-05T21:00:00,,
Zone_A,2026-06-05T22:00:00,15.06,
Zone_A,2026-06-05T23:00:00,14.91,24.85
Zone_A,2026-06-06T00:00:00,,49.52
Zone_A,2026-06-06T01:00:00,16.43,34.12
Zone_A,2026-06-06T02:00:00,15.99,20.81
Zone_A,2026-06-06T03:00:00,15.36,15.23
Zone_A,2026-06-06T04:00:00,15.35,26.3
Zone_A,2026-06-06T05:00:00,14.8,15.38
Zone_A,2026-06-06T05:00:00,14.8,15.38
Zone_A,2026-06-06T06:00:00,,13.54
Zone_A,2026-06-06T07:00:00,13.91,21.81
Zone_A,2026-06-06T08:00:00,14.62,37.3
Zone_A,2026-06-06T09:00:00,15.4,
Zone_A,2026-06-06T10:00:00,14.57,10.17
Zone_A,2026-06-06T11:00:00,15.39,44.01
Zone_A,2026-06-06T12:00:00,,12.32
Zone_A,2026-06-06T12:00:00,,12.32
ZONE_A,2026-06-06T13:00:00,14.35,22.47
zone_a,2026-06-06T14:00:00,15.53,48.97
Zone_A,2026-06-06T15:00:00,14.81,13.02
Zone_A,2026-06-06T16:00:00,14.03,12.49
Zone_A,2026-06-06T17:00:00,15.08,41.73
Zone_A,2026-06-06T18:00:00,16.12,49.09
Zone_A,2026-06-06T19:00:00,16.17,29.24
Zone_A,2026-06-06T20:00:00,,-999.0
ZONE_A,2026-06-06T21:00:00,15.43,0.46
Zone_A,2026-06-06T22:00:00,14.12,
Zone_A,2026-06-06T23:00:00,12.66,0.93
Zone_A,2026-06-07T00:00:00,11.63,2.51
ZONE_A,2026-06-07T01:00:00,10.72,1.37
Zone_A,2026-06-07T02:00:00,9.85,0.4
zone_a,2026-06-07T03:00:00,9.2,0.87
zone_a,2026-06-07T04:00:00,8.45,1.08
zone_a,2026-06-07T05:00:00,7.82,0.68
Zone_A,2026-06-07T06:00:00,7.3,0.75
ZONE_A,2026-06-07T07:00:00,5000.0,0.42
Zone_A,2026-06-07T08:00:00,6.15,
Zone_A,2026-06-07T09:00:00,5.79,0.93
Zone_A,2026-06-07T10:00:00,5.34,0.72
Zone_A,2026-06-07T11:00:00,5.03,1.45
Zone_A,2026-06-07T12:00:00,5.03,2.76
zone_a,2026-06-07T13:00:00,4.58,0.22
Zone_A,2026-06-07T14:00:00,4.36,1.06
Zone_A,2026-06-07T15:00:00,5000.0,1.65
Zone_A,2026-06-07T16:00:00,4.15,
Zone_A,2026-06-07T17:00:00,3.94,
Zone_A,2026-06-07T18:00:00,3.99,2.91
Zone_A,2026-06-07T19:00:00,3.89,2.0
Zone_A,2026-06-07T20:00:00,3.91,3.18
Zone_A,2026-06-07T21:00:00,5000.0,-999.0
Zone_A,2026-06-07T22:00:00,,
ZONE_A,2026-06-07T23:00:00,3.3,
Zone_A,2026-06-08T00:00:00,3.37,5.27
Zone_A,2026-06-08T01:00:00,3.37,2.39
Zone_A,2026-06-08T02:00:00,3.01,1.54
Zone_A,2026-06-08T03:00:00,2.86,0.47
Zone_A,2026-06-08T04:00:00,3.13,7.41
Zone_A,2026-06-08T05:00:00,3.05,0.79
zone_a,2026-06-08T06:00:00,2.93,0.3
Zone_A,2026-06-08T07:00:00,3.14,1.54
Zone_A,2026-06-08T08:00:00,3.19,0.39
Zone_A,2026-06-08T09:00:00,3.21,0.31
Zone_A,2026-06-08T10:00:00,,1.97
ZONE_A,2026-06-08T11:00:00,3.06,1.82
Zone_A,2026-06-08T12:00:00,2.93,-999.0
Zone_A,2026-06-08T13:00:00,2.75,
Zone_A,2026-06-08T14:00:00,5000.0,5.88
Zone_A,2026-06-08T15:00:00,,0.93
Zone_A,2026-06-08T16:00:00,2.7,0.11
Zone_A,2026-06-08T17:00:00,2.79,0.71
Zone_A,2026-06-08T18:00:00,2.7,-999.0
Zone_A,2026-06-08T19:00:00,2.61,1.9
Zone_A,2026-06-08T20:00:00,2.6,3.47
Zone_A,2026-06-08T21:00:00,2.55,5.58
Zone_A,2026-06-08T22:00:00,2.35,0.34
Zone_A,2026-06-08T23:00:00,2.32,1.55
ZONE_A,2026-06-09T00:00:00,2.39,0.85
Zone_A,2026-06-09T01:00:00,2.38,0.37
Zone_A,2026-06-09T01:00:00,2.38,0.37
Zone_A,2026-06-09T02:00:00,5000.0,
ZONE_A,2026-06-09T03:00:00,2.42,3.57
Zone_A,2026-06-09T04:00:00,2.48,0.35
Zone_A,2026-06-09T05:00:00,2.65,4.52
Zone_A,2026-06-09T06:00:00,2.98,7.57
Zone_A,2026-06-09T07:00:00,3.17,4.41
Zone_A,2026-06-09T08:00:00,2.93,1.71
ZONE_A,2026-06-09T09:00:00,,-999.0
Zone_A,2026-06-09T10:00:00,2.68,0.14
ZONE_A,2026-06-09T11:00:00,2.62,2.61
Zone_A,2026-06-09T12:00:00,2.63,0.03
Zone_A,2026-06-09T13:00:00,3.08,10.84
Zone_A,2026-06-09T14:00:00,2.94,
zone_a,2026-06-09T15:00:00,2.94,1.76
ZONE_A,2026-06-09T16:00:00,,0.42
Zone_A,2026-06-09T17:00:00,2.97,
Zone_A,2026-06-09T18:00:00,3.01,3.36
Zone_A,2026-06-09T19:00:00,3.0,1.72
Zone_A,2026-06-09T20:00:00,3.1,0.17
Zone_A,2026-06-09T21:00:00,3.07,-999.0
Zone_A,2026-06-09T22:00:00,3.12,3.44
Zone_A,2026-06-09T23:00:00,3.11,0.51
zone_a,2026-06-10T00:00:00,5000.0,0.15
Zone_A,2026-06-10T01:00:00,3.18,0.26
zone_a,2026-06-10T02:00:00,3.07,0.82
Zone_A,2026-06-10T03:00:00,3.15,3.55
Zone_A,2026-06-10T04:00:00,3.59,11.33
Zone_A,2026-06-10T05:00:00,5000.0,1.61
Zone_A,2026-06-10T06:00:00,3.09,-999.0
Zone_A,2026-06-10T07:00:00,2.99,1.12
Zone_A,2026-06-10T08:00:00,,1.02
Zone_A,2026-06-10T09:00:00,3.08,1.39
Zone_A,2026-06-10T10:00:00,2.93,1.4
Zone_A,2026-06-10T11:00:00,2.78,3.31
Zone_A,2026-06-10T12:00:00,2.82,0.8
Zone_A,2026-06-10T13:00:00,2.85,1.59
Zone_A,2026-06-10T14:00:00,3.04,4.35
zone_a,2026-06-10T15:00:00,3.11,1.41
zone_a,2026-06-10T16:00:00,3.12,1.44
Zone_A,2026-06-10T17:00:00,2.92,2.57
zone_a,2026-06-10T18:00:00,2.88,3.24
Zone_A,2026-06-10T19:00:00,5000.0,0.54
Zone_A,2026-06-10T20:00:00,2.5,0.8
Zone_A,2026-06-10T21:00:00,2.39,-999.0
Zone_A,2026-06-10T22:00:00,2.45,1.4
Zone_A,2026-06-10T23:00:00,2.84,7.95
Zone_A,2026-06-11T00:00:00,2.66,0.28
Zone_A,2026-06-11T01:00:00,,1.88
Zone_A,2026-06-11T02:00:00,2.57,1.58
Zone_A,2026-06-11T03:00:00,2.61,0.84
Zone_A,2026-06-11T04:00:00,2.54,1.01
Zone_A,2026-06-11T05:00:00,2.45,1.29
ZONE_A,2026-06-11T06:00:00,2.64,2.6
Zone_A,2026-06-11T07:00:00,2.61,0.18
Zone_A,2026-06-11T08:00:00,2.64,2.54
Zone_A,2026-06-11T09:00:00,2.72,2.2
ZONE_A,2026-06-11T10:00:00,2.79,
zone_a,2026-06-11T11:00:00,2.76,3.63
Zone_A,2026-06-11T12:00:00,2.62,0.61
ZONE_A,2026-06-11T13:00:00,2.57,1.22
Zone_A,2026-06-11T14:00:00,2.58,1.85
Zone_A,2026-06-11T15:00:00,,1.29
Zone_A,2026-06-11T16:00:00,2.62,4.33
Zone_A,2026-06-11T17:00:00,2.48,0.98
zone_a,2026-06-11T18:00:00,2.4,0.52
Zone_A,2026-06-11T19:00:00,2.39,
Zone_A,2026-06-11T20:00:00,2.49,1.6
Zone_A,2026-06-11T21:00:00,2.65,5.62
Zone_A,2026-06-11T22:00:00,5000.0,
Zone_A,2026-06-11T23:00:00,2.61,0.65
zone_a,2026-06-12T00:00:00,2.62,-999.0
Zone_A,2026-06-12T01:00:00,2.38,1.04
zone_a,2026-06-12T02:00:00,2.49,1.72
Zone_A,2026-06-12T03:00:00,2.41,1.22
Zone_A,2026-06-12T04:00:00,2.16,0.76
ZONE_A,2026-06-12T05:00:00,2.09,0.06
Zone_A,2026-06-12T06:00:00,2.03,
Zone_A,2026-06-12T07:00:00,2.09,0.73
Zone_A,2026-06-12T08:00:00,2.07,2.0
ZONE_A,2026-06-12T09:00:00,2.13,2.07
Zone_A,2026-06-12T10:00:00,2.09,0.31
Zone_A,2026-06-12T11:00:00,2.33,3.6
ZONE_A,2026-06-12T12:00:00,2.55,3.45
Zone_A,2026-06-12T13:00:00,2.63,0.89
Zone_A,2026-06-12T14:00:00,2.58,2.22
zone_a,2026-06-12T15:00:00,2.57,0.42
Zone_A,2026-06-12T16:00:00,2.4,0.46
Zone_A,2026-06-12T17:00:00,2.29,0.07
Zone_A,2026-06-12T18:00:00,2.23,1.8
Zone_A,2026-06-12T19:00:00,2.38,2.26
Zone_A,2026-06-12T20:00:00,5000.0,2.13
Zone_A,2026-06-12T21:00:00,2.69,3.03
Zone_A,2026-06-12T22:00:00,2.7,2.54
Zone_A,2026-06-12T23:00:00,2.66,2.17
Zone_A,2026-06-13T00:00:00,,
Zone_A,2026-06-13T01:00:00,2.6,1.29
zone_a,2026-06-13T02:00:00,,0.35
Zone_A,2026-06-13T03:00:00,2.52,0.54
Zone_A,2026-06-13T04:00:00,2.55,1.2
Zone_A,2026-06-13T05:00:00,2.88,5.22
Zone_A,2026-06-13T06:00:00,2.94,4.46
zone_a,2026-06-13T07:00:00,2.92,3.49
ZONE_A,2026-06-13T08:00:00,3.07,4.77
Zone_A,2026-06-13T09:00:00,2.98,0.03
Zone_A,2026-06-13T10:00:00,3.01,1.97
Zone_A,2026-06-13T11:00:00,2.93,2.55
Zone_A,2026-06-13T12:00:00,2.93,1.41
zone_a,2026-06-13T13:00:00,3.09,5.96
ZONE_A,2026-06-13T14:00:00,3.06,2.47
Zone_A,2026-06-13T15:00:00,3.16,5.76
Zone_A,2026-06-13T16:00:00,,0.67
ZONE_A,2026-06-13T17:00:00,,1.73
Zone_A,2026-06-13T18:00:00,3.33,
Zone_A,2026-06-13T19:00:00,3.12,0.29
Zone_A,2026-06-13T20:00:00,2.89,
Zone_A,2026-06-13T21:00:00,2.69,1.98
Zone_A,2026-06-13T22:00:00,2.77,2.7
zone_a,2026-06-13T23:00:00,2.81,0.34
Zone_A,2026-06-14T00:00:00,2.84,1.65
Zone_A,2026-06-14T01:00:00,2.88,1.33
Zone_A,2026-06-14T02:00:00,2.61,
ZONE_A,2026-06-14T03:00:00,2.61,0.67
Zone_A,2026-06-14T04:00:00,2.61,2.24
Zone_A,2026-06-14T05:00:00,2.43,0.06
Zone_A,2026-06-14T06:00:00,,3.89
Zone_A,2026-06-14T07:00:00,,1.41
Zone_A,2026-06-14T08:00:00,5000.0,
Zone_A,2026-06-14T09:00:00,2.34,
Zone_A,2026-06-14T10:00:00,2.39,2.5
Zone_A,2026-06-14T10:00:00,2.39,2.5
Zone_A,2026-06-14T11:00:00,,6.76
Zone_A,2026-06-14T12:00:00,2.67,0.11
zone_a,2026-06-14T13:00:00,,1.62
ZONE_A,2026-06-14T14:00:00,2.66,-999.0
ZONE_A,2026-06-14T15:00:00,,
Zone_A,2026-06-14T16:00:00,2.4,0.1
zone_a,2026-06-14T17:00:00,2.53,5.52
Zone_A,2026-06-14T18:00:00,2.65,3.3
Zone_A,2026-06-14T19:00:00,,4.53
Zone_A,2026-06-14T20:00:00,2.96,4.48
ZONE_A,2026-06-14T21:00:00,2.97,-999.0
ZONE_A,2026-06-14T22:00:00,2.84,0.95
Zone_A,2026-06-14T23:00:00,2.54,0.19
Zone_A,2026-06-15T00:00:00,2.66,3.96
Zone_A,2026-06-15T01:00:00,2.56,0.35
Zone_A,2026-06-15T02:00:00,2.44,0.11
Zone_A,2026-06-15T03:00:00,2.15,0.23
Zone_A,2026-06-15T04:00:00,2.47,2.47
Zone_A,2026-06-15T05:00:00,,4.92
Zone_A,2026-06-15T06:00:00,,4.81
Zone_A,2026-06-15T07:00:00,2.44,0.42
zone_a,2026-06-15T08:00:00,2.37,-999.0
ZONE_A,2026-06-15T09:00:00,2.52,
Zone_A,2026-06-15T10:00:00,2.49,-999.0
Zone_A,2026-06-15T11:00:00,2.54,2.43
Zone_A,2026-06-15T12:00:00,2.67,2.95
ZONE_A,2026-06-15T13:00:00,2.58,0.41
zone_a,2026-06-15T14:00:00,2.75,2.75
Zone_A,2026-06-15T15:00:00,2.73,1.54
Zone_A,2026-06-15T16:00:00,2.82,3.25
Zone_A,2026-06-15T17:00:00,2.68,0.4
zone_a,2026-06-15T18:00:00,2.73,
Zone_A,2026-06-15T19:00:00,2.67,0.42
Zone_A,2026-06-15T20:00:00,2.79,0.66
Zone_A,2026-06-15T21:00:00,2.77,2.94
Zone_A,2026-06-15T22:00:00,,0.55
Zone_A,2026-06-15T23:00:00,2.72,1.39
Zone_A,2026-06-16T00:00:00,2.57,0.41
Zone_A,2026-06-16T01:00:00,2.32,-999.0
zone_a,2026-06-16T02:00:00,,4.91
Zone_A,2026-06-16T03:00:00,5000.0,0.88
Zone_A,2026-06-16T04:00:00,,1.57
Zone_A,2026-06-16T05:00:00,,3.58
Zone_A,2026-06-16T06:00:00,2.63,2.43
ZONE_A,2026-06-16T07:00:00,2.47,0.62
Zone_A,2026-06-16T08:00:00,2.34,3.79
Zone_A,2026-06-16T09:00:00,2.66,8.7
Zone_A,2026-06-16T10:00:00,2.63,0.14
Zone_A,2026-06-16T11:00:00,2.81,2.34
Zone_A,2026-06-16T12:00:00,2.65,2.04
ZONE_A,2026-06-16T13:00:00,2.72,0.97
Zone_A,2026-06-16T14:00:00,2.57,1.03
Zone_A,2026-06-16T15:00:00,2.66,0.28
Zone_A,2026-06-16T16:00:00,2.79,1.41
ZONE_A,2026-06-16T17:00:00,2.73,
zone_a,2026-06-16T18:00:00,2.67,2.66
Zone_A,2026-06-16T19:00:00,5000.0,4.97
Zone_A,2026-06-16T20:00:00,3.4,11.92
Zone_A,2026-06-16T21:00:00,3.45,7.1
Zone_A,2026-06-16T22:00:00,3.07,0.05
Zone_A,2026-06-16T23:00:00,2.96,
Zone_A,2026-06-17T00:00:00,3.06,0.15
zone_a,2026-06-17T01:00:00,3.01,0.65
ZONE_A,2026-06-17T02:00:00,3.36,
Zone_A,2026-06-17T03:00:00,3.2,0.16
Zone_A,2026-06-17T04:00:00,2.98,0.44
Zone_A,2026-06-17T05:00:00,2.86,-999.0
Zone_A,2026-06-17T05:00:00,2.86,-999.0
zone_a,2026-06-17T06:00:00,2.66,0.08
Zone_A,2026-06-17T07:00:00,2.56,0.88
Zone_A,2026-06-17T08:00:00,2.53,0.97
ZONE_A,2026-06-17T09:00:00,2.59,1.06
Zone_A,2026-06-17T10:00:00,,-999.0
Zone_A,2026-06-17T11:00:00,2.58,1.17
Zone_A,2026-06-17T12:00:00,2.47,
Zone_A,2026-06-17T13:00:00,2.55,3.45
ZONE_A,2026-06-17T14:00:00,2.43,0.65
Zone_A,2026-06-17T15:00:00,2.46,2.03
Zone_A,2026-06-17T16:00:00,2.4,2.13
Zone_A,2026-06-17T17:00:00,2.28,1.19
Zone_A,2026-06-17T18:00:00,2.26,
Zone_A,2026-06-17T19:00:00,2.18,0.39
Zone_A,2026-06-17T20:00:00,2.34,1.14
ZONE_A,2026-06-17T21:00:00,2.4,3.97
Zone_A,2026-06-17T22:00:00,2.29,1.38
Zone_A,2026-06-17T23:00:00,2.48,1.88
Zone_A,2026-06-18T00:00:00,2.55,0.58
Zone_A,2026-06-18T01:00:00,2.63,3.39
Zone_A,2026-06-18T02:00:00,2.58,5.5
Zone_A,2026-06-18T03:00:00,5000.0,0.73
zone_a,2026-06-18T04:00:00,2.53,0.27
Zone_A,2026-06-18T05:00:00,5000.0,4.89
Zone_A,2026-06-18T06:00:00,2.78,1.89
Zone_A,2026-06-18T07:00:00,2.8,0.15
Zone_A,2026-06-18T08:00:00,,0.82
Zone_A,2026-06-18T09:00:00,2.42,1.25
Zone_A,2026-06-18T10:00:00,2.37,3.54
Zone_A,2026-06-18T11:00:00,2.36,1.01
Zone_A,2026-06-18T12:00:00,2.47,1.86
Zone_A,2026-06-18T13:00:00,2.51,-999.0
zone_a,2026-06-18T14:00:00,2.37,0.44
Zone_A,2026-06-18T15:00:00,2.45,3.08
Zone_A,2026-06-18T16:00:00,2.36,0.7
Zone_A,2026-06-18T17:00:00,2.12,0.4
Zone_A,2026-06-18T18:00:00,2.13,1.81
Zone_A,2026-06-18T19:00:00,2.36,
Zone_A,2026-06-18T20:00:00,,0.19
Zone_A,2026-06-18T21:00:00,2.35,0.98
Zone_A,2026-06-18T22:00:00,2.44,
Zone_A,2026-06-18T23:00:00,2.5,2.04
zone_a,2026-06-19T00:00:00,2.56,1.86
Zone_A,2026-06-19T01:00:00,2.48,
Zone_A,2026-06-19T02:00:00,2.65,1.62
Zone_A,2026-06-19T03:00:00,2.68,1.86
Zone_A,2026-06-19T04:00:00,2.53,0.78
Zone_A,2026-06-19T05:00:00,2.47,2.58
Zone_A,2026-06-19T06:00:00,2.34,1.45
Zone_A,2026-06-19T07:00:00,2.42,3.14
zone_a,2026-06-19T08:00:00,2.37,1.67
Zone_A,2026-06-19T09:00:00,5000.0,2.32
Zone_A,2026-06-19T10:00:00,1.92,0.72
zone_a,2026-06-19T11:00:00,2.0,0.04
Zone_A,2026-06-19T12:00:00,2.16,
Zone_A,2026-06-19T13:00:00,2.29,-999.0
Zone_A,2026-06-19T14:00:00,2.21,0.16
Zone_A,2026-06-19T15:00:00,2.29,1.91
Zone_A,2026-06-19T16:00:00,2.38,1.24
Zone_A,2026-06-19T17:00:00,2.34,-999.0
Zone_A,2026-06-19T18:00:00,5000.0,2.06
Zone_A,2026-06-19T19:00:00,2.58,5.37
Zone_A,2026-06-19T20:00:00,2.65,2.15
zone_a,2026-06-19T21:00:00,2.52,0.31
zone_a,2026-06-19T22:00:00,2.39,0.45
Zone_A,2026-06-19T23:00:00,2.59,2.81
Zone_A,2026-06-20T00:00:00,2.51,1.72
Zone_A,2026-06-20T01:00:00,2.63,2.14
Zone_A,2026-06-20T02:00:00,2.54,0.44
Zone_A,2026-06-20T03:00:00,2.6,2.03
ZONE_A,2026-06-20T04:00:00,2.31,0.01
zone_a,2026-06-20T05:00:00,2.38,5.82
Zone_A,2026-06-20T06:00:00,2.21,1.78
Zone_A,2026-06-20T07:00:00,2.21,0.82
ZONE_A,2026-06-20T08:00:00,2.12,0.37
Zone_A,2026-06-20T09:00:00,,
zone_a,2026-06-20T10:00:00,2.25,1.55
Zone_A,2026-06-20T11:00:00,2.27,
Zone_A,2026-06-20T12:00:00,2.2,2.52
Zone_A,2026-06-20T13:00:00,2.11,
Zone_A,2026-06-20T14:00:00,5000.0,0.1
Zone_A,2026-06-20T15:00:00,,0.02
Zone_A,2026-06-20T16:00:00,1.87,0.23
Zone_A,2026-06-20T17:00:00,,0.7
Zone_A,2026-06-20T18:00:00,1.89,0.32
Zone_A,2026-06-20T18:00:00,1.89,0.32
Zone_A,2026-06-20T19:00:00,2.04,4.24
Zone_A,2026-06-20T20:00:00,1.78,1.25
Zone_A,2026-06-20T21:00:00,1.76,0.42
Zone_A,2026-06-20T22:00:00,,3.72
Zone_A,2026-06-20T23:00:00,1.65,2.03
Zone_A,2026-06-21T00:00:00,1.68,1.03
Zone_A,2026-06-21T01:00:00,1.75,2.69
Zone_A,2026-06-21T02:00:00,1.76,2.67
Zone_A,2026-06-21T03:00:00,1.83,0.1
Zone_A,2026-06-21T04:00:00,2.2,3.05
Zone_A,2026-06-21T05:00:00,2.24,0.5
Zone_A,2026-06-21T06:00:00,2.12,0.67
Zone_A,2026-06-21T07:00:00,1.97,1.2
Zone_A,2026-06-21T08:00:00,2.22,6.77
Zone_A,2026-06-21T09:00:00,2.37,-999.0
Zone_A,2026-06-21T10:00:00,2.56,4.32
zone_a,2026-06-21T11:00:00,2.36,-999.0
Zone_A,2026-06-21T12:00:00,2.38,1.96
Zone_A,2026-06-21T13:00:00,2.48,2.95
Zone_A,2026-06-21T13:00:00,2.48,2.95
ZONE_A,2026-06-21T14:00:00,2.7,1.79
Zone_A,2026-06-21T15:00:00,2.83,4.83
Zone_A,2026-06-21T16:00:00,2.83,2.24
ZONE_A,2026-06-21T17:00:00,,4.99
Zone_A,2026-06-21T18:00:00,3.19,4.08
Zone_A,2026-06-21T19:00:00,,
Zone_A,2026-06-21T20:00:00,3.47,2.71
Zone_A,2026-06-21T21:00:00,3.47,1.33
Zone_A,2026-06-21T22:00:00,3.34,3.9
Zone_A,2026-06-21T23:00:00,3.35,
Zone_A,2026-06-22T00:00:00,5000.0,0.21
Zone_A,2026-06-22T01:00:00,2.93,0.52
Zone_A,2026-06-22T02:00:00,2.94,0.07
zone_a,2026-06-22T03:00:00,2.91,0.61
Zone_A,2026-06-22T04:00:00,3.03,2.54
Zone_A,2026-06-22T05:00:00,2.98,1.96
Zone_A,2026-06-22T06:00:00,2.97,1.29
Zone_A,2026-06-22T07:00:00,2.86,0.98
zone_a,2026-06-22T08:00:00,2.64,0.38
Zone_A,2026-06-22T09:00:00,,2.58
Zone_A,2026-06-22T10:00:00,2.66,3.56
Zone_A,2026-06-22T11:00:00,2.59,
Zone_A,2026-06-22T12:00:00,2.97,5.11
zone_a,2026-06-22T13:00:00,2.91,2.26
Zone_A,2026-06-22T14:00:00,2.83,0.66
Zone_A,2026-06-22T15:00:00,2.9,0.19
Zone_A,2026-06-22T16:00:00,3.01,1.34
Zone_A,2026-06-22T17:00:00,3.0,1.25
Zone_A,2026-06-22T18:00:00,2.86,0.11
Zone_A,2026-06-22T19:00:00,3.08,3.49
Zone_A,2026-06-22T20:00:00,2.97,0.9
Zone_A,2026-06-22T21:00:00,2.69,
Zone_A,2026-06-22T22:00:00,2.53,
ZONE_A,2026-06-22T23:00:00,2.39,0.3
Zone_A,2026-06-23T00:00:00,2.13,0.26
Zone_A,2026-06-23T01:00:00,2.14,0.11
ZONE_A,2026-06-23T02:00:00,2.12,2.77
Zone_A,2026-06-23T03:00:00,2.11,0.87
Zone_A,2026-06-23T04:00:00,,0.59
Zone_A,2026-06-23T05:00:00,2.2,0.99
ZONE_A,2026-06-23T06:00:00,2.19,2.81
Zone_A,2026-06-23T07:00:00,,1.18
Zone_A,2026-06-23T08:00:00,2.6,6.17
Zone_A,2026-06-23T09:00:00,2.42,0.41
Zone_A,2026-06-23T10:00:00,2.42,0.02
Zone_A,2026-06-23T11:00:00,2.25,0.51
Zone_A,2026-06-23T12:00:00,2.21,0.83
zone_a,2026-06-23T13:00:00,2.47,6.39
zone_a,2026-06-23T14:00:00,2.55,
Zone_A,2026-06-23T15:00:00,2.51,2.45
Zone_A,2026-06-23T16:00:00,2.46,0.9
Zone_A,2026-06-23T17:00:00,2.36,3.16
Zone_A,2026-06-23T18:00:00,2.22,1.95
Zone_A,2026-06-23T19:00:00,2.41,
Zone_A,2026-06-23T20:00:00,2.33,
Zone_A,2026-06-23T21:00:00,2.33,0.48
Zone_A,2026-06-23T22:00:00,2.26,0.83
Zone_A,2026-06-23T23:00:00,2.29,1.72
Zone_A,2026-06-24T00:00:00,2.54,4.08
Zone_A,2026-06-24T01:00:00,2.61,0.88
Zone_A,2026-06-24T02:00:00,2.62,0.64
ZONE_A,2026-06-24T03:00:00,2.62,0.85
Zone_A,2026-06-24T04:00:00,2.55,0.09
Zone_A,2026-06-24T05:00:00,2.39,2.41
ZONE_A,2026-06-24T06:00:00,2.55,1.69
ZONE_A,2026-06-24T07:00:00,2.59,2.33
Zone_A,2026-06-24T08:00:00,2.63,0.4
Zone_A,2026-06-24T09:00:00,3.02,-999.0
Zone_A,2026-06-24T10:00:00,2.85,0.62
Zone_A,2026-06-24T11:00:00,,2.2
Zone_A,2026-06-24T12:00:00,2.97,1.43
Zone_A,2026-06-24T13:00:00,2.84,0.05
zone_a,2026-06-24T14:00:00,2.87,0.66
Zone_A,2026-06-24T15:00:00,2.84,1.23
Zone_A,2026-06-24T16:00:00,2.82,1.25
Zone_A,2026-06-24T17:00:00,2.91,1.67
Zone_A,2026-06-24T18:00:00,2.8,0.23
Zone_A,2026-06-24T19:00:00,2.73,0.52
Zone_A,2026-06-24T20:00:00,2.72,0.59
Zone_A,2026-06-24T21:00:00,2.75,0.73
Zone_A,2026-06-24T22:00:00,2.78,1.42
Zone_A,2026-06-24T23:00:00,2.69,0.73
Zone_A,2026-06-25T00:00:00,2.74,2.43
Zone_A,2026-06-25T01:00:00,2.58,1.58
ZONE_A,2026-06-25T02:00:00,2.6,0.96
Zone_A,2026-06-25T03:00:00,2.87,4.63
Zone_A,2026-06-25T04:00:00,2.84,0.4
Zone_A,2026-06-25T05:00:00,2.8,0.65
Zone_A,2026-06-25T06:00:00,2.89,2.27
zone_a,2026-06-25T07:00:00,3.1,
Zone_A,2026-06-25T08:00:00,3.06,1.08
Zone_A,2026-06-25T09:00:00,2.96,0.38
Zone_A,2026-06-25T10:00:00,2.94,0.5
Zone_A,2026-06-25T11:00:00,2.69,0.82
Zone_A,2026-06-25T12:00:00,2.59,
Zone_A,2026-06-25T13:00:00,2.41,1.19
Zone_A,2026-06-25T14:00:00,2.37,0.49
Zone_A,2026-06-25T15:00:00,2.06,0.5
Zone_A,2026-06-25T16:00:00,1.93,0.51
Zone_A,2026-06-25T17:00:00,1.96,1.45
Zone_A,2026-06-25T18:00:00,5000.0,
Zone_A,2026-06-25T19:00:00,2.15,1.66
Zone_A,2026-06-25T19:00:00,2.15,1.66
zone_a,2026-06-25T20:00:00,2.45,3.49
ZONE_A,2026-06-25T21:00:00,2.3,0.82
Zone_A,2026-06-25T22:00:00,,9.05
ZONE_A,2026-06-25T23:00:00,2.63,0.98
Zone_A,2026-06-26T00:00:00,2.74,3.75
zone_a,2026-06-26T01:00:00,2.69,1.19
Zone_A,2026-06-26T02:00:00,,6.44
zone_a,2026-06-26T03:00:00,2.83,1.02
zone_a,2026-06-26T04:00:00,2.84,1.63
Zone_A,2026-06-26T05:00:00,2.6,0.26
Zone_A,2026-06-26T06:00:00,2.55,0.05
Zone_A,2026-06-26T07:00:00,2.7,2.15
Zone_A,2026-06-26T08:00:00,2.82,3.24
ZONE_A,2026-06-26T09:00:00,2.86,1.84
ZONE_A,2026-06-26T09:00:00,2.86,1.84
Zone_A,2026-06-26T10:00:00,2.63,0.16
zone_a,2026-06-26T11:00:00,2.5,0.22
zone_a,2026-06-26T12:00:00,2.32,0.69
Zone_A,2026-06-26T13:00:00,,0.21
Zone_A,2026-06-26T14:00:00,,2.96
Zone_A,2026-06-26T15:00:00,2.47,1.53
Zone_A,2026-06-26T16:00:00,2.55,5.32
ZONE_A,2026-06-26T17:00:00,3.02,8.91
Zone_A,2026-06-26T18:00:00,5000.0,0.87
Zone_A,2026-06-26T19:00:00,2.98,4.28
Zone_A,2026-06-26T20:00:00,2.95,3.86
Zone_A,2026-06-26T21:00:00,2.74,0.92
Zone_A,2026-06-26T22:00:00,2.99,5.65
Zone_A,2026-06-26T23:00:00,2.91,0.48
Zone_A,2026-06-27T00:00:00,2.79,0.1
Zone_A,2026-06-27T01:00:00,2.77,0.03
Zone_A,2026-06-27T02:00:00,2.65,2.44
Zone_A,2026-06-27T03:00:00,2.69,0.82
ZONE_A,2026-06-27T04:00:00,2.76,0.78
ZONE_A,2026-06-27T05:00:00,2.69,0.75
Zone_A,2026-06-27T06:00:00,2.72,0.68
Zone_A,2026-06-27T07:00:00,2.85,-999.0
Zone_A,2026-06-27T08:00:00,2.72,1.11
Zone_A,2026-06-27T09:00:00,2.8,0.34
Zone_A,2026-06-27T10:00:00,2.67,1.06
Zone_A,2026-06-27T11:00:00,2.74,0.62
Zone_A,2026-06-27T12:00:00,2.68,2.88
Zone_A,2026-06-27T13:00:00,2.83,3.62
Zone_A,2026-06-27T14:00:00,2.8,
Zone_A,2026-06-27T15:00:00,3.03,5.13
Zone_A,2026-06-27T16:00:00,3.16,3.63
Zone_A,2026-06-27T17:00:00,3.23,5.17
ZONE_A,2026-06-27T18:00:00,3.36,6.09
Zone_A,2026-06-27T19:00:00,3.47,3.14
Zone_A,2026-06-27T20:00:00,3.4,5.02
Zone_A,2026-06-27T21:00:00,3.27,1.96
Zone_A,2026-06-27T22:00:00,3.26,1.95
Zone_A,2026-06-27T23:00:00,,1.36
Zone_A,2026-06-28T00:00:00,3.21,1.41
Zone_A,2026-06-28T01:00:00,3.09,0.04
Zone_A,2026-06-28T02:00:00,3.07,3.47
ZONE_A,2026-06-28T03:00:00,,0.84
Zone_A,2026-06-28T04:00:00,2.67,
zone_a,2026-06-28T05:00:00,,6.13
Zone_A,2026-06-28T06:00:00,2.86,2.01
Zone_A,2026-06-28T07:00:00,2.88,0.68
Zone_A,2026-06-28T08:00:00,2.96,-999.0
Zone_A,2026-06-28T09:00:00,2.84,0.72
zone_a,2026-06-28T10:00:00,2.7,
ZONE_A,2026-06-28T11:00:00,2.82,
ZONE_A,2026-06-28T12:00:00,,4.93
zone_a,2026-06-28T13:00:00,,1.09
zone_a,2026-06-28T14:00:00,2.83,1.68
Zone_A,2026-06-28T15:00:00,2.79,1.24
Zone_A,2026-06-28T16:00:00,2.88,2.25
Zone_A,2026-06-28T17:00:00,5000.0,2.21
Zone_A,2026-06-28T18:00:00,2.98,2.95
Zone_A,2026-06-28T19:00:00,2.85,1.45
Zone_A,2026-06-28T20:00:00,,2.29
Zone_A,2026-06-28T21:00:00,2.77,
Zone_A,2026-06-28T22:00:00,3.21,11.89
Zone_A,2026-06-28T23:00:00,3.26,
Zone_A,2026-06-29T00:00:00,3.11,
Zone_A,2026-06-29T01:00:00,3.27,6.42
Zone_A,2026-06-29T02:00:00,3.23,3.02
Zone_A,2026-06-29T03:00:00,3.64,9.33
Zone_A,2026-06-29T04:00:00,3.66,-999.0
zone_a,2026-06-29T05:00:00,3.47,0.93
Zone_A,2026-06-29T06:00:00,3.25,0.6
Zone_A,2026-06-29T07:00:00,3.11,3.59
Zone_A,2026-06-29T08:00:00,2.89,0.19
Zone_A,2026-06-29T09:00:00,3.1,6.93
Zone_A,2026-06-29T09:00:00,3.1,6.93
Zone_A,2026-06-29T10:00:00,,0.56
Zone_A,2026-06-29T11:00:00,2.74,
Zone_A,2026-06-29T12:00:00,2.97,2.79
Zone_A,2026-06-29T13:00:00,2.74,0.15
Zone_A,2026-06-29T14:00:00,2.73,1.21
Zone_A,2026-06-29T15:00:00,2.62,0.51
Zone_A,2026-06-29T16:00:00,2.61,3.09
Zone_A,2026-06-29T17:00:00,,0.36
Zone_A,2026-06-29T18:00:00,2.56,
ZONE_A,2026-06-29T19:00:00,2.61,5.55
Zone_A,2026-06-29T20:00:00,5000.0,2.87
Zone_A,2026-06-29T21:00:00,2.68,1.78
Zone_A,2026-06-29T22:00:00,2.66,1.01
Zone_A,2026-06-29T23:00:00,2.59,0.67
Zone_A,2026-06-30T00:00:00,2.54,1.03
Zone_A,2026-06-30T01:00:00,2.46,1.82
Zone_A,2026-06-30T02:00:00,,3.27
Zone_A,2026-06-30T03:00:00,2.58,1.92
ZONE_A,2026-06-30T04:00:00,2.6,2.8
Zone_A,2026-06-30T05:00:00,2.44,0.45
Zone_A,2026-06-30T05:00:00,2.44,0.45
Zone_A,2026-06-30T06:00:00,,
Zone_A,2026-06-30T07:00:00,2.41,0.04
Zone_A,2026-06-30T08:00:00,,2.93
Zone_A,2026-06-30T09:00:00,2.24,1.78
Zone_A,2026-06-30T10:00:00,2.23,1.8
Zone_A,2026-06-30T11:00:00,2.45,7.35
Zone_A,2026-06-30T12:00:00,2.41,0.87
Zone_A,2026-06-30T13:00:00,2.4,1.68
Zone_A,2026-06-30T14:00:00,2.37,1.87
Zone_A,2026-06-30T15:00:00,2.32,0.2
Zone_A,2026-06-30T16:00:00,2.25,2.57
Zone_A,2026-06-30T17:00:00,2.45,0.34
Zone_A,2026-06-30T18:00:00,2.72,7.45
ZONE_A,2026-06-30T19:00:00,2.8,3.51
Zone_A,2026-06-30T20:00:00,2.64,0.43
Zone_A,2026-06-30T21:00:00,2.62,-999.0
ZONE_A,2026-06-30T22:00:00,2.65,-999.0
Zone_A,2026-06-30T23:00:00,2.72,1.73
Zone_A,2026-07-01T00:00:00,2.64,0.2
ZONE_A,2026-07-01T01:00:00,2.6,1.48
ZONE_A,2026-07-01T02:00:00,,0.18
Zone_A,2026-07-01T03:00:00,2.81,3.22
Zone_A,2026-07-01T04:00:00,3.37,10.97
Zone_A,2026-07-01T05:00:00,3.15,0.93
ZONE_A,2026-07-01T06:00:00,2.97,0.18
Zone_A,2026-07-01T07:00:00,3.06,2.74
Zone_A,2026-07-01T08:00:00,3.03,2.83
Zone_A,2026-07-01T09:00:00,2.92,1.34
ZONE_A,2026-07-01T10:00:00,2.85,0.27
Zone_A,2026-07-01T11:00:00,2.79,0.41
Zone_A,2026-07-01T12:00:00,2.78,1.79
Zone_A,2026-07-01T13:00:00,2.74,2.47
Zone_A,2026-07-01T14:00:00,2.66,0.26
Zone_A,2026-07-01T15:00:00,2.64,0.93
Zone_A,2026-07-01T16:00:00,2.49,
Zone_A,2026-07-01T17:00:00,2.62,3.54
Zone_A,2026-07-01T18:00:00,2.53,
Zone_A,2026-07-01T19:00:00,2.64,5.34
Zone_A,2026-07-01T19:00:00,2.64,5.34
Zone_A,2026-07-01T20:00:00,2.81,1.14
Zone_A,2026-07-01T21:00:00,2.52,
Zone_A,2026-07-01T22:00:00,2.48,2.69
Zone_A,2026-07-01T23:00:00,2.43,0.69
Zone_A,2026-07-02T00:00:00,2.55,0.28
Zone_A,2026-07-02T01:00:00,2.91,8.98
zone_a,2026-07-02T02:00:00,2.79,1.09
ZONE_A,2026-07-02T03:00:00,2.83,5.86
Zone_A,2026-07-02T04:00:00,,
Zone_A,2026-07-02T05:00:00,2.55,1.43
Zone_A,2026-07-02T06:00:00,2.48,0.85
ZONE_A,2026-07-02T07:00:00,2.38,1.06
Zone_A,2026-07-02T08:00:00,2.53,3.15
Zone_A,2026-07-02T09:00:00,2.58,0.6
Zone_A,2026-07-02T10:00:00,,2.12
Zone_A,2026-07-02T11:00:00,2.3,0.88
zone_a,2026-07-02T12:00:00,2.12,0.06
Zone_A,2026-07-02T13:00:00,2.11,0.21
zone_a,2026-07-02T14:00:00,2.43,4.02
ZONE_A,2026-07-02T15:00:00,2.24,1.26
Zone_A,2026-07-02T16:00:00,2.32,1.08
Zone_A,2026-07-02T17:00:00,2.33,0.1
Zone_A,2026-07-02T18:00:00,,1.1
ZONE_A,2026-07-02T19:00:00,2.25,2.88
Zone_A,2026-07-02T20:00:00,2.3,0.32
Zone_A,2026-07-02T21:00:00,5000.0,3.3
Zone_A,2026-07-02T22:00:00,,
Zone_A,2026-07-02T23:00:00,2.29,2.71
zone_a,2026-07-03T00:00:00,2.22,
zone_a,2026-07-03T01:00:00,2.48,5.54
Zone_A,2026-07-03T02:00:00,2.64,0.52
Zone_A,2026-07-03T03:00:00,5000.0,0.41
Zone_A,2026-07-03T04:00:00,2.69,4.56
Zone_A,2026-07-03T05:00:00,2.69,2.76
ZONE_A,2026-07-03T06:00:00,2.63,0.67
Zone_A,2026-07-03T07:00:00,2.59,1.15
zone_a,2026-07-03T08:00:00,2.85,4.57
Zone_A,2026-07-03T09:00:00,,2.56
Zone_A,2026-07-03T10:00:00,2.96,2.33
Zone_A,2026-07-03T11:00:00,2.99,3.77
Zone_A,2026-07-03T12:00:00,5000.0,0.1
Zone_A,2026-07-03T13:00:00,2.96,1.5
Zone_A,2026-07-03T14:00:00,2.85,3.17
Zone_A,2026-07-03T15:00:00,2.84,3.23
Zone_A,2026-07-03T16:00:00,2.85,3.27
ZONE_A,2026-07-03T17:00:00,2.92,0.57
Zone_A,2026-07-03T18:00:00,2.92,
Zone_A,2026-07-03T19:00:00,3.18,5.32
ZONE_A,2026-07-03T20:00:00,,1.13
Zone_A,2026-07-03T21:00:00,2.87,0.15
zone_a,2026-07-03T22:00:00,,
Zone_A,2026-07-03T23:00:00,2.94,
Zone_A,2026-07-04T00:00:00,3.4,11.47
Zone_A,2026-07-04T01:00:00,3.19,0.65
Zone_A,2026-07-04T02:00:00,3.06,0.13
Zone_A,2026-07-04T03:00:00,,5.43
zone_a,2026-07-04T04:00:00,2.97,0.05
Zone_A,2026-07-04T05:00:00,2.84,-999.0
Zone_A,2026-07-04T06:00:00,2.82,4.43
Zone_A,2026-07-04T07:00:00,2.65,-999.0
Zone_A,2026-07-04T08:00:00,2.58,4.2
Zone_A,2026-07-04T09:00:00,2.51,1.62
Zone_A,2026-07-04T10:00:00,2.57,2.14
Zone_A,2026-07-04T11:00:00,,7.34
Zone_A,2026-07-04T12:00:00,3.01,2.38
Zone_A,2026-07-04T13:00:00,2.77,0.07
Zone_A,2026-07-04T14:00:00,,0.11
Zone_A,2026-07-04T15:00:00,2.66,2.83
Zone_A,2026-07-04T16:00:00,2.74,
ZONE_A,2026-07-04T17:00:00,2.65,0.96
Zone_A,2026-07-04T18:00:00,2.6,3.08
Zone_A,2026-07-04T19:00:00,2.69,1.29
Zone_A,2026-07-04T20:00:00,,0.75
Zone_A,2026-07-04T21:00:00,2.88,5.51
Zone_A,2026-07-04T22:00:00,2.94,5.81
zone_a,2026-07-04T23:00:00,2.91,0.2
zone_a,2026-07-04T23:00:00,2.91,0.2
Zone_A,2026-07-05T00:00:00,2.82,1.98
Zone_A,2026-07-05T01:00:00,2.93,3.73
Zone_A,2026-07-05T02:00:00,2.72,0.07
ZONE_A,2026-07-05T03:00:00,2.65,2.08
ZONE_A,2026-07-05T04:00:00,2.43,1.45
Zone_A,2026-07-05T05:00:00,2.46,0.34
Zone_A,2026-07-05T06:00:00,2.48,
Zone_A,2026-07-05T07:00:00,2.73,6.82
Zone_A,2026-07-05T08:00:00,2.83,2.16
Zone_A,2026-07-05T09:00:00,2.92,
Zone_A,2026-07-05T10:00:00,5000.0,0.17
Zone_A,2026-07-05T11:00:00,2.63,4.35
Zone_A,2026-07-05T12:00:00,2.73,5.17
Zone_A,2026-07-05T13:00:00,,0.96
Zone_A,2026-07-05T14:00:00,2.81,-999.0
Zone_A,2026-07-05T15:00:00,2.71,0.1
Zone_A,2026-07-05T16:00:00,2.64,0.11
Zone_A,2026-07-05T17:00:00,2.46,
Zone_A,2026-07-05T18:00:00,2.52,3.51
Zone_A,2026-07-05T19:00:00,2.37,-999.0
ZONE_A,2026-07-05T20:00:00,2.19,
zone_a,2026-07-05T21:00:00,2.39,3.05
Zone_A,2026-07-05T22:00:00,2.44,2.7
Zone_A,2026-07-05T23:00:00,2.23,
Zone_A,2026-07-06T00:00:00,2.23,0.4
Zone_A,2026-07-06T01:00:00,2.37,1.66
Zone_A,2026-07-06T02:00:00,2.51,
Zone_A,2026-07-06T03:00:00,2.77,6.0
ZONE_A,2026-07-06T04:00:00,2.73,
Zone_A,2026-07-06T05:00:00,2.64,2.01
Zone_A,2026-07-06T05:00:00,2.64,2.01
Zone_A,2026-07-06T06:00:00,5000.0,3.35
Zone_A,2026-07-06T07:00:00,2.49,1.11
Zone_A,2026-07-06T07:00:00,2.49,1.11
Zone_A,2026-07-06T08:00:00,2.68,-999.0
Zone_A,2026-07-06T09:00:00,2.57,0.37
Zone_A,2026-07-06T10:00:00,2.52,
Zone_A,2026-07-06T11:00:00,2.48,1.28
Zone_A,2026-07-06T12:00:00,2.41,0.66
Zone_A,2026-07-06T13:00:00,2.38,2.51
Zone_A,2026-07-06T14:00:00,2.55,3.85
ZONE_A,2026-07-06T15:00:00,2.64,1.7
Zone_A,2026-07-06T16:00:00,2.92,4.5
ZONE_A,2026-07-06T17:00:00,3.09,1.68
Zone_A,2026-07-06T18:00:00,3.09,2.59
Zone_A,2026-07-06T19:00:00,3.06,1.71
Zone_A,2026-07-06T20:00:00,2.94,2.22
zone_a,2026-07-06T21:00:00,3.23,7.14
Zone_A,2026-07-06T22:00:00,,0.73
Zone_A,2026-07-06T23:00:00,2.87,
Zone_A,2026-07-07T00:00:00,2.82,0.06
Zone_A,2026-07-07T01:00:00,2.77,-999.0
Zone_A,2026-07-07T02:00:00,2.75,0.98
Zone_A,2026-07-07T03:00:00,2.47,0.53
Zone_A,2026-07-07T04:00:00,2.59,0.66
ZONE_A,2026-07-07T05:00:00,2.78,2.64
Zone_A,2026-07-07T06:00:00,2.78,2.01
Zone_A,2026-07-07T07:00:00,2.65,-999.0
Zone_A,2026-07-07T08:00:00,2.63,2.8
Zone_A,2026-07-07T09:00:00,,0.86
Zone_A,2026-07-07T10:00:00,2.6,5.14
Zone_A,2026-07-07T11:00:00,2.48,0.77
Zone_A,2026-07-07T12:00:00,2.29,
Zone_A,2026-07-07T13:00:00,2.36,
Zone_A,2026-07-07T14:00:00,2.23,0.3
Zone_A,2026-07-07T15:00:00,2.21,1.26
Zone_A,2026-07-07T16:00:00,2.26,2.65
zone_a,2026-07-07T17:00:00,5000.0,1.74
Zone_A,2026-07-07T18:00:00,2.2,0.63
Zone_A,2026-07-07T19:00:00,2.25,0.9
Zone_A,2026-07-07T20:00:00,2.35,1.62
Zone_A,2026-07-07T20:00:00,2.35,1.62
Zone_A,2026-07-07T21:00:00,2.43,2.54
Zone_A,2026-07-07T22:00:00,,0.27
Zone_A,2026-07-07T23:00:00,2.66,0.34
Zone_A,2026-07-08T00:00:00,2.74,-999.0
Zone_A,2026-07-08T01:00:00,2.75,2.71
Zone_A,2026-07-08T02:00:00,2.7,
Zone_A,2026-07-08T03:00:00,5000.0,0.86
Zone_A,2026-07-08T04:00:00,2.61,1.12
Zone_A,2026-07-08T05:00:00,2.79,6.32
Zone_A,2026-07-08T06:00:00,2.62,0.54
Zone_A,2026-07-08T07:00:00,2.7,0.02
Zone_A,2026-07-08T08:00:00,,0.33
Zone_A,2026-07-08T09:00:00,2.5,1.53
ZONE_A,2026-07-08T10:00:00,2.49,0.04
Zone_A,2026-07-08T11:00:00,5000.0,2.15
Zone_A,2026-07-08T12:00:00,2.31,1.92
Zone_A,2026-07-08T13:00:00,2.37,0.02
Zone_A,2026-07-08T14:00:00,2.33,3.21
Zone_A,2026-07-08T15:00:00,2.36,2.36
Zone_A,2026-07-08T16:00:00,2.32,0.8
Zone_A,2026-07-08T17:00:00,2.38,4.27
Zone_A,2026-07-08T18:00:00,2.23,0.17
Zone_A,2026-07-08T19:00:00,2.47,4.86
ZONE_A,2026-07-08T20:00:00,2.62,1.74
Zone_A,2026-07-08T21:00:00,2.46,1.88
Zone_A,2026-07-08T22:00:00,2.47,2.59
Zone_A,2026-07-08T23:00:00,2.53,3.34
Zone_A,2026-07-09T00:00:00,2.39,
Zone_A,2026-07-09T01:00:00,2.73,-999.0
Zone_A,2026-07-09T02:00:00,2.88,2.42
zone_a,2026-07-09T03:00:00,,0.76
zone_a,2026-07-09T04:00:00,2.53,0.21
ZONE_A,2026-07-09T05:00:00,2.4,
Zone_A,2026-07-09T06:00:00,2.47,2.15
Zone_A,2026-07-09T07:00:00,2.43,2.37
Zone_A,2026-07-09T08:00:00,2.44,2.92
Zone_A,2026-07-09T09:00:00,2.24,
Zone_A,2026-07-09T10:00:00,2.38,
Zone_A,2026-07-09T11:00:00,,0.94
zone_a,2026-07-09T12:00:00,2.68,5.99
Zone_A,2026-07-09T13:00:00,2.71,
Zone_A,2026-07-09T14:00:00,2.65,2.18
Zone_A,2026-07-09T15:00:00,2.56,1.67
Zone_A,2026-07-09T16:00:00,2.58,4.4
Zone_A,2026-07-09T17:00:00,2.63,0.15
ZONE_A,2026-07-09T18:00:00,2.9,2.63
Zone_A,2026-07-09T19:00:00,2.81,0.94
Zone_A,2026-07-09T20:00:00,2.73,2.41
Zone_A,2026-07-09T21:00:00,2.71,0.79
Zone_A,2026-07-09T22:00:00,2.87,6.42
Zone_A,2026-07-09T23:00:00,2.84,1.35
Zone_A,2026-07-10T00:00:00,3.16,6.79
Zone_A,2026-07-10T01:00:00,3.1,2.31
Zone_A,2026-07-10T02:00:00,3.09,-999.0
Zone_A,2026-07-10T03:00:00,3.16,5.27
zone_a,2026-07-10T04:00:00,2.94,0.29
Zone_A,2026-07-10T05:00:00,2.96,1.7
Zone_A,2026-07-10T06:00:00,2.99,3.0
Zone_A,2026-07-10T07:00:00,2.76,0.15
Zone_A,2026-07-10T08:00:00,,1.53
ZONE_A,2026-07-10T09:00:00,2.64,0.35
Zone_A,2026-07-10T10:00:00,2.72,
ZONE_A,2026-07-10T11:00:00,2.59,0.24
Zone_A,2026-07-10T12:00:00,5000.0,
zone_a,2026-07-10T13:00:00,2.71,
Zone_A,2026-07-10T14:00:00,2.95,4.64
Zone_A,2026-07-10T15:00:00,5000.0,4.26
zone_a,2026-07-10T16:00:00,2.81,0.52
Zone_A,2026-07-10T17:00:00,2.57,0.52
Zone_A,2026-07-10T18:00:00,2.67,
Zone_A,2026-07-10T19:00:00,3.1,10.62
Zone_A,2026-07-10T20:00:00,,1.26
Zone_A,2026-07-10T21:00:00,3.03,1.72
ZONE_A,2026-07-10T22:00:00,2.87,0.96
Zone_A,2026-07-10T23:00:00,2.77,4.86
Zone_A,2026-07-11T00:00:00,2.64,0.44
Zone_A,2026-07-11T00:00:00,2.64,0.44
Zone_A,2026-07-11T01:00:00,2.49,0.11
zone_a,2026-07-11T02:00:00,2.31,
Zone_A,2026-07-11T03:00:00,2.27,0.35
Zone_A,2026-07-11T04:00:00,2.43,0.3
zone_a,2026-07-11T05:00:00,2.99,11.61
Zone_A,2026-07-11T06:00:00,3.35,6.73
Zone_A,2026-07-11T07:00:00,3.43,2.66
Zone_A,2026-07-11T08:00:00,3.21,1.01
zone_a,2026-07-11T09:00:00,,-999.0
Zone_A,2026-07-11T10:00:00,2.94,
Zone_A,2026-07-11T11:00:00,2.98,1.42
Zone_A,2026-07-11T12:00:00,2.66,0.69
Zone_A,2026-07-11T13:00:00,,0.92
Zone_A,2026-07-11T14:00:00,2.62,5.27
ZONE_A,2026-07-11T15:00:00,2.72,3.83
Zone_A,2026-07-11T16:00:00,2.71,2.08
Zone_A,2026-07-11T17:00:00,2.59,2.54
ZONE_A,2026-07-11T18:00:00,2.62,1.87
Zone_A,2026-07-11T19:00:00,5000.0,1.09
Zone_A,2026-07-11T20:00:00,2.46,0.92
Zone_A,2026-07-11T21:00:00,2.57,3.58
zone_a,2026-07-11T22:00:00,,4.53
Zone_A,2026-07-11T23:00:00,2.64,0.41
Zone_A,2026-07-12T00:00:00,2.68,2.34
Zone_A,2026-07-12T01:00:00,2.88,3.82
zone_a,2026-07-12T02:00:00,,
Zone_A,2026-07-12T03:00:00,,1.11
Zone_A,2026-07-12T04:00:00,,1.36
Zone_A,2026-07-12T05:00:00,2.51,1.54
Zone_A,2026-07-12T06:00:00,2.76,7.39
ZONE_A,2026-07-12T07:00:00,2.79,-999.0
Zone_A,2026-07-12T08:00:00,5000.0,0.84
Zone_A,2026-07-12T09:00:00,2.85,1.26
ZONE_A,2026-07-12T10:00:00,2.76,2.41
Zone_A,2026-07-12T11:00:00,2.49,0.17
Zone_A,2026-07-12T12:00:00,2.46,
zone_a,2026-07-12T13:00:00,2.54,3.07
Zone_A,2026-07-12T14:00:00,2.79,6.11
Zone_A,2026-07-12T15:00:00,2.71,1.32
zone_a,2026-07-12T16:00:00,2.81,2.38
zone_a,2026-07-12T17:00:00,2.79,3.12
Zone_A,2026-07-12T18:00:00,2.7,-999.0
zone_a,2026-07-12T19:00:00,2.68,0.23
Zone_A,2026-07-12T20:00:00,2.61,-999.0
Zone_A,2026-07-12T21:00:00,2.4,0.69
Zone_A,2026-07-12T22:00:00,2.32,1.49
Zone_A,2026-07-12T23:00:00,2.8,2.11
zone_a,2026-07-13T00:00:00,2.78,-999.0
zone_a,2026-07-13T01:00:00,2.79,5.18
zone_a,2026-07-13T02:00:00,2.68,0.91
ZONE_A,2026-07-13T03:00:00,2.76,7.17
ZONE_A,2026-07-13T04:00:00,2.61,0.32
Zone_A,2026-07-13T05:00:00,,2.11
Zone_A,2026-07-13T06:00:00,2.9,5.55
Zone_A,2026-07-13T07:00:00,3.16,
Zone_A,2026-07-13T08:00:00,2.98,0.49
Zone_A,2026-07-13T09:00:00,2.76,1.54
Zone_A,2026-07-13T09:00:00,2.76,1.54
Zone_A,2026-07-13T10:00:00,2.95,2.85
Zone_A,2026-07-13T11:00:00,3.0,0.97
Zone_A,2026-07-13T12:00:00,2.91,1.43
Zone_A,2026-07-13T13:00:00,,0.05
Zone_A,2026-07-13T14:00:00,2.67,0.51
Zone_A,2026-07-13T15:00:00,2.77,1.26
Zone_A,2026-07-13T16:00:00,2.86,3.93
Zone_A,2026-07-13T17:00:00,,0.97
Zone_A,2026-07-13T18:00:00,,2.79
Zone_A,2026-07-13T19:00:00,2.8,2.08
Zone_A,2026-07-13T20:00:00,2.69,0.27
zone_a,2026-07-13T21:00:00,2.66,0.07
zone_a,2026-07-13T22:00:00,2.52,1.71
ZONE_A,2026-07-13T23:00:00,2.75,3.94
Zone_A,2026-07-14T00:00:00,2.77,0.91
Zone_A,2026-07-14T01:00:00,2.83,3.72
Zone_A,2026-07-14T02:00:00,2.98,2.38
Zone_A,2026-07-14T03:00:00,3.01,
Zone_A,2026-07-14T04:00:00,3.03,1.42
ZONE_A,2026-07-14T05:00:00,2.9,1.51
Zone_A,2026-07-14T06:00:00,2.9,4.12
Zone_A,2026-07-14T07:00:00,2.88,0.75
Zone_A,2026-07-14T08:00:00,2.84,0.89
Zone_A,2026-07-14T09:00:00,,3.04
Zone_A,2026-07-14T10:00:00,,2.09
Zone_A,2026-07-14T11:00:00,2.94,0.66
Zone_A,2026-07-14T12:00:00,5000.0,3.33
ZONE_A,2026-07-14T13:00:00,,1.43
Zone_A,2026-07-14T14:00:00,2.98,4.31
zone_a,2026-07-14T15:00:00,2.86,1.14
Zone_A,2026-07-14T16:00:00,5000.0,0.1
Zone_A,2026-07-14T17:00:00,2.57,0.4
Zone_A,2026-07-14T18:00:00,2.62,1.97
ZONE_A,2026-07-14T19:00:00,,2.21
Zone_A,2026-07-14T20:00:00,2.48,1.6
Zone_A,2026-07-14T21:00:00,2.74,-999.0
Zone_A,2026-07-14T22:00:00,2.73,1.54
ZONE_A,2026-07-14T23:00:00,,
ZONE_A,2026-07-15T00:00:00,2.81,4.08
zone_a,2026-07-15T01:00:00,2.75,2.18
Zone_A,2026-07-15T02:00:00,2.8,0.53
Zone_A,2026-07-15T03:00:00,2.84,
Zone_A,2026-07-15T04:00:00,2.74,0.13
Zone_A,2026-07-15T05:00:00,2.77,
Zone_A,2026-07-15T05:00:00,2.77,
Zone_A,2026-07-15T06:00:00,2.67,0.18
Zone_A,2026-07-15T07:00:00,2.76,4.72
Zone_A,2026-07-15T08:00:00,2.87,-999.0
Zone_A,2026-07-15T09:00:00,2.78,1.43
Zone_A,2026-07-15T10:00:00,2.88,0.05
Zone_A,2026-07-15T11:00:00,2.92,1.07
Zone_A,2026-07-15T12:00:00,2.86,2.81
Zone_A,2026-07-15T13:00:00,2.76,1.52
Zone_A,2026-07-15T14:00:00,2.65,4.16
Zone_A,2026-07-15T15:00:00,,5.14
Zone_A,2026-07-15T16:00:00,2.86,1.99
Zone_A,2026-07-15T17:00:00,3.06,3.13
Zone_A,2026-07-15T18:00:00,2.94,0.14
zone_a,2026-07-15T19:00:00,3.1,2.15
Zone_A,2026-07-15T20:00:00,2.91,0.04
zone_a,2026-07-15T21:00:00,2.62,0.4
zone_a,2026-07-15T22:00:00,2.51,0.3
Zone_A,2026-07-15T23:00:00,2.53,2.59
Zone_A,2026-07-16T00:00:00,2.54,2.76
zone_a,2026-07-16T01:00:00,2.59,5.32
Zone_A,2026-07-16T02:00:00,,
Zone_A,2026-07-16T03:00:00,2.83,0.03
Zone_A,2026-07-16T04:00:00,,0.54
Zone_A,2026-07-16T05:00:00,2.49,0.35
Zone_A,2026-07-16T06:00:00,2.39,2.16
Zone_A,2026-07-16T07:00:00,2.38,2.79
zone_a,2026-07-16T08:00:00,2.26,0.39
ZONE_A,2026-07-16T09:00:00,2.37,0.69
Zone_A,2026-07-16T10:00:00,2.47,1.49
Zone_A,2026-07-16T11:00:00,2.5,5.81
Zone_A,2026-07-16T12:00:00,5000.0,1.82
zone_a,2026-07-16T13:00:00,2.34,
Zone_A,2026-07-16T14:00:00,2.21,2.36
Zone_A,2026-07-16T15:00:00,2.13,2.58
Zone_A,2026-07-16T16:00:00,2.2,2.29
Zone_A,2026-07-16T17:00:00,2.1,1.59
zone_a,2026-07-16T18:00:00,2.04,
ZONE_A,2026-07-16T19:00:00,2.32,3.76
Zone_A,2026-07-16T20:00:00,2.66,8.46
Zone_A,2026-07-16T21:00:00,2.49,0.42
Zone_A,2026-07-16T22:00:00,2.54,2.89
Zone_A,2026-07-16T23:00:00,,1.33
Zone_A,2026-07-17T00:00:00,2.57,1.76
Zone_A,2026-07-17T01:00:00,2.66,1.11
Zone_A,2026-07-17T02:00:00,2.81,3.77
ZONE_A,2026-07-17T03:00:00,2.69,
Zone_A,2026-07-17T04:00:00,5000.0,7.33
Zone_A,2026-07-17T05:00:00,2.89,0.86
Zone_A,2026-07-17T06:00:00,3.23,6.47
Zone_A,2026-07-17T07:00:00,3.09,-999.0
zone_a,2026-07-17T08:00:00,,2.15
Zone_A,2026-07-17T09:00:00,3.0,4.24
Zone_A,2026-07-17T10:00:00,2.94,0.9
Zone_A,2026-07-17T11:00:00,2.71,
Zone_A,2026-07-17T12:00:00,3.1,5.63
Zone_A,2026-07-17T13:00:00,3.1,1.38
Zone_A,2026-07-17T14:00:00,3.05,1.98
Zone_A,2026-07-17T15:00:00,2.85,1.07
Zone_A,2026-07-17T16:00:00,2.92,4.99
Zone_A,2026-07-17T17:00:00,2.82,0.13
ZONE_A,2026-07-17T18:00:00,2.85,
Zone_A,2026-07-17T19:00:00,2.79,1.73
Zone_A,2026-07-17T19:00:00,2.79,1.73
Zone_A,2026-07-17T20:00:00,2.81,1.45
zone_a,2026-07-17T21:00:00,2.74,1.74
Zone_A,2026-07-17T22:00:00,2.54,-999.0
Zone_A,2026-07-17T23:00:00,2.64,0.57
Zone_A,2026-07-18T00:00:00,2.71,
Zone_A,2026-07-18T01:00:00,2.76,4.45
Zone_A,2026-07-18T02:00:00,2.77,2.81
ZONE_A,2026-07-18T03:00:00,2.95,7.76
Zone_A,2026-07-18T04:00:00,2.78,2.48
Zone_A,2026-07-18T05:00:00,2.83,3.39
zone_a,2026-07-18T06:00:00,2.74,2.18
Zone_A,2026-07-18T07:00:00,2.83,4.26
Zone_A,2026-07-18T08:00:00,2.72,1.21
Zone_A,2026-07-18T09:00:00,2.61,0.96
Zone_A,2026-07-18T10:00:00,,1.57
Zone_A,2026-07-18T11:00:00,2.51,0.21
Zone_A,2026-07-18T12:00:00,2.68,
Zone_A,2026-07-18T13:00:00,2.67,2.03
Zone_A,2026-07-18T14:00:00,2.53,1.4
Zone_A,2026-07-18T15:00:00,2.42,1.94
ZONE_A,2026-07-18T16:00:00,2.47,3.42
Zone_A,2026-07-18T17:00:00,2.51,1.58
Zone_A,2026-07-18T18:00:00,2.5,3.02
Zone_A,2026-07-18T19:00:00,2.59,3.31
Zone_A,2026-07-18T20:00:00,2.55,1.37
Zone_A,2026-07-18T21:00:00,2.69,0.48
zone_a,2026-07-18T22:00:00,2.63,0.23
zone_a,2026-07-18T23:00:00,2.65,0.12
Zone_A,2026-07-19T00:00:00,2.64,2.66
Zone_A,2026-07-19T01:00:00,5000.0,0.96
Zone_A,2026-07-19T02:00:00,2.54,0.45
zone_a,2026-07-19T03:00:00,2.53,0.81
Zone_A,2026-07-19T04:00:00,2.65,1.87
Zone_A,2026-07-19T05:00:00,2.71,2.22
ZONE_A,2026-07-19T06:00:00,,2.06
Zone_A,2026-07-19T07:00:00,2.68,0.6
Zone_A,2026-07-19T08:00:00,2.67,0.76
zone_a,2026-07-19T09:00:00,2.67,
Zone_A,2026-07-19T10:00:00,2.73,2.03
Zone_A,2026-07-19T11:00:00,2.67,1.1
Zone_A,2026-07-19T12:00:00,2.67,1.14
Zone_A,2026-07-19T13:00:00,3.05,7.62
Zone_A,2026-07-19T14:00:00,2.95,0.57
Zone_A,2026-07-19T15:00:00,2.84,0.66
Zone_A,2026-07-19T16:00:00,2.62,0.69
Zone_A,2026-07-19T17:00:00,2.69,0.11
ZONE_A,2026-07-19T18:00:00,,-999.0
Zone_A,2026-07-19T19:00:00,,5.09
Zone_A,2026-07-19T20:00:00,3.59,1.2
Zone_A,2026-07-19T21:00:00,3.55,
Zone_A,2026-07-19T22:00:00,3.41,0.79
zone_a,2026-07-19T23:00:00,3.34,3.41
zone_a,2026-07-20T00:00:00,3.17,
Zone_A,2026-07-20T01:00:00,3.5,8.36
Zone_A,2026-07-20T02:00:00,3.34,0.48
ZONE_A,2026-07-20T03:00:00,3.06,0.53
Zone_A,2026-07-20T04:00:00,2.94,0.47
Zone_A,2026-07-20T05:00:00,3.05,0.59
Zone_A,2026-07-20T06:00:00,2.97,1.41
Zone_A,2026-07-20T07:00:00,2.99,3.33
Zone_A,2026-07-20T08:00:00,2.82,0.31
Zone_A,2026-07-20T09:00:00,2.69,0.06
Zone_A,2026-07-20T09:00:00,2.69,0.06
Zone_A,2026-07-20T10:00:00,2.55,
Zone_A,2026-07-20T11:00:00,2.37,0.31
Zone_A,2026-07-20T12:00:00,2.32,1.01
zone_a,2026-07-20T13:00:00,2.27,1.77
Zone_A,2026-07-20T14:00:00,2.49,3.92
Zone_A,2026-07-20T15:00:00,2.43,1.2
Zone_A,2026-07-20T16:00:00,2.39,1.73
zone_a,2026-07-20T17:00:00,2.37,2.98
Zone_A,2026-07-20T18:00:00,2.42,3.67
zone_a,2026-07-20T19:00:00,2.45,0.39
Zone_A,2026-07-20T20:00:00,2.38,0.97
Zone_A,2026-07-20T21:00:00,2.41,0.75
zone_a,2026-07-20T22:00:00,2.42,0.04
zone_a,2026-07-20T23:00:00,5000.0,0.64
Zone_A,2026-07-21T00:00:00,5000.0,0.55
Zone_A,2026-07-21T01:00:00,2.19,2.67
Zone_A,2026-07-21T02:00:00,2.18,2.31
Zone_A,2026-07-21T03:00:00,2.16,1.0
Zone_A,2026-07-21T04:00:00,2.15,0.88
Zone_A,2026-07-21T05:00:00,2.2,2.11
Zone_A,2026-07-21T06:00:00,2.35,3.75
ZONE_A,2026-07-21T07:00:00,2.27,0.1
Zone_A,2026-07-21T08:00:00,5000.0,2.04
ZONE_A,2026-07-21T09:00:00,2.76,4.87
Zone_A,2026-07-21T10:00:00,2.92,
zone_a,2026-07-21T11:00:00,2.8,
Zone_A,2026-07-21T12:00:00,,0.32
zone_a,2026-07-21T13:00:00,2.8,1.34
Zone_A,2026-07-21T14:00:00,2.6,1.26
ZONE_A,2026-07-21T15:00:00,2.51,1.22
Zone_A,2026-07-21T16:00:00,2.27,0.13
Zone_A,2026-07-21T17:00:00,2.1,1.51
Zone_A,2026-07-21T18:00:00,,0.33
Zone_A,2026-07-21T19:00:00,2.24,2.94
zone_a,2026-07-21T20:00:00,,3.72
Zone_A,2026-07-21T21:00:00,2.42,
Zone_A,2026-07-21T22:00:00,2.42,0.15
Zone_A,2026-07-21T23:00:00,2.41,2.63
Zone_A,2026-07-22T00:00:00,2.37,0.06
Zone_A,2026-07-22T01:00:00,,0.98
Zone_A,2026-07-22T02:00:00,2.34,0.59
Zone_A,2026-07-22T02:00:00,2.34,0.59
zone_a,2026-07-22T03:00:00,2.45,4.46
zone_a,2026-07-22T04:00:00,2.64,3.28
Zone_A,2026-07-22T05:00:00,2.65,
Zone_A,2026-07-22T06:00:00,2.59,1.11
Zone_A,2026-07-22T07:00:00,2.62,0.09
Zone_A,2026-07-22T08:00:00,2.58,1.39
Zone_A,2026-07-22T09:00:00,,0.07
Zone_A,2026-07-22T10:00:00,5000.0,0.72
Zone_A,2026-07-22T11:00:00,2.81,9.25
Zone_A,2026-07-22T12:00:00,2.94,1.12
Zone_A,2026-07-22T13:00:00,2.9,2.2
ZONE_A,2026-07-22T14:00:00,2.9,3.31
Zone_A,2026-07-22T15:00:00,3.13,7.13
Zone_A,2026-07-22T16:00:00,3.05,
Zone_A,2026-07-22T17:00:00,2.98,2.4
Zone_A,2026-07-22T18:00:00,2.83,1.27
Zone_A,2026-07-22T19:00:00,2.96,1.83
Zone_A,2026-07-22T20:00:00,2.98,2.41
Zone_A,2026-07-22T21:00:00,2.83,1.61
Zone_A,2026-07-22T22:00:00,5000.0,0.71
zone_a,2026-07-22T23:00:00,2.57,0.28
Zone_B,2026-06-01T00:00:00,1.21,0.27
Zone_B,2026-06-01T01:00:00,1.3,2.82
ZONE_B,2026-06-01T02:00:00,1.3,0.4
Zone_B,2026-06-01T03:00:00,1.31,4.37
zone_b,2026-06-01T04:00:00,1.31,0.42
ZONE_B,2026-06-01T05:00:00,1.26,0.11
Zone_B,2026-06-01T06:00:00,1.57,5.68
Zone_B,2026-06-01T07:00:00,1.76,1.81
Zone_B,2026-06-01T08:00:00,1.94,4.74
Zone_B,2026-06-01T09:00:00,2.05,1.33
Zone_B,2026-06-01T10:00:00,2.28,-999.0
Zone_B,2026-06-01T11:00:00,2.31,4.31
Zone_B,2026-06-01T12:00:00,2.59,3.93
Zone_B,2026-06-01T13:00:00,2.71,
Zone_B,2026-06-01T14:00:00,2.86,-999.0
Zone_B,2026-06-01T15:00:00,2.62,0.58
Zone_B,2026-06-01T16:00:00,2.53,1.11
zone_b,2026-06-01T17:00:00,2.58,2.33
Zone_B,2026-06-01T18:00:00,2.63,1.16
Zone_B,2026-06-01T19:00:00,2.39,0.54
ZONE_B,2026-06-01T20:00:00,2.4,2.45
Zone_B,2026-06-01T21:00:00,2.64,5.6
Zone_B,2026-06-01T22:00:00,2.59,3.52
Zone_B,2026-06-01T23:00:00,5000.0,3.22
Zone_B,2026-06-02T00:00:00,2.64,2.12
ZONE_B,2026-06-02T01:00:00,2.74,5.25
Zone_B,2026-06-02T02:00:00,2.64,2.83
Zone_B,2026-06-02T03:00:00,2.42,0.07
Zone_B,2026-06-02T04:00:00,2.44,
Zone_B,2026-06-02T05:00:00,2.4,2.1
ZONE_B,2026-06-02T06:00:00,2.49,1.78
Zone_B,2026-06-02T07:00:00,2.41,2.03
Zone_B,2026-06-02T08:00:00,2.26,3.19
Zone_B,2026-06-02T09:00:00,2.12,
Zone_B,2026-06-02T10:00:00,2.11,1.19
Zone_B,2026-06-02T11:00:00,2.12,2.63
Zone_B,2026-06-02T12:00:00,2.02,0.3
Zone_B,2026-06-02T13:00:00,1.91,0.22
ZONE_B,2026-06-02T14:00:00,1.83,1.18
Zone_B,2026-06-02T15:00:00,1.79,1.52
Zone_B,2026-06-02T16:00:00,1.68,0.1
ZONE_B,2026-06-02T17:00:00,1.79,
Zone_B,2026-06-02T18:00:00,1.74,3.39
Zone_B,2026-06-02T19:00:00,5000.0,
Zone_B,2026-06-02T20:00:00,2.27,3.27
Zone_B,2026-06-02T21:00:00,2.25,
ZONE_B,2026-06-02T22:00:00,2.19,0.78
Zone_B,2026-06-02T23:00:00,2.4,-999.0
Zone_B,2026-06-03T00:00:00,2.52,1.88
Zone_B,2026-06-03T01:00:00,,0.78
ZONE_B,2026-06-03T02:00:00,,12.86
Zone_B,2026-06-03T03:00:00,2.78,0.38
zone_b,2026-06-03T04:00:00,2.73,1.45
Zone_B,2026-06-03T05:00:00,3.26,12.41
Zone_B,2026-06-03T06:00:00,3.46,6.07
Zone_B,2026-06-03T07:00:00,3.34,0.52
Zone_B,2026-06-03T07:00:00,3.34,0.52
Zone_B,2026-06-03T08:00:00,,1.5
ZONE_B,2026-06-03T09:00:00,2.9,0.05
Zone_B,2026-06-03T10:00:00,,1.96
Zone_B,2026-06-03T11:00:00,2.7,0.26
zone_b,2026-06-03T12:00:00,2.73,1.86
Zone_B,2026-06-03T13:00:00,2.63,0.12
Zone_B,2026-06-03T14:00:00,2.57,0.78
Zone_B,2026-06-03T15:00:00,2.44,0.18
Zone_B,2026-06-03T16:00:00,2.44,2.06
Zone_B,2026-06-03T17:00:00,,3.1
ZONE_B,2026-06-03T18:00:00,5000.0,2.09
Zone_B,2026-06-03T19:00:00,2.56,2.24
Zone_B,2026-06-03T20:00:00,2.35,0.2
zone_b,2026-06-03T21:00:00,2.32,2.29
Zone_B,2026-06-03T22:00:00,2.13,1.84
Zone_B,2026-06-03T23:00:00,2.3,3.81
Zone_B,2026-06-04T00:00:00,2.47,5.89
Zone_B,2026-06-04T01:00:00,2.49,3.67
Zone_B,2026-06-04T02:00:00,2.4,0.48
Zone_B,2026-06-04T03:00:00,2.12,1.11
Zone_B,2026-06-04T04:00:00,2.26,1.47
Zone_B,2026-06-04T05:00:00,5000.0,0.83
Zone_B,2026-06-04T06:00:00,2.25,0.52
Zone_B,2026-06-04T07:00:00,2.22,0.96
Zone_B,2026-06-04T08:00:00,5000.0,0.31
Zone_B,2026-06-04T08:00:00,5000.0,0.31
Zone_B,2026-06-04T09:00:00,2.39,3.12
Zone_B,2026-06-04T10:00:00,,0.12
Zone_B,2026-06-04T11:00:00,2.46,4.91
Zone_B,2026-06-04T12:00:00,2.37,1.09
ZONE_B,2026-06-04T13:00:00,2.32,0.11
Zone_B,2026-06-04T14:00:00,2.53,6.07
Zone_B,2026-06-04T15:00:00,2.19,0.5
Zone_B,2026-06-04T16:00:00,2.04,
ZONE_B,2026-06-04T17:00:00,2.09,0.11
Zone_B,2026-06-04T18:00:00,1.74,0.3
Zone_B,2026-06-04T19:00:00,1.77,-999.0
zone_b,2026-06-04T20:00:00,1.96,2.86
Zone_B,2026-06-04T21:00:00,5000.0,1.1
Zone_B,2026-06-04T22:00:00,1.76,0.23
ZONE_B,2026-06-04T23:00:00,,0.66
zone_b,2026-06-05T00:00:00,1.88,0.35
Zone_B,2026-06-05T01:00:00,1.8,0.47
Zone_B,2026-06-05T02:00:00,2.0,1.77
Zone_B,2026-06-05T02:00:00,2.0,1.77
Zone_B,2026-06-05T03:00:00,2.04,
Zone_B,2026-06-05T04:00:00,3.67,32.79
Zone_B,2026-06-05T05:00:00,4.29,13.41
Zone_B,2026-06-05T06:00:00,5.73,37.88
Zone_B,2026-06-05T07:00:00,7.21,37.99
Zone_B,2026-06-05T07:00:00,7.21,37.99
ZONE_B,2026-06-05T08:00:00,8.42,39.3
Zone_B,2026-06-05T09:00:00,9.49,38.12
Zone_B,2026-06-05T10:00:00,5000.0,22.01
Zone_B,2026-06-05T11:00:00,10.01,24.77
Zone_B,2026-06-05T12:00:00,9.81,12.26
Zone_B,2026-06-05T13:00:00,10.5,32.42
Zone_B,2026-06-05T14:00:00,11.18,33.28
Zone_B,2026-06-05T15:00:00,11.02,15.33
Zone_B,2026-06-05T16:00:00,,46.15
Zone_B,2026-06-05T17:00:00,12.31,18.05
Zone_B,2026-06-05T18:00:00,11.89,10.9
ZONE_B,2026-06-05T19:00:00,11.94,22.92
Zone_B,2026-06-05T20:00:00,11.66,19.46
ZONE_B,2026-06-05T21:00:00,5000.0,41.09
Zone_B,2026-06-05T22:00:00,12.37,14.34
Zone_B,2026-06-05T23:00:00,12.05,15.69
Zone_B,2026-06-06T00:00:00,11.92,17.52
Zone_B,2026-06-06T01:00:00,13.26,48.3
Zone_B,2026-06-06T02:00:00,13.83,37.56
zone_b,2026-06-06T03:00:00,13.78,
Zone_B,2026-06-06T04:00:00,14.47,
Zone_B,2026-06-06T05:00:00,13.92,14.38
Zone_B,2026-06-06T06:00:00,15.14,
Zone_B,2026-06-06T07:00:00,15.86,45.22
ZONE_B,2026-06-06T08:00:00,15.66,
Zone_B,2026-06-06T09:00:00,15.41,24.39
Zone_B,2026-06-06T10:00:00,,14.08
Zone_B,2026-06-06T11:00:00,,49.05
Zone_B,2026-06-06T12:00:00,15.53,
Zone_B,2026-06-06T13:00:00,,22.74
zone_b,2026-06-06T14:00:00,14.62,12.09
Zone_B,2026-06-06T15:00:00,14.18,18.33
Zone_B,2026-06-06T16:00:00,13.99,19.8
Zone_B,2026-06-06T17:00:00,13.17,11.21
Zone_B,2026-06-06T18:00:00,12.39,10.56
zone_b,2026-06-06T19:00:00,11.92,14.17
Zone_B,2026-06-06T20:00:00,11.37,10.05
Zone_B,2026-06-06T21:00:00,,1.8
Zone_B,2026-06-06T22:00:00,9.63,2.93
Zone_B,2026-06-06T23:00:00,,4.75
Zone_B,2026-06-07T00:00:00,8.54,4.39
Zone_B,2026-06-07T01:00:00,8.71,16.19
Zone_B,2026-06-07T02:00:00,8.1,0.9
Zone_B,2026-06-07T03:00:00,7.38,2.21
zone_b,2026-06-07T04:00:00,6.68,0.15
Zone_B,2026-06-07T05:00:00,,
Zone_B,2026-06-07T06:00:00,5.74,0.96
Zone_B,2026-06-07T07:00:00,5.51,2.4
zone_b,2026-06-07T08:00:00,4.99,0.56
Zone_B,2026-06-07T09:00:00,4.6,2.61
zone_b,2026-06-07T10:00:00,4.46,2.62
Zone_B,2026-06-07T11:00:00,,4.51
Zone_B,2026-06-07T12:00:00,,0.22
Zone_B,2026-06-07T13:00:00,3.88,
Zone_B,2026-06-07T14:00:00,3.73,3.07
Zone_B,2026-06-07T15:00:00,3.49,0.32
Zone_B,2026-06-07T16:00:00,,1.05
Zone_B,2026-06-07T17:00:00,3.45,-999.0
Zone_B,2026-06-07T18:00:00,3.31,0.72
Zone_B,2026-06-07T19:00:00,3.46,9.97
Zone_B,2026-06-07T20:00:00,3.51,4.41
Zone_B,2026-06-07T21:00:00,3.25,0.87
Zone_B,2026-06-07T22:00:00,5000.0,3.55
Zone_B,2026-06-07T22:00:00,5000.0,3.55
Zone_B,2026-06-07T23:00:00,2.89,
Zone_B,2026-06-08T00:00:00,2.72,0.73
Zone_B,2026-06-08T01:00:00,2.58,0.43
Zone_B,2026-06-08T01:00:00,2.58,0.43
Zone_B,2026-06-08T02:00:00,2.74,5.4
Zone_B,2026-06-08T03:00:00,3.09,9.9
Zone_B,2026-06-08T04:00:00,2.88,0.71
Zone_B,2026-06-08T05:00:00,2.7,1.23
Zone_B,2026-06-08T06:00:00,,1.87
Zone_B,2026-06-08T07:00:00,,
Zone_B,2026-06-08T08:00:00,2.39,2.7
Zone_B,2026-06-08T09:00:00,2.15,0.37
Zone_B,2026-06-08T10:00:00,2.2,2.84
ZONE_B,2026-06-08T11:00:00,2.04,0.32
ZONE_B,2026-06-08T12:00:00,1.92,1.95
Zone_B,2026-06-08T13:00:00,1.86,
Zone_B,2026-06-08T14:00:00,2.01,3.28
ZONE_B,2026-06-08T15:00:00,1.9,0.23
Zone_B,2026-06-08T16:00:00,2.01,5.0
Zone_B,2026-06-08T17:00:00,2.07,-999.0
zone_b,2026-06-08T18:00:00,2.07,1.56
ZONE_B,2026-06-08T19:00:00,2.04,2.61
Zone_B,2026-06-08T20:00:00,2.06,2.83
Zone_B,2026-06-08T21:00:00,1.98,1.04
Zone_B,2026-06-08T22:00:00,1.98,0.23
Zone_B,2026-06-08T23:00:00,5000.0,2.07
Zone_B,2026-06-09T00:00:00,2.1,2.74
Zone_B,2026-06-09T01:00:00,2.03,-999.0
Zone_B,2026-06-09T02:00:00,1.84,1.16
Zone_B,2026-06-09T03:00:00,,4.18
Zone_B,2026-06-09T04:00:00,1.91,2.37
Zone_B,2026-06-09T05:00:00,1.89,1.19
ZONE_B,2026-06-09T06:00:00,1.99,1.47
Zone_B,2026-06-09T07:00:00,1.93,2.41
Zone_B,2026-06-09T08:00:00,1.88,1.26
zone_b,2026-06-09T09:00:00,1.92,-999.0
Zone_B,2026-06-09T10:00:00,2.04,2.66
Zone_B,2026-06-09T11:00:00,,0.84
Zone_B,2026-06-09T12:00:00,1.71,1.0
Zone_B,2026-06-09T12:00:00,1.71,1.0
Zone_B,2026-06-09T13:00:00,1.67,0.66
Zone_B,2026-06-09T14:00:00,,4.03
Zone_B,2026-06-09T15:00:00,2.03,0.53
ZONE_B,2026-06-09T16:00:00,1.97,0.33
Zone_B,2026-06-09T17:00:00,2.12,3.08
Zone_B,2026-06-09T18:00:00,2.02,0.11
zone_b,2026-06-09T19:00:00,5000.0,0.27
Zone_B,2026-06-09T20:00:00,5000.0,1.06
Zone_B,2026-06-09T21:00:00,5000.0,0.16
zone_b,2026-06-09T22:00:00,,
zone_b,2026-06-09T23:00:00,1.76,2.08
Zone_B,2026-06-10T00:00:00,1.61,0.02
Zone_B,2026-06-10T01:00:00,1.59,0.04
zone_b,2026-06-10T02:00:00,,0.92
Zone_B,2026-06-10T03:00:00,,1.74
Zone_B,2026-06-10T04:00:00,1.68,0.6
zone_b,2026-06-10T05:00:00,1.7,1.22
Zone_B,2026-06-10T06:00:00,1.82,
Zone_B,2026-06-10T07:00:00,1.96,5.36
ZONE_B,2026-06-10T08:00:00,1.94,0.37
Zone_B,2026-06-10T09:00:00,2.12,3.65
Zone_B,2026-06-10T10:00:00,2.01,1.73
Zone_B,2026-06-10T11:00:00,1.95,1.71
Zone_B,2026-06-10T12:00:00,2.11,2.06
Zone_B,2026-06-10T13:00:00,2.37,7.68
Zone_B,2026-06-10T14:00:00,2.35,1.27
Zone_B,2026-06-10T15:00:00,2.72,9.6
Zone_B,2026-06-10T16:00:00,2.57,2.0
Zone_B,2026-06-10T17:00:00,2.66,2.1
Zone_B,2026-06-10T18:00:00,2.97,-999.0
Zone_B,2026-06-10T19:00:00,2.7,0.89
Zone_B,2026-06-10T20:00:00,2.7,2.54
zone_b,2026-06-10T21:00:00,2.63,0.3
Zone_B,2026-06-10T22:00:00,2.48,1.6
Zone_B,2026-06-10T23:00:00,2.36,1.02
zone_b,2026-06-11T00:00:00,2.24,2.86
Zone_B,2026-06-11T01:00:00,2.28,-999.0
Zone_B,2026-06-11T02:00:00,,0.54
zone_b,2026-06-11T03:00:00,2.35,2.91
Zone_B,2026-06-11T04:00:00,2.29,0.79
Zone_B,2026-06-11T05:00:00,5000.0,7.6
Zone_B,2026-06-11T06:00:00,2.32,0.21
Zone_B,2026-06-11T07:00:00,2.33,0.84
Zone_B,2026-06-11T08:00:00,2.29,0.02
ZONE_B,2026-06-11T09:00:00,2.29,-999.0
Zone_B,2026-06-11T10:00:00,2.24,3.69
Zone_B,2026-06-11T11:00:00,5000.0,0.26
Zone_B,2026-06-11T12:00:00,2.13,-999.0
zone_b,2026-06-11T13:00:00,5000.0,8.52
zone_b,2026-06-11T14:00:00,2.51,-999.0
Zone_B,2026-06-11T15:00:00,2.42,0.25
Zone_B,2026-06-11T16:00:00,2.59,4.65
Zone_B,2026-06-11T17:00:00,,0.09
Zone_B,2026-06-11T18:00:00,2.25,-999.0
Zone_B,2026-06-11T19:00:00,2.22,0.6
Zone_B,2026-06-11T20:00:00,1.93,0.74
Zone_B,2026-06-11T21:00:00,1.95,2.0
zone_b,2026-06-11T22:00:00,1.91,1.46
Zone_B,2026-06-11T23:00:00,1.8,
Zone_B,2026-06-12T00:00:00,1.85,1.16
Zone_B,2026-06-12T01:00:00,1.79,
Zone_B,2026-06-12T02:00:00,1.78,3.41
zone_b,2026-06-12T03:00:00,1.55,1.26
Zone_B,2026-06-12T04:00:00,1.86,2.47
Zone_B,2026-06-12T05:00:00,,0.48
Zone_B,2026-06-12T06:00:00,1.66,3.12
Zone_B,2026-06-12T07:00:00,,5.1
Zone_B,2026-06-12T08:00:00,1.94,2.06
Zone_B,2026-06-12T09:00:00,5000.0,0.1
Zone_B,2026-06-12T10:00:00,1.93,1.47
zone_b,2026-06-12T11:00:00,2.22,6.92
zone_b,2026-06-12T12:00:00,2.12,0.83
ZONE_B,2026-06-12T13:00:00,2.19,0.1
Zone_B,2026-06-12T14:00:00,2.13,1.39
Zone_B,2026-06-12T15:00:00,1.97,1.37
Zone_B,2026-06-12T16:00:00,1.95,
zone_b,2026-06-12T17:00:00,1.89,0.1
Zone_B,2026-06-12T18:00:00,1.85,0.04
Zone_B,2026-06-12T19:00:00,1.66,0.04
Zone_B,2026-06-12T20:00:00,1.78,2.39
Zone_B,2026-06-12T21:00:00,1.82,0.15
Zone_B,2026-06-12T21:00:00,1.82,0.15
Zone_B,2026-06-12T22:00:00,,3.79
Zone_B,2026-06-12T23:00:00,,
Zone_B,2026-06-13T00:00:00,2.18,0.17
Zone_B,2026-06-13T01:00:00,1.89,0.37
Zone_B,2026-06-13T02:00:00,2.1,4.68
Zone_B,2026-06-13T03:00:00,2.09,2.51
Zone_B,2026-06-13T04:00:00,2.09,1.65
Zone_B,2026-06-13T05:00:00,5000.0,
Zone_B,2026-06-13T06:00:00,1.97,0.76
Zone_B,2026-06-13T07:00:00,1.9,1.0
Zone_B,2026-06-13T08:00:00,1.8,0.47
ZONE_B,2026-06-13T09:00:00,1.83,1.23
Zone_B,2026-06-13T10:00:00,1.67,3.05
Zone_B,2026-06-13T11:00:00,1.68,1.19
zone_b,2026-06-13T12:00:00,1.87,3.32
ZONE_B,2026-06-13T13:00:00,1.91,0.81
Zone_B,2026-06-13T14:00:00,1.68,1.12
Zone_B,2026-06-13T15:00:00,1.72,0.34
Zone_B,2026-06-13T16:00:00,1.73,0.42
Zone_B,2026-06-13T17:00:00,1.72,0.95
Zone_B,2026-06-13T18:00:00,1.82,-999.0
Zone_B,2026-06-13T19:00:00,5000.0,8.14
Zone_B,2026-06-13T20:00:00,2.29,
Zone_B,2026-06-13T21:00:00,2.33,1.02
Zone_B,2026-06-13T22:00:00,2.33,2.12
Zone_B,2026-06-13T23:00:00,2.32,1.03
Zone_B,2026-06-14T00:00:00,2.36,1.98
zone_b,2026-06-14T01:00:00,2.22,1.61
Zone_B,2026-06-14T02:00:00,2.28,0.52
Zone_B,2026-06-14T03:00:00,2.42,3.18
Zone_B,2026-06-14T04:00:00,,1.09
Zone_B,2026-06-14T05:00:00,2.24,0.17
zone_b,2026-06-14T06:00:00,2.43,6.61
Zone_B,2026-06-14T07:00:00,2.7,9.0
ZONE_B,2026-06-14T08:00:00,2.5,0.21
zone_b,2026-06-14T09:00:00,,0.58
Zone_B,2026-06-14T10:00:00,,0.3
Zone_B,2026-06-14T11:00:00,2.24,1.62
Zone_B,2026-06-14T12:00:00,2.23,1.79
Zone_B,2026-06-14T12:00:00,2.23,1.79
Zone_B,2026-06-14T13:00:00,2.01,0.1
Zone_B,2026-06-14T14:00:00,2.1,2.66
Zone_B,2026-06-14T15:00:00,1.96,0.91
Zone_B,2026-06-14T16:00:00,1.96,0.1
Zone_B,2026-06-14T17:00:00,1.96,4.02
zone_b,2026-06-14T18:00:00,1.98,4.88
ZONE_B,2026-06-14T19:00:00,2.01,5.03
Zone_B,2026-06-14T20:00:00,2.02,
Zone_B,2026-06-14T21:00:00,1.93,0.25
Zone_B,2026-06-14T22:00:00,,2.28
Zone_B,2026-06-14T23:00:00,1.93,3.54
Zone_B,2026-06-15T00:00:00,1.83,0.2
Zone_B,2026-06-15T01:00:00,1.85,2.9
Zone_B,2026-06-15T02:00:00,1.91,1.04
Zone_B,2026-06-15T03:00:00,1.81,0.2
Zone_B,2026-06-15T04:00:00,1.86,4.13
Zone_B,2026-06-15T05:00:00,2.13,7.03
Zone_B,2026-06-15T06:00:00,2.14,1.32
Zone_B,2026-06-15T07:00:00,2.35,5.04
ZONE_B,2026-06-15T08:00:00,,
Zone_B,2026-06-15T09:00:00,2.3,1.67
Zone_B,2026-06-15T10:00:00,5000.0,1.18
Zone_B,2026-06-15T11:00:00,2.15,1.19
Zone_B,2026-06-15T12:00:00,2.16,3.34
Zone_B,2026-06-15T13:00:00,1.89,0.33
ZONE_B,2026-06-15T14:00:00,1.95,0.25
Zone_B,2026-06-15T15:00:00,1.67,0.11
Zone_B,2026-06-15T16:00:00,1.73,1.06
Zone_B,2026-06-15T17:00:00,1.77,-999.0
Zone_B,2026-06-15T18:00:00,1.88,1.06
zone_b,2026-06-15T19:00:00,1.66,0.24
ZONE_B,2026-06-15T20:00:00,1.55,1.07
zone_b,2026-06-15T21:00:00,1.3,0.65
Zone_B,2026-06-15T22:00:00,1.15,1.22
Zone_B,2026-06-15T23:00:00,1.44,2.55
Zone_B,2026-06-16T00:00:00,1.56,3.34
Zone_B,2026-06-16T01:00:00,5000.0,5.23
Zone_B,2026-06-16T02:00:00,1.85,0.23
zone_b,2026-06-16T03:00:00,1.67,0.3
Zone_B,2026-06-16T04:00:00,1.66,0.48
Zone_B,2026-06-16T05:00:00,1.69,2.44
Zone_B,2026-06-16T06:00:00,1.61,0.89
Zone_B,2026-06-16T07:00:00,1.71,3.8
zone_b,2026-06-16T08:00:00,1.68,1.79
Zone_B,2026-06-16T09:00:00,1.94,5.29
Zone_B,2026-06-16T09:00:00,1.94,5.29
Zone_B,2026-06-16T10:00:00,2.01,3.22
Zone_B,2026-06-16T11:00:00,1.81,0.63
Zone_B,2026-06-16T12:00:00,1.77,0.73
Zone_B,2026-06-16T13:00:00,1.68,0.22
Zone_B,2026-06-16T14:00:00,1.76,
Zone_B,2026-06-16T15:00:00,,0.13
ZONE_B,2026-06-16T16:00:00,2.02,0.99
Zone_B,2026-06-16T17:00:00,2.01,
Zone_B,2026-06-16T18:00:00,2.01,1.1
Zone_B,2026-06-16T19:00:00,1.94,1.36
Zone_B,2026-06-16T20:00:00,2.01,0.26
zone_b,2026-06-16T21:00:00,1.95,0.68
Zone_B,2026-06-16T22:00:00,2.07,-999.0
Zone_B,2026-06-16T23:00:00,2.06,1.11
Zone_B,2026-06-17T00:00:00,2.03,1.14
Zone_B,2026-06-17T01:00:00,2.11,1.7
Zone_B,2026-06-17T02:00:00,,1.98
Zone_B,2026-06-17T03:00:00,2.0,0.85
Zone_B,2026-06-17T04:00:00,,1.96
Zone_B,2026-06-17T05:00:00,2.14,2.05
Zone_B,2026-06-17T06:00:00,,0.35
Zone_B,2026-06-17T07:00:00,,0.34
Zone_B,2026-06-17T08:00:00,1.63,
Zone_B,2026-06-17T09:00:00,1.64,0.52
Zone_B,2026-06-17T10:00:00,1.57,0.3
Zone_B,2026-06-17T11:00:00,1.49,0.77
Zone_B,2026-06-17T12:00:00,1.38,
Zone_B,2026-06-17T13:00:00,1.57,1.45
Zone_B,2026-06-17T14:00:00,,0.52
Zone_B,2026-06-17T15:00:00,1.93,5.12
Zone_B,2026-06-17T16:00:00,1.76,0.27
Zone_B,2026-06-17T17:00:00,1.81,0.95
Zone_B,2026-06-17T18:00:00,1.75,0.87
Zone_B,2026-06-17T19:00:00,1.72,0.72
ZONE_B,2026-06-17T20:00:00,,0.28
Zone_B,2026-06-17T21:00:00,1.6,0.56
zone_b,2026-06-17T22:00:00,1.67,1.82
ZONE_B,2026-06-17T23:00:00,1.74,2.97
Zone_B,2026-06-18T00:00:00,1.71,0.88
Zone_B,2026-06-18T01:00:00,1.89,
zone_b,2026-06-18T02:00:00,1.87,0.0
Zone_B,2026-06-18T03:00:00,5000.0,2.23
Zone_B,2026-06-18T04:00:00,,1.8
Zone_B,2026-06-18T05:00:00,2.13,2.14
Zone_B,2026-06-18T06:00:00,5000.0,4.96
Zone_B,2026-06-18T07:00:00,5000.0,0.33
Zone_B,2026-06-18T08:00:00,2.05,-999.0
Zone_B,2026-06-18T09:00:00,2.0,0.52
zone_b,2026-06-18T10:00:00,5000.0,0.03
Zone_B,2026-06-18T11:00:00,2.03,3.48
zone_b,2026-06-18T12:00:00,1.83,0.65
Zone_B,2026-06-18T13:00:00,1.77,2.38
Zone_B,2026-06-18T14:00:00,1.79,1.1
Zone_B,2026-06-18T15:00:00,1.98,1.08
zone_b,2026-06-18T16:00:00,1.89,0.08
Zone_B,2026-06-18T17:00:00,1.74,2.41
Zone_B,2026-06-18T18:00:00,1.78,2.35
Zone_B,2026-06-18T19:00:00,1.64,0.15
ZONE_B,2026-06-18T20:00:00,1.72,0.88
Zone_B,2026-06-18T21:00:00,,0.65
Zone_B,2026-06-18T22:00:00,1.77,1.84
ZONE_B,2026-06-18T23:00:00,1.76,
Zone_B,2026-06-19T00:00:00,1.9,4.7
Zone_B,2026-06-19T01:00:00,2.0,5.78
Zone_B,2026-06-19T02:00:00,1.83,0.22
Zone_B,2026-06-19T03:00:00,1.99,
Zone_B,2026-06-19T04:00:00,5000.0,
Zone_B,2026-06-19T05:00:00,2.13,0.04
zone_b,2026-06-19T06:00:00,2.19,0.92
zone_b,2026-06-19T07:00:00,2.14,1.93
Zone_B,2026-06-19T08:00:00,1.82,1.48
Zone_B,2026-06-19T09:00:00,1.75,1.67
Zone_B,2026-06-19T10:00:00,1.8,-999.0
Zone_B,2026-06-19T11:00:00,1.88,2.42
Zone_B,2026-06-19T12:00:00,2.11,-999.0
Zone_B,2026-06-19T13:00:00,,2.71
Zone_B,2026-06-19T14:00:00,,4.13
Zone_B,2026-06-19T15:00:00,2.3,4.98
Zone_B,2026-06-19T16:00:00,2.15,1.0
Zone_B,2026-06-19T17:00:00,2.13,0.25
Zone_B,2026-06-19T18:00:00,2.15,0.77
Zone_B,2026-06-19T19:00:00,2.33,4.16
Zone_B,2026-06-19T20:00:00,2.25,1.67
Zone_B,2026-06-19T21:00:00,2.15,0.32
Zone_B,2026-06-19T22:00:00,2.38,0.34
Zone_B,2026-06-19T23:00:00,2.39,3.16
Zone_B,2026-06-20T00:00:00,2.32,0.7
Zone_B,2026-06-20T01:00:00,2.26,1.18
Zone_B,2026-06-20T02:00:00,2.44,0.79
zone_b,2026-06-20T03:00:00,2.43,2.78
Zone_B,2026-06-20T04:00:00,2.51,
Zone_B,2026-06-20T05:00:00,5000.0,
Zone_B,2026-06-20T06:00:00,2.35,3.51
Zone_B,2026-06-20T07:00:00,2.3,2.06
Zone_B,2026-06-20T08:00:00,5000.0,0.12
Zone_B,2026-06-20T09:00:00,2.17,3.69
ZONE_B,2026-06-20T10:00:00,2.17,
ZONE_B,2026-06-20T11:00:00,2.01,0.84
Zone_B,2026-06-20T12:00:00,2.0,2.72
Zone_B,2026-06-20T12:00:00,2.0,2.72
Zone_B,2026-06-20T13:00:00,1.86,0.25
Zone_B,2026-06-20T13:00:00,1.86,0.25
Zone_B,2026-06-20T14:00:00,1.77,
Zone_B,2026-06-20T15:00:00,1.66,0.65
ZONE_B,2026-06-20T16:00:00,1.95,4.7
ZONE_B,2026-06-20T17:00:00,1.98,4.24
Zone_B,2026-06-20T18:00:00,1.92,4.0
Zone_B,2026-06-20T19:00:00,2.06,4.23
Zone_B,2026-06-20T20:00:00,2.16,0.75
Zone_B,2026-06-20T21:00:00,2.3,1.08
zone_b,2026-06-20T22:00:00,,0.98
Zone_B,2026-06-20T23:00:00,2.28,2.68
Zone_B,2026-06-21T00:00:00,2.42,4.74
Zone_B,2026-06-21T01:00:00,2.44,4.2
Zone_B,2026-06-21T02:00:00,2.54,0.79
Zone_B,2026-06-21T03:00:00,2.5,2.46
Zone_B,2026-06-21T04:00:00,2.72,
Zone_B,2026-06-21T05:00:00,,-999.0
Zone_B,2026-06-21T06:00:00,,0.43
Zone_B,2026-06-21T07:00:00,2.43,
Zone_B,2026-06-21T08:00:00,5000.0,3.15
Zone_B,2026-06-21T09:00:00,2.28,
Zone_B,2026-06-21T10:00:00,2.13,2.67
Zone_B,2026-06-21T11:00:00,5000.0,
Zone_B,2026-06-21T12:00:00,2.16,4.7
Zone_B,2026-06-21T13:00:00,2.25,5.48
Zone_B,2026-06-21T14:00:00,1.94,0.45
Zone_B,2026-06-21T15:00:00,2.23,4.37
Zone_B,2026-06-21T16:00:00,2.37,1.38
Zone_B,2026-06-21T17:00:00,2.37,3.63
Zone_B,2026-06-21T18:00:00,2.39,0.71
Zone_B,2026-06-21T19:00:00,2.3,3.04
Zone_B,2026-06-21T20:00:00,2.13,0.5
Zone_B,2026-06-21T21:00:00,2.18,
Zone_B,2026-06-21T22:00:00,5000.0,1.69
Zone_B,2026-06-21T23:00:00,2.2,3.44
zone_b,2026-06-22T00:00:00,2.19,0.17
Zone_B,2026-06-22T01:00:00,2.3,0.73
Zone_B,2026-06-22T02:00:00,2.2,1.48
Zone_B,2026-06-22T03:00:00,2.12,
Zone_B,2026-06-22T04:00:00,1.9,0.03
Zone_B,2026-06-22T05:00:00,2.05,1.42
Zone_B,2026-06-22T05:00:00,2.05,1.42
Zone_B,2026-06-22T06:00:00,2.11,0.49
Zone_B,2026-06-22T07:00:00,,4.9
Zone_B,2026-06-22T08:00:00,2.2,2.02
Zone_B,2026-06-22T09:00:00,2.31,1.92
Zone_B,2026-06-22T10:00:00,2.22,0.31
Zone_B,2026-06-22T11:00:00,2.15,0.23
Zone_B,2026-06-22T12:00:00,2.24,4.64
Zone_B,2026-06-22T13:00:00,,
ZONE_B,2026-06-22T14:00:00,5000.0,0.47
Zone_B,2026-06-22T15:00:00,2.13,0.29
Zone_B,2026-06-22T16:00:00,2.06,0.49
zone_b,2026-06-22T17:00:00,2.08,0.51
Zone_B,2026-06-22T18:00:00,1.9,1.2
Zone_B,2026-06-22T19:00:00,2.21,
Zone_B,2026-06-22T20:00:00,2.12,1.9
Zone_B,2026-06-22T21:00:00,2.01,0.61
Zone_B,2026-06-22T22:00:00,2.05,5.38
Zone_B,2026-06-22T23:00:00,1.83,1.58
Zone_B,2026-06-23T00:00:00,1.73,0.77
zone_b,2026-06-23T01:00:00,1.78,-999.0
Zone_B,2026-06-23T02:00:00,1.65,0.97
Zone_B,2026-06-23T03:00:00,1.9,
ZONE_B,2026-06-23T04:00:00,1.9,
Zone_B,2026-06-23T05:00:00,1.97,-999.0
Zone_B,2026-06-23T06:00:00,1.93,-999.0
zone_b,2026-06-23T07:00:00,2.07,2.74
Zone_B,2026-06-23T08:00:00,1.9,
Zone_B,2026-06-23T09:00:00,2.01,0.27
Zone_B,2026-06-23T10:00:00,1.98,3.5
Zone_B,2026-06-23T11:00:00,2.0,3.47
Zone_B,2026-06-23T12:00:00,2.03,
Zone_B,2026-06-23T13:00:00,1.89,0.76
Zone_B,2026-06-23T14:00:00,1.85,0.48
Zone_B,2026-06-23T15:00:00,,2.36
Zone_B,2026-06-23T16:00:00,1.76,2.64
Zone_B,2026-06-23T17:00:00,1.74,3.45
Zone_B,2026-06-23T18:00:00,1.9,-999.0
Zone_B,2026-06-23T19:00:00,1.94,0.58
Zone_B,2026-06-23T20:00:00,1.96,
Zone_B,2026-06-23T21:00:00,1.86,-999.0
Zone_B,2026-06-23T21:00:00,1.86,-999.0
zone_b,2026-06-23T22:00:00,,0.06
Zone_B,2026-06-23T23:00:00,5000.0,9.76
Zone_B,2026-06-24T00:00:00,2.39,2.12
Zone_B,2026-06-24T01:00:00,2.29,
Zone_B,2026-06-24T02:00:00,2.56,4.45
Zone_B,2026-06-24T03:00:00,2.57,1.73
Zone_B,2026-06-24T04:00:00,2.59,3.9
Zone_B,2026-06-24T05:00:00,2.38,2.32
Zone_B,2026-06-24T06:00:00,5000.0,1.59
Zone_B,2026-06-24T07:00:00,2.14,1.31
Zone_B,2026-06-24T08:00:00,2.16,0.57
Zone_B,2026-06-24T09:00:00,2.12,0.87
Zone_B,2026-06-24T10:00:00,,1.41
Zone_B,2026-06-24T11:00:00,2.23,1.43
Zone_B,2026-06-24T12:00:00,2.39,2.53
Zone_B,2026-06-24T13:00:00,,
Zone_B,2026-06-24T14:00:00,2.41,0.8
Zone_B,2026-06-24T15:00:00,2.51,0.84
zone_b,2026-06-24T16:00:00,2.14,0.05
Zone_B,2026-06-24T17:00:00,2.2,2.69
Zone_B,2026-06-24T18:00:00,2.58,9.01
Zone_B,2026-06-24T19:00:00,2.92,7.83
Zone_B,2026-06-24T20:00:00,2.78,3.38
Zone_B,2026-06-24T20:00:00,2.78,3.38
ZONE_B,2026-06-24T21:00:00,2.71,2.04
Zone_B,2026-06-24T22:00:00,2.81,0.59
Zone_B,2026-06-24T23:00:00,2.78,3.41
Zone_B,2026-06-25T00:00:00,2.71,0.56
Zone_B,2026-06-25T01:00:00,2.61,0.48
Zone_B,2026-06-25T02:00:00,2.71,3.52
Zone_B,2026-06-25T03:00:00,2.48,3.87
Zone_B,2026-06-25T04:00:00,2.33,0.03
Zone_B,2026-06-25T05:00:00,2.41,0.39
Zone_B,2026-06-25T06:00:00,2.36,0.15
Zone_B,2026-06-25T07:00:00,2.38,
Zone_B,2026-06-25T08:00:00,,2.76
Zone_B,2026-06-25T09:00:00,2.27,-999.0
Zone_B,2026-06-25T10:00:00,2.21,
Zone_B,2026-06-25T11:00:00,2.08,0.25
Zone_B,2026-06-25T12:00:00,2.2,1.36
Zone_B,2026-06-25T13:00:00,2.15,0.88
Zone_B,2026-06-25T14:00:00,2.33,6.11
Zone_B,2026-06-25T15:00:00,2.44,2.76
Zone_B,2026-06-25T16:00:00,2.45,0.19
Zone_B,2026-06-25T17:00:00,2.49,2.16
Zone_B,2026-06-25T18:00:00,2.52,4.64
Zone_B,2026-06-25T19:00:00,2.35,-999.0
Zone_B,2026-06-25T20:00:00,2.18,0.45
Zone_B,2026-06-25T21:00:00,2.35,5.3
Zone_B,2026-06-25T21:00:00,2.35,5.3
Zone_B,2026-06-25T22:00:00,2.48,4.39
Zone_B,2026-06-25T23:00:00,,7.46
ZONE_B,2026-06-26T00:00:00,2.82,1.33
Zone_B,2026-06-26T01:00:00,2.66,0.71
Zone_B,2026-06-26T02:00:00,2.71,1.46
Zone_B,2026-06-26T03:00:00,2.57,1.31
Zone_B,2026-06-26T03:00:00,2.57,1.31
Zone_B,2026-06-26T04:00:00,2.61,2.89
Zone_B,2026-06-26T05:00:00,2.67,1.62
zone_b,2026-06-26T06:00:00,2.73,1.8
ZONE_B,2026-06-26T07:00:00,2.74,0.6
Zone_B,2026-06-26T08:00:00,2.84,0.36
zone_b,2026-06-26T09:00:00,2.81,0.2
Zone_B,2026-06-26T10:00:00,,3.95
Zone_B,2026-06-26T11:00:00,2.77,3.2
Zone_B,2026-06-26T12:00:00,2.46,0.27
Zone_B,2026-06-26T13:00:00,2.37,0.27
Zone_B,2026-06-26T14:00:00,,0.58
zone_b,2026-06-26T15:00:00,2.24,2.23
Zone_B,2026-06-26T16:00:00,2.32,2.11
Zone_B,2026-06-26T17:00:00,2.23,4.03
Zone_B,2026-06-26T18:00:00,2.21,0.47
Zone_B,2026-06-26T19:00:00,2.13,0.0
zone_b,2026-06-26T20:00:00,2.14,1.75
Zone_B,2026-06-26T21:00:00,2.19,3.17
Zone_B,2026-06-26T22:00:00,,1.39
Zone_B,2026-06-26T23:00:00,1.96,0.15
Zone_B,2026-06-27T00:00:00,2.15,5.36
Zone_B,2026-06-27T01:00:00,2.17,1.64
Zone_B,2026-06-27T02:00:00,2.03,2.74
Zone_B,2026-06-27T03:00:00,2.06,3.5
zone_b,2026-06-27T04:00:00,2.19,
Zone_B,2026-06-27T05:00:00,2.36,3.94
Zone_B,2026-06-27T06:00:00,2.36,2.9
ZONE_B,2026-06-27T07:00:00,2.33,0.29
Zone_B,2026-06-27T08:00:00,2.1,0.05
zone_b,2026-06-27T09:00:00,2.24,5.45
ZONE_B,2026-06-27T10:00:00,2.34,1.8
Zone_B,2026-06-27T11:00:00,2.53,3.62
Zone_B,2026-06-27T12:00:00,5000.0,2.41
Zone_B,2026-06-27T13:00:00,2.62,0.38
Zone_B,2026-06-27T14:00:00,5000.0,4.86
zone_b,2026-06-27T15:00:00,2.72,1.08
Zone_B,2026-06-27T16:00:00,2.59,
Zone_B,2026-06-27T17:00:00,2.39,0.01
zone_b,2026-06-27T18:00:00,2.32,-999.0
Zone_B,2026-06-27T19:00:00,2.09,
Zone_B,2026-06-27T20:00:00,2.05,2.05
zone_b,2026-06-27T21:00:00,1.99,
zone_b,2026-06-27T22:00:00,2.01,5.29
Zone_B,2026-06-27T23:00:00,2.13,0.05
Zone_B,2026-06-28T00:00:00,2.03,-999.0
Zone_B,2026-06-28T01:00:00,1.9,0.19
zone_b,2026-06-28T02:00:00,2.06,1.26
Zone_B,2026-06-28T03:00:00,1.97,2.5
Zone_B,2026-06-28T04:00:00,1.91,0.38
zone_b,2026-06-28T05:00:00,1.99,
Zone_B,2026-06-28T06:00:00,,
Zone_B,2026-06-28T07:00:00,1.92,
Zone_B,2026-06-28T08:00:00,2.27,3.96
Zone_B,2026-06-28T09:00:00,2.32,1.2
Zone_B,2026-06-28T10:00:00,5000.0,3.53
zone_b,2026-06-28T11:00:00,2.28,
Zone_B,2026-06-28T12:00:00,2.0,
Zone_B,2026-06-28T13:00:00,2.19,4.7
Zone_B,2026-06-28T14:00:00,2.77,9.05
Zone_B,2026-06-28T15:00:00,2.77,-999.0
Zone_B,2026-06-28T16:00:00,2.76,3.03
ZONE_B,2026-06-28T17:00:00,,1.07
Zone_B,2026-06-28T18:00:00,2.65,4.31
Zone_B,2026-06-28T19:00:00,2.55,0.28
Zone_B,2026-06-28T19:00:00,2.55,0.28
zone_b,2026-06-28T20:00:00,2.54,4.57
zone_b,2026-06-28T21:00:00,2.55,0.89
Zone_B,2026-06-28T22:00:00,,0.34
zone_b,2026-06-28T23:00:00,2.19,
Zone_B,2026-06-29T00:00:00,,2.06
Zone_B,2026-06-29T01:00:00,2.17,1.81
Zone_B,2026-06-29T02:00:00,2.12,0.36
Zone_B,2026-06-29T03:00:00,2.06,3.55
Zone_B,2026-06-29T04:00:00,2.19,6.33
Zone_B,2026-06-29T05:00:00,2.11,2.13
Zone_B,2026-06-29T06:00:00,2.16,0.86
ZONE_B,2026-06-29T07:00:00,,4.84
Zone_B,2026-06-29T08:00:00,,
Zone_B,2026-06-29T09:00:00,2.55,3.02
Zone_B,2026-06-29T09:00:00,2.55,3.02
Zone_B,2026-06-29T10:00:00,2.59,2.72
zone_b,2026-06-29T11:00:00,2.54,
Zone_B,2026-06-29T12:00:00,2.54,0.08
ZONE_B,2026-06-29T13:00:00,2.4,1.5
ZONE_B,2026-06-29T14:00:00,2.5,3.02
Zone_B,2026-06-29T15:00:00,2.42,0.97
zone_b,2026-06-29T16:00:00,2.48,1.99
Zone_B,2026-06-29T17:00:00,,1.4
Zone_B,2026-06-29T18:00:00,2.61,1.16
Zone_B,2026-06-29T19:00:00,2.6,1.13
Zone_B,2026-06-29T20:00:00,2.72,3.76
ZONE_B,2026-06-29T21:00:00,2.77,3.91
Zone_B,2026-06-29T22:00:00,2.85,0.78
zone_b,2026-06-29T23:00:00,2.78,
Zone_B,2026-06-30T00:00:00,,
Zone_B,2026-06-30T01:00:00,2.77,1.76
Zone_B,2026-06-30T02:00:00,2.56,0.95
Zone_B,2026-06-30T03:00:00,2.44,1.35
Zone_B,2026-06-30T04:00:00,2.36,0.24
Zone_B,2026-06-30T05:00:00,2.33,0.38
ZONE_B,2026-06-30T06:00:00,2.3,1.28
ZONE_B,2026-06-30T06:00:00,2.3,1.28
Zone_B,2026-06-30T07:00:00,2.28,1.18
Zone_B,2026-06-30T08:00:00,2.22,5.15
ZONE_B,2026-06-30T09:00:00,2.19,4.35
Zone_B,2026-06-30T10:00:00,1.98,1.17
Zone_B,2026-06-30T11:00:00,,0.96
Zone_B,2026-06-30T12:00:00,,0.45
Zone_B,2026-06-30T12:00:00,,0.45
Zone_B,2026-06-30T13:00:00,,0.46
Zone_B,2026-06-30T14:00:00,,2.53
Zone_B,2026-06-30T15:00:00,2.17,7.22
Zone_B,2026-06-30T16:00:00,2.44,3.61
Zone_B,2026-06-30T17:00:00,2.35,2.08
Zone_B,2026-06-30T18:00:00,2.34,0.73
ZONE_B,2026-06-30T19:00:00,2.49,2.74
Zone_B,2026-06-30T20:00:00,2.33,
Zone_B,2026-06-30T21:00:00,2.27,1.93
Zone_B,2026-06-30T22:00:00,2.38,2.72
Zone_B,2026-06-30T23:00:00,2.37,1.99
Zone_B,2026-07-01T00:00:00,2.28,
Zone_B,2026-07-01T01:00:00,2.31,0.59
Zone_B,2026-07-01T02:00:00,2.4,3.26
Zone_B,2026-07-01T03:00:00,,0.89
Zone_B,2026-07-01T04:00:00,,0.89
Zone_B,2026-07-01T04:00:00,,0.89
Zone_B,2026-07-01T05:00:00,2.34,3.19
Zone_B,2026-07-01T06:00:00,2.24,
zone_b,2026-07-01T07:00:00,2.16,0.08
Zone_B,2026-07-01T08:00:00,5000.0,
Zone_B,2026-07-01T09:00:00,2.02,0.91
zone_b,2026-07-01T10:00:00,,1.06
Zone_B,2026-07-01T11:00:00,1.79,1.47
Zone_B,2026-07-01T12:00:00,,2.12
Zone_B,2026-07-01T13:00:00,1.85,1.23
Zone_B,2026-07-01T14:00:00,1.78,2.58
Zone_B,2026-07-01T15:00:00,1.75,0.97
Zone_B,2026-07-01T16:00:00,1.97,
zone_b,2026-07-01T17:00:00,2.3,7.11
Zone_B,2026-07-01T18:00:00,1.87,0.03
Zone_B,2026-07-01T19:00:00,1.94,0.22
Zone_B,2026-07-01T20:00:00,2.05,4.45
Zone_B,2026-07-01T21:00:00,1.94,0.07
Zone_B,2026-07-01T22:00:00,1.87,1.32
Zone_B,2026-07-01T23:00:00,1.98,1.97
Zone_B,2026-07-02T00:00:00,1.94,1.88
Zone_B,2026-07-02T01:00:00,1.83,0.06
Zone_B,2026-07-02T02:00:00,1.94,0.63
Zone_B,2026-07-02T03:00:00,1.93,3.27
Zone_B,2026-07-02T04:00:00,,0.87
Zone_B,2026-07-02T04:00:00,,0.87
Zone_B,2026-07-02T05:00:00,,2.2
Zone_B,2026-07-02T06:00:00,2.0,1.34
Zone_B,2026-07-02T07:00:00,1.86,0.29
Zone_B,2026-07-02T08:00:00,,3.79
Zone_B,2026-07-02T09:00:00,1.75,0.03
Zone_B,2026-07-02T10:00:00,1.69,0.55
Zone_B,2026-07-02T11:00:00,1.55,1.45
ZONE_B,2026-07-02T12:00:00,1.89,5.96
Zone_B,2026-07-02T13:00:00,1.78,1.97
zone_b,2026-07-02T14:00:00,1.9,0.06
Zone_B,2026-07-02T15:00:00,1.84,0.91
Zone_B,2026-07-02T16:00:00,2.14,6.28
Zone_B,2026-07-02T17:00:00,5000.0,3.37
ZONE_B,2026-07-02T18:00:00,,
Zone_B,2026-07-02T19:00:00,2.29,6.83
Zone_B,2026-07-02T20:00:00,2.2,0.15
ZONE_B,2026-07-02T21:00:00,,1.24
ZONE_B,2026-07-02T21:00:00,,1.24
Zone_B,2026-07-02T22:00:00,2.22,1.14
ZONE_B,2026-07-02T23:00:00,2.06,1.56
Zone_B,2026-07-03T00:00:00,1.98,1.06
Zone_B,2026-07-03T01:00:00,2.02,2.33
zone_b,2026-07-03T02:00:00,2.23,3.48
Zone_B,2026-07-03T03:00:00,2.19,0.5
Zone_B,2026-07-03T04:00:00,2.16,1.61
Zone_B,2026-07-03T05:00:00,2.08,0.67
Zone_B,2026-07-03T06:00:00,2.26,2.94
ZONE_B,2026-07-03T07:00:00,2.01,0.27
Zone_B,2026-07-03T08:00:00,1.83,0.08
Zone_B,2026-07-03T09:00:00,5000.0,4.21
Zone_B,2026-07-03T10:00:00,2.29,5.85
zone_b,2026-07-03T11:00:00,2.51,3.58
ZONE_B,2026-07-03T12:00:00,2.3,0.07
Zone_B,2026-07-03T13:00:00,2.14,0.3
zone_b,2026-07-03T14:00:00,2.31,2.08
Zone_B,2026-07-03T15:00:00,2.1,1.58
Zone_B,2026-07-03T16:00:00,,
zone_b,2026-07-03T17:00:00,2.2,0.79
Zone_B,2026-07-03T18:00:00,2.21,0.25
ZONE_B,2026-07-03T19:00:00,2.3,4.43
Zone_B,2026-07-03T20:00:00,2.27,0.04
ZONE_B,2026-07-03T21:00:00,2.23,0.56
zone_b,2026-07-03T22:00:00,,1.78
Zone_B,2026-07-03T23:00:00,2.23,1.4
Zone_B,2026-07-04T00:00:00,2.24,0.18
Zone_B,2026-07-04T01:00:00,2.41,5.07
ZONE_B,2026-07-04T02:00:00,2.25,0.78
Zone_B,2026-07-04T03:00:00,2.12,0.46
zone_b,2026-07-04T04:00:00,2.1,0.73
Zone_B,2026-07-04T05:00:00,2.2,
Zone_B,2026-07-04T06:00:00,2.11,2.16
Zone_B,2026-07-04T07:00:00,2.17,3.56
Zone_B,2026-07-04T08:00:00,2.26,5.28
zone_b,2026-07-04T09:00:00,2.18,2.26
Zone_B,2026-07-04T10:00:00,2.34,5.23
Zone_B,2026-07-04T11:00:00,2.23,1.35
Zone_B,2026-07-04T12:00:00,2.55,4.71
zone_b,2026-07-04T13:00:00,2.8,7.09
Zone_B,2026-07-04T14:00:00,,7.14
Zone_B,2026-07-04T15:00:00,,0.03
Zone_B,2026-07-04T16:00:00,,
Zone_B,2026-07-04T17:00:00,2.64,1.51
Zone_B,2026-07-04T18:00:00,2.69,1.71
zone_b,2026-07-04T19:00:00,2.61,2.11
Zone_B,2026-07-04T20:00:00,,1.39
Zone_B,2026-07-04T21:00:00,2.82,0.64
Zone_B,2026-07-04T22:00:00,3.18,12.47
ZONE_B,2026-07-04T23:00:00,5000.0,5.94
Zone_B,2026-07-05T00:00:00,2.87,0.52
Zone_B,2026-07-05T01:00:00,2.84,3.1
Zone_B,2026-07-05T02:00:00,2.77,0.67
ZONE_B,2026-07-05T03:00:00,2.73,2.85
Zone_B,2026-07-05T04:00:00,2.59,
Zone_B,2026-07-05T05:00:00,2.62,
Zone_B,2026-07-05T06:00:00,2.66,2.81
Zone_B,2026-07-05T07:00:00,2.62,-999.0
ZONE_B,2026-07-05T08:00:00,5000.0,0.02
Zone_B,2026-07-05T09:00:00,,4.0
Zone_B,2026-07-05T10:00:00,2.53,0.26
Zone_B,2026-07-05T11:00:00,2.48,0.93
Zone_B,2026-07-05T12:00:00,,4.01
Zone_B,2026-07-05T13:00:00,2.52,1.45
Zone_B,2026-07-05T14:00:00,5000.0,1.36
Zone_B,2026-07-05T15:00:00,2.31,
Zone_B,2026-07-05T16:00:00,2.25,-999.0
Zone_B,2026-07-05T17:00:00,2.22,2.0
Zone_B,2026-07-05T18:00:00,2.19,1.09
Zone_B,2026-07-05T18:00:00,2.19,1.09
Zone_B,2026-07-05T19:00:00,2.17,
Zone_B,2026-07-05T20:00:00,2.01,1.06
zone_b,2026-07-05T21:00:00,1.89,1.23
Zone_B,2026-07-05T22:00:00,1.93,0.89
Zone_B,2026-07-05T23:00:00,1.97,0.74
zone_b,2026-07-06T00:00:00,1.98,2.94
ZONE_B,2026-07-06T01:00:00,2.01,3.62
Zone_B,2026-07-06T02:00:00,2.03,2.67
Zone_B,2026-07-06T03:00:00,2.05,2.38
Zone_B,2026-07-06T04:00:00,2.23,5.34
Zone_B,2026-07-06T04:00:00,2.23,5.34
Zone_B,2026-07-06T05:00:00,2.22,0.76
Zone_B,2026-07-06T06:00:00,2.19,1.2
Zone_B,2026-07-06T07:00:00,2.26,3.03
zone_b,2026-07-06T08:00:00,2.14,0.9
Zone_B,2026-07-06T09:00:00,2.28,4.22
Zone_B,2026-07-06T10:00:00,,1.92
Zone_B,2026-07-06T11:00:00,2.03,2.13
Zone_B,2026-07-06T12:00:00,1.89,2.4
Zone_B,2026-07-06T13:00:00,2.05,1.66
Zone_B,2026-07-06T14:00:00,2.02,0.5
Zone_B,2026-07-06T15:00:00,2.09,3.58
Zone_B,2026-07-06T16:00:00,2.1,0.57
Zone_B,2026-07-06T16:00:00,2.1,0.57
Zone_B,2026-07-06T17:00:00,2.13,2.67
ZONE_B,2026-07-06T18:00:00,2.33,3.77
Zone_B,2026-07-06T19:00:00,2.05,1.02
Zone_B,2026-07-06T20:00:00,1.98,1.65
Zone_B,2026-07-06T21:00:00,1.83,0.08
zone_b,2026-07-06T22:00:00,1.73,0.8
zone_b,2026-07-06T22:00:00,1.73,0.8
Zone_B,2026-07-06T23:00:00,5000.0,2.09
Zone_B,2026-07-07T00:00:00,1.63,0.45
Zone_B,2026-07-07T01:00:00,1.65,0.5
Zone_B,2026-07-07T02:00:00,1.63,1.48
Zone_B,2026-07-07T03:00:00,1.6,1.73
Zone_B,2026-07-07T04:00:00,1.84,
ZONE_B,2026-07-07T05:00:00,1.92,1.74
Zone_B,2026-07-07T06:00:00,1.85,0.99
Zone_B,2026-07-07T07:00:00,1.95,0.31
Zone_B,2026-07-07T08:00:00,,2.27
Zone_B,2026-07-07T09:00:00,,
Zone_B,2026-07-07T10:00:00,1.99,1.13
Zone_B,2026-07-07T11:00:00,2.08,3.14
Zone_B,2026-07-07T12:00:00,2.05,1.78
ZONE_B,2026-07-07T13:00:00,1.9,0.09
Zone_B,2026-07-07T14:00:00,2.14,
Zone_B,2026-07-07T15:00:00,2.12,0.21
Zone_B,2026-07-07T16:00:00,2.0,1.16
Zone_B,2026-07-07T17:00:00,2.05,2.61
Zone_B,2026-07-07T18:00:00,2.02,1.5
Zone_B,2026-07-07T19:00:00,,2.56
Zone_B,2026-07-07T20:00:00,2.04,2.31
Zone_B,2026-07-07T21:00:00,2.24,5.5
Zone_B,2026-07-07T22:00:00,,1.59
Zone_B,2026-07-07T23:00:00,2.0,0.87
Zone_B,2026-07-08T00:00:00,2.19,4.28
Zone_B,2026-07-08T01:00:00,2.08,0.35
Zone_B,2026-07-08T02:00:00,,1.56
Zone_B,2026-07-08T03:00:00,5000.0,1.97
Zone_B,2026-07-08T04:00:00,,0.73
Zone_B,2026-07-08T05:00:00,1.95,2.04
Zone_B,2026-07-08T06:00:00,1.77,1.86
Zone_B,2026-07-08T07:00:00,1.74,
Zone_B,2026-07-08T08:00:00,1.91,2.89
Zone_B,2026-07-08T09:00:00,2.02,2.92
Zone_B,2026-07-08T10:00:00,2.13,0.76
zone_b,2026-07-08T11:00:00,2.03,0.81
Zone_B,2026-07-08T12:00:00,2.23,0.91
Zone_B,2026-07-08T13:00:00,2.1,
Zone_B,2026-07-08T14:00:00,2.12,0.99
ZONE_B,2026-07-08T15:00:00,2.04,1.66
Zone_B,2026-07-08T16:00:00,1.94,1.75
Zone_B,2026-07-08T17:00:00,1.72,0.83
ZONE_B,2026-07-08T18:00:00,1.68,1.44
Zone_B,2026-07-08T19:00:00,5000.0,0.82
Zone_B,2026-07-08T20:00:00,1.74,2.81
Zone_B,2026-07-08T21:00:00,1.73,1.03
Zone_B,2026-07-08T22:00:00,1.72,0.63
Zone_B,2026-07-08T22:00:00,1.72,0.63
Zone_B,2026-07-08T23:00:00,1.68,1.11
Zone_B,2026-07-09T00:00:00,1.82,1.2
Zone_B,2026-07-09T01:00:00,1.76,1.12
Zone_B,2026-07-09T02:00:00,1.7,1.94
ZONE_B,2026-07-09T03:00:00,1.76,
Zone_B,2026-07-09T04:00:00,1.87,4.21
Zone_B,2026-07-09T05:00:00,2.2,7.55
Zone_B,2026-07-09T06:00:00,2.37,1.0
zone_b,2026-07-09T07:00:00,2.24,0.33
zone_b,2026-07-09T08:00:00,2.22,0.94
ZONE_B,2026-07-09T09:00:00,2.18,0.71
zone_b,2026-07-09T10:00:00,2.22,3.16
Zone_B,2026-07-09T11:00:00,2.06,
Zone_B,2026-07-09T12:00:00,,1.4
zone_b,2026-07-09T13:00:00,1.86,2.9
Zone_B,2026-07-09T14:00:00,1.89,0.42
Zone_B,2026-07-09T15:00:00,1.88,0.35
Zone_B,2026-07-09T16:00:00,1.89,2.1
zone_b,2026-07-09T17:00:00,1.81,0.94
zone_b,2026-07-09T17:00:00,1.81,0.94
Zone_B,2026-07-09T18:00:00,5000.0,4.46
Zone_B,2026-07-09T19:00:00,1.59,0.25
ZONE_B,2026-07-09T20:00:00,,2.57
Zone_B,2026-07-09T21:00:00,1.78,5.8
Zone_B,2026-07-09T22:00:00,1.54,
ZONE_B,2026-07-09T23:00:00,1.58,0.07
ZONE_B,2026-07-10T00:00:00,1.78,2.77
zone_b,2026-07-10T01:00:00,1.88,2.9
Zone_B,2026-07-10T02:00:00,1.83,
Zone_B,2026-07-10T03:00:00,1.75,0.37
zone_b,2026-07-10T04:00:00,1.83,0.5
Zone_B,2026-07-10T05:00:00,1.99,2.76
Zone_B,2026-07-10T06:00:00,2.36,9.63
Zone_B,2026-07-10T07:00:00,5000.0,3.54
Zone_B,2026-07-10T08:00:00,2.46,1.08
Zone_B,2026-07-10T09:00:00,,0.47
ZONE_B,2026-07-10T10:00:00,,1.58
Zone_B,2026-07-10T11:00:00,5000.0,0.27
Zone_B,2026-07-10T12:00:00,2.13,0.76
ZONE_B,2026-07-10T13:00:00,2.16,2.61
Zone_B,2026-07-10T14:00:00,2.21,0.3
Zone_B,2026-07-10T15:00:00,2.31,2.68
Zone_B,2026-07-10T16:00:00,2.37,
Zone_B,2026-07-10T17:00:00,2.33,2.76
Zone_B,2026-07-10T18:00:00,2.38,1.7
zone_b,2026-07-10T19:00:00,2.43,1.85
Zone_B,2026-07-10T20:00:00,2.4,2.52
Zone_B,2026-07-10T21:00:00,2.3,0.73
Zone_B,2026-07-10T22:00:00,2.33,
Zone_B,2026-07-10T22:00:00,2.33,
Zone_B,2026-07-10T23:00:00,,1.0
zone_b,2026-07-11T00:00:00,1.9,0.23
Zone_B,2026-07-11T01:00:00,1.94,1.11
Zone_B,2026-07-11T01:00:00,1.94,1.11
Zone_B,2026-07-11T02:00:00,2.0,
Zone_B,2026-07-11T03:00:00,2.05,2.67
Zone_B,2026-07-11T04:00:00,1.96,1.94
Zone_B,2026-07-11T05:00:00,1.98,2.19
Zone_B,2026-07-11T06:00:00,2.28,6.0
Zone_B,2026-07-11T07:00:00,2.22,-999.0
Zone_B,2026-07-11T08:00:00,1.89,0.48
Zone_B,2026-07-11T09:00:00,1.9,-999.0
Zone_B,2026-07-11T10:00:00,2.04,
ZONE_B,2026-07-11T11:00:00,,0.1
ZONE_B,2026-07-11T12:00:00,2.09,3.8
Zone_B,2026-07-11T13:00:00,,3.99
Zone_B,2026-07-11T14:00:00,2.26,2.13
Zone_B,2026-07-11T15:00:00,2.1,1.69
Zone_B,2026-07-11T16:00:00,,1.88
Zone_B,2026-07-11T17:00:00,1.89,0.47
Zone_B,2026-07-11T18:00:00,1.6,1.26
ZONE_B,2026-07-11T19:00:00,5000.0,
Zone_B,2026-07-11T20:00:00,1.81,1.97
Zone_B,2026-07-11T21:00:00,1.79,1.3
Zone_B,2026-07-11T22:00:00,1.85,0.92
Zone_B,2026-07-11T23:00:00,1.77,-999.0
Zone_B,2026-07-12T00:00:00,1.98,4.38
Zone_B,2026-07-12T01:00:00,1.84,0.43
Zone_B,2026-07-12T02:00:00,,-999.0
Zone_B,2026-07-12T03:00:00,1.96,9.12
Zone_B,2026-07-12T04:00:00,1.99,1.67
Zone_B,2026-07-12T05:00:00,2.12,-999.0
Zone_B,2026-07-12T06:00:00,2.2,2.17
ZONE_B,2026-07-12T07:00:00,2.17,0.88
Zone_B,2026-07-12T08:00:00,2.11,0.36
Zone_B,2026-07-12T09:00:00,2.16,1.2
Zone_B,2026-07-12T10:00:00,,
Zone_B,2026-07-12T11:00:00,2.17,1.39
Zone_B,2026-07-12T12:00:00,2.05,0.24
Zone_B,2026-07-12T13:00:00,5000.0,0.42
Zone_B,2026-07-12T14:00:00,1.75,0.38
Zone_B,2026-07-12T15:00:00,1.87,
Zone_B,2026-07-12T16:00:00,,4.61
Zone_B,2026-07-12T17:00:00,2.04,4.93
Zone_B,2026-07-12T18:00:00,2.16,2.37
Zone_B,2026-07-12T19:00:00,2.13,0.67
Zone_B,2026-07-12T20:00:00,2.15,2.92
Zone_B,2026-07-12T21:00:00,2.52,10.36
Zone_B,2026-07-12T22:00:00,2.41,0.34
Zone_B,2026-07-12T23:00:00,2.2,1.39
Zone_B,2026-07-13T00:00:00,2.09,0.5
Zone_B,2026-07-13T01:00:00,2.0,0.02
Zone_B,2026-07-13T02:00:00,,1.66
zone_b,2026-07-13T03:00:00,2.02,0.34
Zone_B,2026-07-13T04:00:00,1.94,-999.0
Zone_B,2026-07-13T05:00:00,2.04,0.4
Zone_B,2026-07-13T06:00:00,2.26,6.26
Zone_B,2026-07-13T07:00:00,2.01,3.16
Zone_B,2026-07-13T08:00:00,2.16,0.62
zone_b,2026-07-13T09:00:00,2.3,2.2
Zone_B,2026-07-13T10:00:00,2.33,1.58
Zone_B,2026-07-13T11:00:00,2.22,0.49
Zone_B,2026-07-13T12:00:00,2.1,1.43
Zone_B,2026-07-13T13:00:00,2.17,1.97
Zone_B,2026-07-13T14:00:00,2.03,1.93
zone_b,2026-07-13T15:00:00,2.09,3.34
Zone_B,2026-07-13T16:00:00,2.07,-999.0
Zone_B,2026-07-13T17:00:00,1.94,0.04
Zone_B,2026-07-13T18:00:00,1.97,
Zone_B,2026-07-13T19:00:00,1.65,0.53
zone_b,2026-07-13T20:00:00,1.9,4.14
Zone_B,2026-07-13T21:00:00,1.84,5.2
Zone_B,2026-07-13T22:00:00,2.12,-999.0
Zone_B,2026-07-13T23:00:00,5000.0,0.58
Zone_B,2026-07-14T00:00:00,2.16,3.51
Zone_B,2026-07-14T01:00:00,2.09,
Zone_B,2026-07-14T02:00:00,2.23,3.89
Zone_B,2026-07-14T03:00:00,2.24,1.23
Zone_B,2026-07-14T04:00:00,2.2,0.11
Zone_B,2026-07-14T05:00:00,2.2,1.52
Zone_B,2026-07-14T06:00:00,2.23,0.05
Zone_B,2026-07-14T07:00:00,2.17,1.68
Zone_B,2026-07-14T08:00:00,2.22,2.04
Zone_B,2026-07-14T09:00:00,1.94,0.67
zone_b,2026-07-14T10:00:00,5000.0,-999.0
zone_b,2026-07-14T11:00:00,,2.69
Zone_B,2026-07-14T12:00:00,1.97,0.18
Zone_B,2026-07-14T13:00:00,1.77,-999.0
Zone_B,2026-07-14T14:00:00,1.71,0.22
Zone_B,2026-07-14T15:00:00,1.85,5.53
ZONE_B,2026-07-14T16:00:00,1.83,3.4
ZONE_B,2026-07-14T17:00:00,1.87,0.86
Zone_B,2026-07-14T18:00:00,1.73,
Zone_B,2026-07-14T19:00:00,1.9,2.06
zone_b,2026-07-14T20:00:00,2.03,2.02
Zone_B,2026-07-14T21:00:00,,0.25
Zone_B,2026-07-14T22:00:00,2.0,3.31
Zone_B,2026-07-14T23:00:00,2.06,2.07
Zone_B,2026-07-15T00:00:00,1.95,-999.0
ZONE_B,2026-07-15T01:00:00,2.02,-999.0
Zone_B,2026-07-15T02:00:00,1.85,-999.0
Zone_B,2026-07-15T03:00:00,2.19,8.09
Zone_B,2026-07-15T04:00:00,,2.97
Zone_B,2026-07-15T05:00:00,1.79,0.75
Zone_B,2026-07-15T06:00:00,,0.2
Zone_B,2026-07-15T07:00:00,1.47,0.04
Zone_B,2026-07-15T08:00:00,1.55,0.2
Zone_B,2026-07-15T09:00:00,1.55,0.64
Zone_B,2026-07-15T10:00:00,1.58,0.86
zone_b,2026-07-15T11:00:00,1.63,0.63
Zone_B,2026-07-15T12:00:00,1.86,6.09
Zone_B,2026-07-15T13:00:00,1.96,0.96
Zone_B,2026-07-15T14:00:00,1.79,0.75
Zone_B,2026-07-15T15:00:00,1.89,1.86
zone_b,2026-07-15T16:00:00,1.82,0.73
Zone_B,2026-07-15T17:00:00,1.62,0.59
Zone_B,2026-07-15T18:00:00,1.77,
Zone_B,2026-07-15T19:00:00,1.88,
Zone_B,2026-07-15T20:00:00,1.72,0.7
Zone_B,2026-07-15T21:00:00,1.74,0.2
Zone_B,2026-07-15T21:00:00,1.74,0.2
Zone_B,2026-07-15T22:00:00,1.84,3.18
zone_b,2026-07-15T23:00:00,1.9,1.43
ZONE_B,2026-07-16T00:00:00,1.98,1.66
Zone_B,2026-07-16T01:00:00,1.93,1.63
Zone_B,2026-07-16T02:00:00,1.86,0.16
Zone_B,2026-07-16T03:00:00,,
Zone_B,2026-07-16T04:00:00,,3.88
Zone_B,2026-07-16T05:00:00,,-999.0
Zone_B,2026-07-16T06:00:00,1.83,0.99
Zone_B,2026-07-16T07:00:00,1.74,0.59
Zone_B,2026-07-16T08:00:00,5000.0,-999.0
zone_b,2026-07-16T09:00:00,1.76,0.51
Zone_B,2026-07-16T10:00:00,1.63,0.07
Zone_B,2026-07-16T11:00:00,1.59,2.39
Zone_B,2026-07-16T12:00:00,1.56,0.32
Zone_B,2026-07-16T13:00:00,,3.12
Zone_B,2026-07-16T14:00:00,1.81,2.07
Zone_B,2026-07-16T15:00:00,1.73,0.33
Zone_B,2026-07-16T16:00:00,1.79,
zone_b,2026-07-16T17:00:00,1.89,1.24
zone_b,2026-07-16T17:00:00,1.89,1.24
Zone_B,2026-07-16T18:00:00,2.09,2.87
Zone_B,2026-07-16T19:00:00,2.25,2.28
Zone_B,2026-07-16T20:00:00,2.39,4.35
Zone_B,2026-07-16T21:00:00,,0.06
Zone_B,2026-07-16T22:00:00,2.24,3.94
Zone_B,2026-07-16T23:00:00,2.22,0.15
Zone_B,2026-07-17T00:00:00,2.35,2.83
zone_b,2026-07-17T01:00:00,2.19,1.73
ZONE_B,2026-07-17T02:00:00,2.5,6.76
zone_b,2026-07-17T03:00:00,5000.0,0.43
Zone_B,2026-07-17T04:00:00,2.6,0.22
Zone_B,2026-07-17T05:00:00,2.69,4.69
ZONE_B,2026-07-17T06:00:00,,2.18
Zone_B,2026-07-17T07:00:00,,1.03
Zone_B,2026-07-17T08:00:00,,-999.0
Zone_B,2026-07-17T08:00:00,,-999.0
Zone_B,2026-07-17T09:00:00,2.64,1.04
Zone_B,2026-07-17T10:00:00,2.41,0.78
Zone_B,2026-07-17T11:00:00,2.3,0.54
Zone_B,2026-07-17T12:00:00,,2.87
Zone_B,2026-07-17T13:00:00,2.24,
Zone_B,2026-07-17T14:00:00,5000.0,2.99
Zone_B,2026-07-17T15:00:00,1.86,0.02
Zone_B,2026-07-17T16:00:00,,
Zone_B,2026-07-17T17:00:00,2.09,1.27
zone_b,2026-07-17T18:00:00,2.39,9.77
Zone_B,2026-07-17T19:00:00,2.33,1.57
Zone_B,2026-07-17T20:00:00,2.28,0.42
Zone_B,2026-07-17T21:00:00,2.18,2.01
Zone_B,2026-07-17T22:00:00,2.16,2.19
Zone_B,2026-07-17T23:00:00,5000.0,0.43
Zone_B,2026-07-18T00:00:00,2.52,9.47
Zone_B,2026-07-18T01:00:00,2.5,
Zone_B,2026-07-18T02:00:00,2.44,4.49
zone_b,2026-07-18T03:00:00,2.38,-999.0
Zone_B,2026-07-18T04:00:00,2.45,2.22
Zone_B,2026-07-18T05:00:00,2.59,0.89
Zone_B,2026-07-18T06:00:00,,0.35
Zone_B,2026-07-18T07:00:00,2.49,3.01
ZONE_B,2026-07-18T08:00:00,,0.33
Zone_B,2026-07-18T09:00:00,,0.47
Zone_B,2026-07-18T10:00:00,2.47,3.66
Zone_B,2026-07-18T10:00:00,2.47,3.66
zone_b,2026-07-18T11:00:00,,6.31
zone_b,2026-07-18T12:00:00,2.6,0.49
Zone_B,2026-07-18T13:00:00,5000.0,0.42
Zone_B,2026-07-18T14:00:00,2.26,1.2
Zone_B,2026-07-18T15:00:00,2.39,2.69
Zone_B,2026-07-18T16:00:00,2.22,3.53
Zone_B,2026-07-18T17:00:00,2.17,0.67
ZONE_B,2026-07-18T18:00:00,2.31,4.77
zone_b,2026-07-18T19:00:00,2.25,0.42
Zone_B,2026-07-18T20:00:00,2.19,0.7
zone_b,2026-07-18T21:00:00,2.32,4.07
Zone_B,2026-07-18T22:00:00,,0.25
Zone_B,2026-07-18T23:00:00,2.0,2.08
Zone_B,2026-07-18T23:00:00,2.0,2.08
zone_b,2026-07-19T00:00:00,2.05,
ZONE_B,2026-07-19T01:00:00,2.22,2.15
Zone_B,2026-07-19T02:00:00,2.19,-999.0
zone_b,2026-07-19T03:00:00,2.12,1.78
Zone_B,2026-07-19T04:00:00,2.07,0.46
Zone_B,2026-07-19T05:00:00,1.99,0.16
ZONE_B,2026-07-19T06:00:00,1.78,0.06
Zone_B,2026-07-19T07:00:00,1.69,0.97
Zone_B,2026-07-19T08:00:00,1.81,4.4
Zone_B,2026-07-19T09:00:00,1.81,3.27
zone_b,2026-07-19T10:00:00,1.96,1.63
Zone_B,2026-07-19T11:00:00,,5.79
Zone_B,2026-07-19T12:00:00,,0.89
Zone_B,2026-07-19T13:00:00,1.83,
Zone_B,2026-07-19T13:00:00,1.83,
Zone_B,2026-07-19T14:00:00,2.16,5.09
Zone_B,2026-07-19T15:00:00,2.07,
Zone_B,2026-07-19T16:00:00,2.2,2.72
Zone_B,2026-07-19T17:00:00,2.05,
zone_b,2026-07-19T18:00:00,,5.07
Zone_B,2026-07-19T19:00:00,2.13,-999.0
zone_b,2026-07-19T20:00:00,1.94,0.42
zone_b,2026-07-19T21:00:00,1.85,1.07
ZONE_B,2026-07-19T22:00:00,2.04,2.79
Zone_B,2026-07-19T23:00:00,1.99,2.69
zone_b,2026-07-20T00:00:00,5000.0,9.22
Zone_B,2026-07-20T01:00:00,2.33,0.18
Zone_B,2026-07-20T02:00:00,2.41,2.49
Zone_B,2026-07-20T03:00:00,5000.0,
Zone_B,2026-07-20T04:00:00,2.38,4.17
ZONE_B,2026-07-20T05:00:00,,0.36
Zone_B,2026-07-20T06:00:00,2.33,2.54
Zone_B,2026-07-20T06:00:00,2.33,2.54
Zone_B,2026-07-20T07:00:00,2.27,0.2
Zone_B,2026-07-20T08:00:00,2.41,4.02
Zone_B,2026-07-20T09:00:00,2.18,0.31
Zone_B,2026-07-20T10:00:00,2.08,-999.0
Zone_B,2026-07-20T11:00:00,2.01,0.17
Zone_B,2026-07-20T12:00:00,1.95,2.33
Zone_B,2026-07-20T13:00:00,1.97,2.05
Zone_B,2026-07-20T14:00:00,,0.09
Zone_B,2026-07-20T15:00:00,1.93,0.97
Zone_B,2026-07-20T16:00:00,1.98,
Zone_B,2026-07-20T17:00:00,2.05,0.65
Zone_B,2026-07-20T18:00:00,2.2,4.09
Zone_B,2026-07-20T19:00:00,2.36,3.17
Zone_B,2026-07-20T20:00:00,2.62,8.53
Zone_B,2026-07-20T21:00:00,2.47,1.91
Zone_B,2026-07-20T22:00:00,2.61,5.91
Zone_B,2026-07-20T23:00:00,2.64,1.52
Zone_B,2026-07-21T00:00:00,2.48,1.57
zone_b,2026-07-21T01:00:00,,2.04
ZONE_B,2026-07-21T02:00:00,2.47,
ZONE_B,2026-07-21T02:00:00,2.47,
zone_b,2026-07-21T03:00:00,2.53,
zone_b,2026-07-21T04:00:00,2.32,0.28
Zone_B,2026-07-21T05:00:00,2.35,4.36
Zone_B,2026-07-21T06:00:00,2.3,2.19
ZONE_B,2026-07-21T07:00:00,2.24,1.77
Zone_B,2026-07-21T08:00:00,2.33,4.05
Zone_B,2026-07-21T09:00:00,2.33,1.89
ZONE_B,2026-07-21T10:00:00,2.46,
Zone_B,2026-07-21T11:00:00,5000.0,3.62
Zone_B,2026-07-21T12:00:00,2.58,0.41
Zone_B,2026-07-21T13:00:00,2.4,0.56
Zone_B,2026-07-21T14:00:00,,0.33
Zone_B,2026-07-21T15:00:00,2.42,6.59
Zone_B,2026-07-21T16:00:00,2.23,0.36
Zone_B,2026-07-21T17:00:00,2.08,0.69
Zone_B,2026-07-21T18:00:00,2.0,0.87
zone_b,2026-07-21T19:00:00,2.08,4.73
Zone_B,2026-07-21T20:00:00,2.18,4.04
ZONE_B,2026-07-21T21:00:00,2.02,0.45
Zone_B,2026-07-21T22:00:00,2.16,0.82
Zone_B,2026-07-21T23:00:00,2.05,0.31
Zone_B,2026-07-22T00:00:00,2.04,-999.0
zone_b,2026-07-22T01:00:00,1.99,-999.0
Zone_B,2026-07-22T02:00:00,1.84,0.47
Zone_B,2026-07-22T03:00:00,1.86,0.8
Zone_B,2026-07-22T04:00:00,,0.06
Zone_B,2026-07-22T05:00:00,1.68,1.68
Zone_B,2026-07-22T06:00:00,1.84,1.9
Zone_B,2026-07-22T07:00:00,2.33,-999.0
Zone_B,2026-07-22T08:00:00,2.34,0.49
Zone_B,2026-07-22T09:00:00,2.4,1.52
Zone_B,2026-07-22T10:00:00,2.42,1.91
Zone_B,2026-07-22T10:00:00,2.42,1.91
Zone_B,2026-07-22T11:00:00,2.27,
zone_b,2026-07-22T12:00:00,,1.99
Zone_B,2026-07-22T13:00:00,2.08,0.71
Zone_B,2026-07-22T14:00:00,2.05,0.22
ZONE_B,2026-07-22T15:00:00,2.31,2.58
Zone_B,2026-07-22T16:00:00,2.44,3.37
Zone_B,2026-07-22T17:00:00,2.35,1.89
Zone_B,2026-07-22T18:00:00,2.28,0.07
Zone_B,2026-07-22T19:00:00,2.37,0.85
Zone_B,2026-07-22T20:00:00,2.21,0.0
Zone_B,2026-07-22T21:00:00,2.32,3.7
ZONE_B,2026-07-22T22:00:00,2.24,1.39
zone_b,2026-07-22T23:00:00,2.57,2.7
Zone_C,2026-06-01T00:00:00,1.69,
Zone_C,2026-06-01T01:00:00,1.67,1.08
Zone_C,2026-06-01T02:00:00,1.58,1.3
zone_c,2026-06-01T03:00:00,,-999.0
ZONE_C,2026-06-01T04:00:00,1.84,0.08
Zone_C,2026-06-01T05:00:00,1.96,0.89
Zone_C,2026-06-01T05:00:00,1.96,0.89
Zone_C,2026-06-01T06:00:00,2.01,1.76
ZONE_C,2026-06-01T07:00:00,2.03,0.56
ZONE_C,2026-06-01T07:00:00,2.03,0.56
Zone_C,2026-06-01T08:00:00,2.27,0.39
Zone_C,2026-06-01T09:00:00,2.4,0.51
Zone_C,2026-06-01T10:00:00,2.57,2.76
zone_c,2026-06-01T11:00:00,2.51,1.72
ZONE_C,2026-06-01T12:00:00,2.43,2.98
Zone_C,2026-06-01T13:00:00,2.36,0.35
Zone_C,2026-06-01T14:00:00,2.34,1.02
Zone_C,2026-06-01T15:00:00,2.26,0.76
Zone_C,2026-06-01T16:00:00,2.1,2.88
Zone_C,2026-06-01T16:00:00,2.1,2.88
Zone_C,2026-06-01T17:00:00,2.01,0.03
Zone_C,2026-06-01T18:00:00,,1.64
Zone_C,2026-06-01T19:00:00,2.44,-999.0
Zone_C,2026-06-01T20:00:00,2.58,3.88
Zone_C,2026-06-01T21:00:00,2.54,-999.0
ZONE_C,2026-06-01T22:00:00,2.76,6.1
Zone_C,2026-06-01T23:00:00,2.69,2.34
Zone_C,2026-06-02T00:00:00,2.52,1.16
Zone_C,2026-06-02T01:00:00,2.46,0.2
ZONE_C,2026-06-02T02:00:00,2.48,1.36
Zone_C,2026-06-02T03:00:00,2.44,-999.0
zone_c,2026-06-02T04:00:00,,0.22
Zone_C,2026-06-02T05:00:00,2.49,0.57
ZONE_C,2026-06-02T06:00:00,2.4,1.89
Zone_C,2026-06-02T07:00:00,2.56,6.45
Zone_C,2026-06-02T08:00:00,,0.3
ZONE_C,2026-06-02T09:00:00,2.68,0.23
Zone_C,2026-06-02T10:00:00,2.58,0.23
Zone_C,2026-06-02T11:00:00,2.88,5.25
Zone_C,2026-06-02T12:00:00,3.2,7.75
Zone_C,2026-06-02T13:00:00,5000.0,5.56
Zone_C,2026-06-02T14:00:00,3.24,0.39
Zone_C,2026-06-02T15:00:00,3.07,0.08
Zone_C,2026-06-02T16:00:00,2.87,0.11
Zone_C,2026-06-02T17:00:00,2.94,4.79
ZONE_C,2026-06-02T18:00:00,2.95,
Zone_C,2026-06-02T19:00:00,2.9,0.15
Zone_C,2026-06-02T20:00:00,3.02,2.09
Zone_C,2026-06-02T21:00:00,3.06,1.73
Zone_C,2026-06-02T22:00:00,3.45,10.2
Zone_C,2026-06-02T23:00:00,3.34,0.72
Zone_C,2026-06-03T00:00:00,3.55,8.81
Zone_C,2026-06-03T01:00:00,3.31,0.36
Zone_C,2026-06-03T02:00:00,3.18,1.9
Zone_C,2026-06-03T03:00:00,,2.05
Zone_C,2026-06-03T04:00:00,3.27,2.11
Zone_C,2026-06-03T05:00:00,,
zone_c,2026-06-03T06:00:00,3.49,4.83
Zone_C,2026-06-03T07:00:00,3.75,6.3
Zone_C,2026-06-03T08:00:00,3.57,1.25
Zone_C,2026-06-03T09:00:00,3.64,1.44
Zone_C,2026-06-03T10:00:00,3.6,3.54
Zone_C,2026-06-03T11:00:00,3.44,1.38
Zone_C,2026-06-03T11:00:00,3.44,1.38
Zone_C,2026-06-03T12:00:00,3.47,4.01
ZONE_C,2026-06-03T13:00:00,,
ZONE_C,2026-06-03T14:00:00,3.37,2.76
Zone_C,2026-06-03T15:00:00,3.31,0.63
Zone_C,2026-06-03T16:00:00,3.35,4.31
Zone_C,2026-06-03T17:00:00,3.3,0.18
Zone_C,2026-06-03T18:00:00,,0.58
Zone_C,2026-06-03T19:00:00,3.13,1.95
Zone_C,2026-06-03T20:00:00,3.3,6.6
Zone_C,2026-06-03T21:00:00,2.92,0.14
ZONE_C,2026-06-03T22:00:00,2.76,0.99
Zone_C,2026-06-03T23:00:00,,
Zone_C,2026-06-04T00:00:00,2.84,2.42
Zone_C,2026-06-04T01:00:00,2.76,2.4
Zone_C,2026-06-04T02:00:00,2.6,0.6
Zone_C,2026-06-04T03:00:00,,-999.0
zone_c,2026-06-04T04:00:00,2.36,0.22
zone_c,2026-06-04T05:00:00,2.51,2.21
Zone_C,2026-06-04T06:00:00,3.03,14.17
Zone_C,2026-06-04T07:00:00,3.1,1.58
Zone_C,2026-06-04T08:00:00,2.94,1.9
Zone_C,2026-06-04T09:00:00,2.95,0.22
Zone_C,2026-06-04T10:00:00,5000.0,0.25
Zone_C,2026-06-04T11:00:00,3.03,2.54
zone_c,2026-06-04T12:00:00,2.97,
Zone_C,2026-06-04T13:00:00,,2.42
Zone_C,2026-06-04T14:00:00,2.8,0.34
Zone_C,2026-06-04T14:00:00,2.8,0.34
Zone_C,2026-06-04T15:00:00,2.82,2.14
Zone_C,2026-06-04T16:00:00,2.81,2.38
Zone_C,2026-06-04T17:00:00,2.86,0.92
zone_c,2026-06-04T18:00:00,2.7,1.46
Zone_C,2026-06-04T19:00:00,2.84,1.99
Zone_C,2026-06-04T20:00:00,2.93,2.11
Zone_C,2026-06-04T21:00:00,5000.0,1.73
Zone_C,2026-06-04T22:00:00,3.02,
zone_c,2026-06-04T23:00:00,2.84,2.03
Zone_C,2026-06-05T00:00:00,2.9,4.84
Zone_C,2026-06-05T01:00:00,3.01,2.94
Zone_C,2026-06-05T02:00:00,3.0,0.26
Zone_C,2026-06-05T03:00:00,2.95,0.27
Zone_C,2026-06-05T04:00:00,5.14,44.73
Zone_C,2026-06-05T05:00:00,,15.38
ZONE_C,2026-06-05T06:00:00,5.71,15.53
Zone_C,2026-06-05T07:00:00,6.44,25.67
Zone_C,2026-06-05T08:00:00,8.07,44.28
ZONE_C,2026-06-05T09:00:00,9.68,44.99
Zone_C,2026-06-05T10:00:00,5000.0,27.46
Zone_C,2026-06-05T11:00:00,10.66,20.75
ZONE_C,2026-06-05T12:00:00,12.04,47.91
Zone_C,2026-06-05T13:00:00,,47.45
Zone_C,2026-06-05T14:00:00,13.94,35.34
Zone_C,2026-06-05T15:00:00,14.5,34.03
Zone_C,2026-06-05T16:00:00,13.54,10.46
Zone_C,2026-06-05T17:00:00,13.72,28.21
ZONE_C,2026-06-05T18:00:00,14.72,-999.0
ZONE_C,2026-06-05T19:00:00,15.73,46.62
Zone_C,2026-06-05T20:00:00,15.46,23.42
Zone_C,2026-06-05T21:00:00,15.6,29.6
zone_c,2026-06-05T22:00:00,,26.41
Zone_C,2026-06-05T23:00:00,14.53,11.7
Zone_C,2026-06-06T00:00:00,15.31,41.16
Zone_C,2026-06-06T01:00:00,,15.78
Zone_C,2026-06-06T02:00:00,14.84,29.64
Zone_C,2026-06-06T03:00:00,15.55,42.42
Zone_C,2026-06-06T03:00:00,15.55,42.42
Zone_C,2026-06-06T04:00:00,16.23,41.81
Zone_C,2026-06-06T05:00:00,17.25,48.55
Zone_C,2026-06-06T06:00:00,16.91,21.68
Zone_C,2026-06-06T07:00:00,17.4,36.78
ZONE_C,2026-06-06T08:00:00,16.85,15.91
zone_c,2026-06-06T09:00:00,16.12,13.12
Zone_C,2026-06-06T10:00:00,15.34,15.8
Zone_C,2026-06-06T11:00:00,15.31,-999.0
Zone_C,2026-06-06T12:00:00,16.41,48.11
ZONE_C,2026-06-06T13:00:00,16.88,35.26
Zone_C,2026-06-06T14:00:00,16.11,17.38
ZONE_C,2026-06-06T15:00:00,16.28,
Zone_C,2026-06-06T16:00:00,17.0,39.81
Zone_C,2026-06-06T17:00:00,,43.77
Zone_C,2026-06-06T18:00:00,18.29,
Zone_C,2026-06-06T19:00:00,17.84,23.02
Zone_C,2026-06-06T20:00:00,17.55,23.92
zone_c,2026-06-06T21:00:00,16.25,2.48
Zone_C,2026-06-06T22:00:00,15.17,4.65
Zone_C,2026-06-06T23:00:00,13.92,3.04
Zone_C,2026-06-07T00:00:00,12.79,0.39
zone_c,2026-06-07T01:00:00,11.68,0.4
Zone_C,2026-06-07T02:00:00,10.63,0.55
Zone_C,2026-06-07T03:00:00,9.88,2.65
Zone_C,2026-06-07T04:00:00,8.97,2.32
zone_c,2026-06-07T05:00:00,8.3,0.05
Zone_C,2026-06-07T06:00:00,7.75,-999.0
Zone_C,2026-06-07T07:00:00,,0.92
ZONE_C,2026-06-07T08:00:00,6.81,1.71
Zone_C,2026-06-07T09:00:00,6.34,0.69
Zone_C,2026-06-07T10:00:00,5.74,0.54
Zone_C,2026-06-07T11:00:00,,8.18
ZONE_C,2026-06-07T12:00:00,5.75,5.25
Zone_C,2026-06-07T13:00:00,5.33,0.24
Zone_C,2026-06-07T14:00:00,5.13,2.82
Zone_C,2026-06-07T15:00:00,4.96,0.78
Zone_C,2026-06-07T16:00:00,4.62,
Zone_C,2026-06-07T17:00:00,4.53,2.64
Zone_C,2026-06-07T18:00:00,4.4,1.85
Zone_C,2026-06-07T19:00:00,4.33,2.5
Zone_C,2026-06-07T20:00:00,4.23,1.41
Zone_C,2026-06-07T21:00:00,5000.0,1.2
Zone_C,2026-06-07T22:00:00,4.14,
Zone_C,2026-06-07T23:00:00,,0.53
Zone_C,2026-06-08T00:00:00,3.72,0.7
Zone_C,2026-06-08T01:00:00,,2.26
Zone_C,2026-06-08T02:00:00,3.69,1.07
Zone_C,2026-06-08T03:00:00,4.16,16.75
Zone_C,2026-06-08T04:00:00,4.03,
Zone_C,2026-06-08T05:00:00,4.04,2.41
Zone_C,2026-06-08T06:00:00,4.0,0.98
zone_c,2026-06-08T07:00:00,3.79,0.72
Zone_C,2026-06-08T08:00:00,3.47,0.12
Zone_C,2026-06-08T09:00:00,5000.0,1.63
Zone_C,2026-06-08T10:00:00,3.24,1.26
Zone_C,2026-06-08T11:00:00,3.04,0.08
ZONE_C,2026-06-08T12:00:00,3.08,1.57
Zone_C,2026-06-08T13:00:00,3.1,1.83
ZONE_C,2026-06-08T14:00:00,3.19,3.4
Zone_C,2026-06-08T15:00:00,3.26,1.75
ZONE_C,2026-06-08T16:00:00,3.15,-999.0
Zone_C,2026-06-08T17:00:00,3.1,0.74
Zone_C,2026-06-08T18:00:00,2.88,0.34
Zone_C,2026-06-08T18:00:00,2.88,0.34
zone_c,2026-06-08T19:00:00,3.02,
ZONE_C,2026-06-08T20:00:00,3.08,1.1
Zone_C,2026-06-08T21:00:00,,8.51
Zone_C,2026-06-08T22:00:00,3.4,2.27
Zone_C,2026-06-08T23:00:00,3.22,1.07
Zone_C,2026-06-09T00:00:00,3.11,2.54
Zone_C,2026-06-09T01:00:00,2.94,0.45
zone_c,2026-06-09T02:00:00,2.73,0.07
Zone_C,2026-06-09T03:00:00,2.75,-999.0
Zone_C,2026-06-09T04:00:00,2.81,1.89
ZONE_C,2026-06-09T05:00:00,2.72,0.51
Zone_C,2026-06-09T06:00:00,2.53,0.43
zone_c,2026-06-09T07:00:00,2.59,1.09
Zone_C,2026-06-09T08:00:00,2.64,1.69
zone_c,2026-06-09T09:00:00,2.55,-999.0
Zone_C,2026-06-09T10:00:00,2.55,2.19
zone_c,2026-06-09T11:00:00,2.58,1.49
Zone_C,2026-06-09T12:00:00,2.62,0.02
Zone_C,2026-06-09T13:00:00,2.58,3.12
Zone_C,2026-06-09T14:00:00,2.49,0.85
Zone_C,2026-06-09T15:00:00,2.43,0.2
Zone_C,2026-06-09T16:00:00,2.6,-999.0
Zone_C,2026-06-09T17:00:00,2.76,2.07
ZONE_C,2026-06-09T18:00:00,2.97,6.98
zone_c,2026-06-09T19:00:00,5000.0,1.65
Zone_C,2026-06-09T20:00:00,5000.0,0.21
Zone_C,2026-06-09T21:00:00,2.76,1.49
Zone_C,2026-06-09T22:00:00,2.82,
Zone_C,2026-06-09T23:00:00,2.8,1.48
Zone_C,2026-06-10T00:00:00,2.83,0.72
Zone_C,2026-06-10T01:00:00,2.94,0.48
zone_c,2026-06-10T02:00:00,2.88,2.47
Zone_C,2026-06-10T03:00:00,2.82,-999.0
Zone_C,2026-06-10T04:00:00,2.91,0.83
Zone_C,2026-06-10T05:00:00,3.02,3.13
Zone_C,2026-06-10T05:00:00,3.02,3.13
Zone_C,2026-06-10T06:00:00,2.78,0.88
Zone_C,2026-06-10T07:00:00,2.84,
Zone_C,2026-06-10T08:00:00,2.62,0.24
zone_c,2026-06-10T09:00:00,2.55,0.53
Zone_C,2026-06-10T10:00:00,5000.0,1.36
Zone_C,2026-06-10T11:00:00,2.35,0.5
Zone_C,2026-06-10T12:00:00,,-999.0
zone_c,2026-06-10T13:00:00,2.41,
Zone_C,2026-06-10T14:00:00,5000.0,4.89
Zone_C,2026-06-10T15:00:00,2.7,1.58
Zone_C,2026-06-10T16:00:00,3.1,9.88
Zone_C,2026-06-10T17:00:00,3.04,0.47
zone_c,2026-06-10T18:00:00,3.03,2.63
ZONE_C,2026-06-10T19:00:00,2.95,1.03
Zone_C,2026-06-10T20:00:00,3.14,1.89
Zone_C,2026-06-10T21:00:00,3.07,0.27
Zone_C,2026-06-10T22:00:00,2.93,1.6
zone_c,2026-06-10T23:00:00,2.98,0.55
Zone_C,2026-06-11T00:00:00,3.13,0.83
ZONE_C,2026-06-11T01:00:00,2.93,0.96
zone_c,2026-06-11T02:00:00,3.16,5.6
Zone_C,2026-06-11T03:00:00,3.12,2.18
zone_c,2026-06-11T04:00:00,3.02,0.59
zone_c,2026-06-11T05:00:00,3.08,2.11
Zone_C,2026-06-11T06:00:00,,
Zone_C,2026-06-11T07:00:00,2.96,0.44
Zone_C,2026-06-11T08:00:00,2.93,0.02
Zone_C,2026-06-11T09:00:00,3.01,1.84
Zone_C,2026-06-11T10:00:00,2.98,2.43
Zone_C,2026-06-11T11:00:00,,1.6
Zone_C,2026-06-11T12:00:00,2.97,1.17
Zone_C,2026-06-11T13:00:00,3.03,2.7
Zone_C,2026-06-11T14:00:00,3.06,1.72
ZONE_C,2026-06-11T15:00:00,2.95,1.73
ZONE_C,2026-06-11T16:00:00,3.25,10.63
Zone_C,2026-06-11T17:00:00,3.29,2.19
Zone_C,2026-06-11T18:00:00,3.14,2.36
zone_c,2026-06-11T19:00:00,3.09,0.69
Zone_C,2026-06-11T20:00:00,2.75,0.1
Zone_C,2026-06-11T21:00:00,2.94,4.38
Zone_C,2026-06-11T22:00:00,5000.0,1.86
Zone_C,2026-06-11T23:00:00,2.88,0.65
Zone_C,2026-06-12T00:00:00,3.19,9.82
Zone_C,2026-06-12T01:00:00,3.09,0.02
Zone_C,2026-06-12T02:00:00,2.94,0.68
Zone_C,2026-06-12T03:00:00,,0.35
Zone_C,2026-06-12T04:00:00,3.0,1.98
ZONE_C,2026-06-12T05:00:00,5000.0,3.42
Zone_C,2026-06-12T06:00:00,2.97,0.62
Zone_C,2026-06-12T07:00:00,2.88,1.49
Zone_C,2026-06-12T08:00:00,3.11,4.11
zone_c,2026-06-12T09:00:00,5000.0,5.16
Zone_C,2026-06-12T10:00:00,3.22,-999.0
Zone_C,2026-06-12T11:00:00,3.3,1.06
Zone_C,2026-06-12T12:00:00,3.24,1.03
Zone_C,2026-06-12T13:00:00,3.06,
Zone_C,2026-06-12T13:00:00,3.06,
ZONE_C,2026-06-12T14:00:00,2.96,0.42
ZONE_C,2026-06-12T15:00:00,2.89,-999.0
Zone_C,2026-06-12T16:00:00,2.8,1.06
Zone_C,2026-06-12T17:00:00,3.07,7.99
Zone_C,2026-06-12T18:00:00,3.08,0.31
Zone_C,2026-06-12T19:00:00,2.96,0.36
Zone_C,2026-06-12T20:00:00,3.01,1.25
zone_c,2026-06-12T21:00:00,2.94,0.2
zone_c,2026-06-12T22:00:00,2.91,1.99
ZONE_C,2026-06-12T23:00:00,3.05,4.02
Zone_C,2026-06-13T00:00:00,3.14,4.98
Zone_C,2026-06-13T01:00:00,,0.03
Zone_C,2026-06-13T02:00:00,2.88,0.37
Zone_C,2026-06-13T03:00:00,2.95,0.24
Zone_C,2026-06-13T04:00:00,2.92,1.09
Zone_C,2026-06-13T05:00:00,,0.31
Zone_C,2026-06-13T06:00:00,2.83,3.44
ZONE_C,2026-06-13T07:00:00,2.66,1.0
Zone_C,2026-06-13T08:00:00,2.7,
Zone_C,2026-06-13T09:00:00,,2.37
Zone_C,2026-06-13T10:00:00,5000.0,9.91
Zone_C,2026-06-13T11:00:00,2.96,
Zone_C,2026-06-13T12:00:00,3.05,-999.0
Zone_C,2026-06-13T13:00:00,2.97,0.63
ZONE_C,2026-06-13T14:00:00,3.29,4.52
Zone_C,2026-06-13T15:00:00,3.3,1.92
Zone_C,2026-06-13T16:00:00,3.57,8.77
Zone_C,2026-06-13T17:00:00,3.68,4.88
Zone_C,2026-06-13T18:00:00,3.36,
Zone_C,2026-06-13T19:00:00,3.37,3.19
Zone_C,2026-06-13T20:00:00,3.16,0.76
Zone_C,2026-06-13T21:00:00,2.99,0.16
zone_c,2026-06-13T22:00:00,2.82,
ZONE_C,2026-06-13T23:00:00,2.46,2.54
Zone_C,2026-06-14T00:00:00,2.77,4.67
Zone_C,2026-06-14T01:00:00,,0.72
Zone_C,2026-06-14T02:00:00,2.77,0.42
Zone_C,2026-06-14T03:00:00,2.54,0.18
Zone_C,2026-06-14T04:00:00,,0.58
Zone_C,2026-06-14T05:00:00,2.99,8.1
Zone_C,2026-06-14T06:00:00,2.88,1.13
ZONE_C,2026-06-14T07:00:00,2.73,0.4
Zone_C,2026-06-14T08:00:00,2.84,3.94
Zone_C,2026-06-14T09:00:00,2.79,0.64
Zone_C,2026-06-14T10:00:00,2.79,3.3
Zone_C,2026-06-14T11:00:00,2.82,0.7
ZONE_C,2026-06-14T12:00:00,2.91,
Zone_C,2026-06-14T13:00:00,2.97,2.95
ZONE_C,2026-06-14T14:00:00,2.98,3.33
Zone_C,2026-06-14T15:00:00,3.32,6.65
Zone_C,2026-06-14T16:00:00,3.33,1.8
Zone_C,2026-06-14T17:00:00,3.44,
Zone_C,2026-06-14T18:00:00,3.68,3.62
Zone_C,2026-06-14T19:00:00,3.37,2.8
ZONE_C,2026-06-14T20:00:00,3.21,3.13
zone_c,2026-06-14T21:00:00,3.18,3.09
Zone_C,2026-06-14T22:00:00,3.23,2.37
Zone_C,2026-06-14T23:00:00,5000.0,3.63
zone_c,2026-06-15T00:00:00,3.4,
Zone_C,2026-06-15T01:00:00,3.15,0.32
zone_c,2026-06-15T02:00:00,3.0,0.78
ZONE_C,2026-06-15T03:00:00,3.02,5.24
Zone_C,2026-06-15T04:00:00,2.98,0.94
Zone_C,2026-06-15T05:00:00,3.55,14.79
Zone_C,2026-06-15T06:00:00,3.52,1.78
Zone_C,2026-06-15T07:00:00,3.58,1.95
Zone_C,2026-06-15T08:00:00,,3.63
zone_c,2026-06-15T09:00:00,,5.31
Zone_C,2026-06-15T10:00:00,5000.0,3.33
Zone_C,2026-06-15T11:00:00,3.63,1.63
Zone_C,2026-06-15T12:00:00,3.5,-999.0
Zone_C,2026-06-15T13:00:00,3.43,0.21
zone_c,2026-06-15T14:00:00,5000.0,3.03
ZONE_C,2026-06-15T15:00:00,3.4,1.33
Zone_C,2026-06-15T16:00:00,3.52,3.21
ZONE_C,2026-06-15T17:00:00,3.51,0.35
Zone_C,2026-06-15T18:00:00,3.4,0.7
ZONE_C,2026-06-15T19:00:00,3.47,
Zone_C,2026-06-15T20:00:00,3.5,4.92
Zone_C,2026-06-15T21:00:00,3.41,0.06
Zone_C,2026-06-15T22:00:00,3.28,1.28
Zone_C,2026-06-15T23:00:00,3.34,1.08
Zone_C,2026-06-16T00:00:00,5000.0,0.24
Zone_C,2026-06-16T01:00:00,3.26,2.18
Zone_C,2026-06-16T02:00:00,3.24,1.55
Zone_C,2026-06-16T03:00:00,3.13,0.31
zone_c,2026-06-16T04:00:00,3.08,3.66
Zone_C,2026-06-16T05:00:00,2.89,
zone_c,2026-06-16T06:00:00,2.72,2.92
Zone_C,2026-06-16T07:00:00,2.46,0.14
Zone_C,2026-06-16T08:00:00,2.51,
Zone_C,2026-06-16T09:00:00,2.45,3.12
Zone_C,2026-06-16T10:00:00,2.42,0.07
Zone_C,2026-06-16T11:00:00,5000.0,3.63
Zone_C,2026-06-16T12:00:00,2.55,1.47
Zone_C,2026-06-16T13:00:00,2.78,6.02
Zone_C,2026-06-16T14:00:00,2.88,
Zone_C,2026-06-16T15:00:00,3.05,3.81
Zone_C,2026-06-16T16:00:00,3.38,
Zone_C,2026-06-16T17:00:00,3.3,0.81
Zone_C,2026-06-16T18:00:00,3.16,-999.0
ZONE_C,2026-06-16T19:00:00,3.24,1.45
Zone_C,2026-06-16T20:00:00,3.57,5.55
Zone_C,2026-06-16T21:00:00,3.5,3.33
zone_c,2026-06-16T22:00:00,3.39,2.72
ZONE_C,2026-06-16T23:00:00,3.1,0.21
Zone_C,2026-06-17T00:00:00,2.87,1.25
Zone_C,2026-06-17T01:00:00,2.72,0.8
Zone_C,2026-06-17T02:00:00,2.78,3.95
Zone_C,2026-06-17T03:00:00,2.8,0.95
Zone_C,2026-06-17T04:00:00,2.65,-999.0
Zone_C,2026-06-17T05:00:00,2.65,1.82
zone_c,2026-06-17T06:00:00,2.69,1.46
Zone_C,2026-06-17T07:00:00,2.81,3.73
ZONE_C,2026-06-17T08:00:00,,3.01
Zone_C,2026-06-17T09:00:00,3.09,3.75
Zone_C,2026-06-17T10:00:00,2.97,0.64
ZONE_C,2026-06-17T11:00:00,3.41,9.73
zone_c,2026-06-17T12:00:00,3.42,4.29
Zone_C,2026-06-17T13:00:00,3.11,
Zone_C,2026-06-17T14:00:00,,2.01
Zone_C,2026-06-17T15:00:00,3.06,2.96
zone_c,2026-06-17T16:00:00,2.93,1.42
Zone_C,2026-06-17T17:00:00,2.88,1.27
ZONE_C,2026-06-17T18:00:00,,0.18
Zone_C,2026-06-17T19:00:00,2.93,0.54
zone_c,2026-06-17T20:00:00,5000.0,1.06
Zone_C,2026-06-17T21:00:00,2.86,1.64
Zone_C,2026-06-17T22:00:00,2.82,1.26
zone_c,2026-06-17T23:00:00,2.74,1.81
Zone_C,2026-06-18T00:00:00,5000.0,6.65
Zone_C,2026-06-18T01:00:00,2.61,1.94
Zone_C,2026-06-18T02:00:00,2.57,2.15
Zone_C,2026-06-18T03:00:00,2.54,-999.0
Zone_C,2026-06-18T04:00:00,2.32,0.03
ZONE_C,2026-06-18T05:00:00,2.45,1.08
Zone_C,2026-06-18T06:00:00,2.55,4.65
Zone_C,2026-06-18T07:00:00,2.61,2.37
Zone_C,2026-06-18T08:00:00,2.42,
zone_c,2026-06-18T09:00:00,2.51,3.0
Zone_C,2026-06-18T10:00:00,2.49,2.49
Zone_C,2026-06-18T11:00:00,2.33,0.79
Zone_C,2026-06-18T12:00:00,2.29,0.38
Zone_C,2026-06-18T13:00:00,2.5,3.33
Zone_C,2026-06-18T14:00:00,2.58,1.68
Zone_C,2026-06-18T15:00:00,2.78,4.22
Zone_C,2026-06-18T16:00:00,2.73,0.39
zone_c,2026-06-18T17:00:00,2.75,0.36
zone_c,2026-06-18T17:00:00,2.75,0.36
zone_c,2026-06-18T18:00:00,2.92,
zone_c,2026-06-18T19:00:00,2.78,
ZONE_C,2026-06-18T20:00:00,5000.0,3.36
Zone_C,2026-06-18T21:00:00,2.58,0.56
Zone_C,2026-06-18T22:00:00,2.78,2.78
Zone_C,2026-06-18T22:00:00,2.78,2.78
Zone_C,2026-06-18T23:00:00,2.94,4.72
Zone_C,2026-06-19T00:00:00,2.73,0.48
Zone_C,2026-06-19T01:00:00,2.59,2.41
Zone_C,2026-06-19T02:00:00,,6.8
Zone_C,2026-06-19T03:00:00,2.74,3.18
Zone_C,2026-06-19T04:00:00,,1.9
Zone_C,2026-06-19T05:00:00,2.95,
zone_c,2026-06-19T06:00:00,2.9,1.1
Zone_C,2026-06-19T07:00:00,2.95,0.97
zone_c,2026-06-19T08:00:00,2.82,2.47
Zone_C,2026-06-19T09:00:00,2.72,1.7
Zone_C,2026-06-19T10:00:00,2.78,1.88
Zone_C,2026-06-19T11:00:00,3.06,
Zone_C,2026-06-19T12:00:00,3.04,4.85
Zone_C,2026-06-19T13:00:00,3.03,0.3
zone_c,2026-06-19T14:00:00,3.08,1.53
Zone_C,2026-06-19T15:00:00,3.28,6.2
Zone_C,2026-06-19T16:00:00,3.2,1.02
Zone_C,2026-06-19T17:00:00,3.06,1.08
Zone_C,2026-06-19T18:00:00,3.03,0.56
zone_c,2026-06-19T19:00:00,3.04,1.61
Zone_C,2026-06-19T20:00:00,3.11,5.15
Zone_C,2026-06-19T21:00:00,3.22,
Zone_C,2026-06-19T22:00:00,3.25,0.58
Zone_C,2026-06-19T23:00:00,3.08,1.67
Zone_C,2026-06-20T00:00:00,3.41,6.82
Zone_C,2026-06-20T01:00:00,3.37,1.81
Zone_C,2026-06-20T02:00:00,3.28,3.49
Zone_C,2026-06-20T03:00:00,3.01,0.19
Zone_C,2026-06-20T04:00:00,2.8,1.13
Zone_C,2026-06-20T05:00:00,2.92,-999.0
Zone_C,2026-06-20T06:00:00,2.9,0.87
Zone_C,2026-06-20T07:00:00,2.86,1.28
Zone_C,2026-06-20T08:00:00,2.85,1.06
Zone_C,2026-06-20T09:00:00,2.64,
Zone_C,2026-06-20T10:00:00,2.93,7.06
Zone_C,2026-06-20T11:00:00,3.04,
Zone_C,2026-06-20T12:00:00,2.86,-999.0
Zone_C,2026-06-20T13:00:00,2.72,1.39
ZONE_C,2026-06-20T14:00:00,2.6,0.86
Zone_C,2026-06-20T15:00:00,2.41,0.38
Zone_C,2026-06-20T16:00:00,2.37,0.12
Zone_C,2026-06-20T17:00:00,2.51,0.97
Zone_C,2026-06-20T18:00:00,2.46,1.2
Zone_C,2026-06-20T19:00:00,2.37,0.47
Zone_C,2026-06-20T20:00:00,2.4,-999.0
Zone_C,2026-06-20T21:00:00,5000.0,1.08
Zone_C,2026-06-20T22:00:00,2.19,0.44
Zone_C,2026-06-20T23:00:00,2.36,
Zone_C,2026-06-21T00:00:00,,
Zone_C,2026-06-21T01:00:00,2.44,3.97
Zone_C,2026-06-21T02:00:00,2.44,0.11
Zone_C,2026-06-21T03:00:00,,0.34
Zone_C,2026-06-21T04:00:00,2.43,1.1
Zone_C,2026-06-21T05:00:00,2.38,0.96
ZONE_C,2026-06-21T06:00:00,2.29,0.54
Zone_C,2026-06-21T07:00:00,2.24,0.15
Zone_C,2026-06-21T08:00:00,2.61,6.42
ZONE_C,2026-06-21T09:00:00,2.65,-999.0
Zone_C,2026-06-21T10:00:00,2.76,4.76
Zone_C,2026-06-21T10:00:00,2.76,4.76
Zone_C,2026-06-21T11:00:00,2.76,0.54
zone_c,2026-06-21T12:00:00,2.74,1.01
zone_c,2026-06-21T12:00:00,2.74,1.01
Zone_C,2026-06-21T13:00:00,2.6,2.66
Zone_C,2026-06-21T14:00:00,2.56,2.86
Zone_C,2026-06-21T15:00:00,2.72,0.89
Zone_C,2026-06-21T16:00:00,2.64,1.53
Zone_C,2026-06-21T17:00:00,,0.61
Zone_C,2026-06-21T18:00:00,2.29,0.23
Zone_C,2026-06-21T19:00:00,2.36,2.03
ZONE_C,2026-06-21T20:00:00,2.39,4.86
Zone_C,2026-06-21T21:00:00,2.29,0.62
Zone_C,2026-06-21T22:00:00,2.2,0.57
Zone_C,2026-06-21T23:00:00,2.27,1.2
Zone_C,2026-06-22T00:00:00,2.42,7.04
Zone_C,2026-06-22T01:00:00,,0.11
Zone_C,2026-06-22T02:00:00,2.44,7.61
Zone_C,2026-06-22T03:00:00,2.49,2.8
zone_c,2026-06-22T04:00:00,2.51,0.54
Zone_C,2026-06-22T05:00:00,,6.55
Zone_C,2026-06-22T06:00:00,,1.29
ZONE_C,2026-06-22T07:00:00,2.55,0.24
Zone_C,2026-06-22T08:00:00,2.43,1.41
Zone_C,2026-06-22T09:00:00,2.44,2.59
Zone_C,2026-06-22T10:00:00,2.82,7.46
ZONE_C,2026-06-22T11:00:00,2.77,
Zone_C,2026-06-22T12:00:00,2.86,1.52
Zone_C,2026-06-22T13:00:00,2.85,0.48
Zone_C,2026-06-22T14:00:00,2.71,0.87
Zone_C,2026-06-22T15:00:00,,2.17
ZONE_C,2026-06-22T16:00:00,2.8,3.4
Zone_C,2026-06-22T17:00:00,2.69,0.72
Zone_C,2026-06-22T18:00:00,2.69,2.92
Zone_C,2026-06-22T19:00:00,2.71,
zone_c,2026-06-22T20:00:00,2.79,2.11
Zone_C,2026-06-22T21:00:00,2.65,1.48
Zone_C,2026-06-22T22:00:00,2.81,0.62
Zone_C,2026-06-22T23:00:00,,1.29
Zone_C,2026-06-23T00:00:00,,-999.0
Zone_C,2026-06-23T01:00:00,2.64,2.04
Zone_C,2026-06-23T02:00:00,2.56,2.27
Zone_C,2026-06-23T03:00:00,2.6,1.77
Zone_C,2026-06-23T04:00:00,2.4,1.12
Zone_C,2026-06-23T05:00:00,2.66,3.96
Zone_C,2026-06-23T06:00:00,2.58,0.68
Zone_C,2026-06-23T07:00:00,2.52,0.74
Zone_C,2026-06-23T08:00:00,5000.0,0.42
Zone_C,2026-06-23T09:00:00,2.54,0.41
Zone_C,2026-06-23T10:00:00,,0.4
Zone_C,2026-06-23T11:00:00,3.0,3.05
Zone_C,2026-06-23T12:00:00,3.1,4.92
Zone_C,2026-06-23T13:00:00,2.95,2.46
Zone_C,2026-06-23T14:00:00,3.01,2.02
zone_c,2026-06-23T15:00:00,2.84,1.02
Zone_C,2026-06-23T16:00:00,2.79,0.36
Zone_C,2026-06-23T17:00:00,2.64,1.66
Zone_C,2026-06-23T18:00:00,2.53,3.72
Zone_C,2026-06-23T19:00:00,2.4,0.03
Zone_C,2026-06-23T20:00:00,2.34,1.0
Zone_C,2026-06-23T21:00:00,2.31,1.6
Zone_C,2026-06-23T22:00:00,2.26,0.18
Zone_C,2026-06-23T23:00:00,2.12,1.0
Zone_C,2026-06-24T00:00:00,2.23,1.3
Zone_C,2026-06-24T01:00:00,2.16,1.2
zone_c,2026-06-24T02:00:00,,2.06
Zone_C,2026-06-24T03:00:00,,2.24
Zone_C,2026-06-24T04:00:00,2.37,1.57
zone_c,2026-06-24T05:00:00,2.35,1.39
Zone_C,2026-06-24T06:00:00,2.7,8.17
Zone_C,2026-06-24T07:00:00,3.17,11.9
Zone_C,2026-06-24T08:00:00,3.06,0.11
Zone_C,2026-06-24T09:00:00,3.25,5.1
Zone_C,2026-06-24T10:00:00,3.26,4.03
Zone_C,2026-06-24T10:00:00,3.26,4.03
Zone_C,2026-06-24T11:00:00,3.34,3.82
Zone_C,2026-06-24T12:00:00,,0.27
zone_c,2026-06-24T13:00:00,3.35,4.78
Zone_C,2026-06-24T14:00:00,3.43,2.79
Zone_C,2026-06-24T15:00:00,3.63,-999.0
Zone_C,2026-06-24T16:00:00,3.34,0.59
Zone_C,2026-06-24T17:00:00,3.26,2.32
Zone_C,2026-06-24T18:00:00,3.21,0.85
Zone_C,2026-06-24T19:00:00,,1.29
ZONE_C,2026-06-24T20:00:00,2.9,
Zone_C,2026-06-24T21:00:00,2.93,1.73
Zone_C,2026-06-24T22:00:00,2.76,0.09
Zone_C,2026-06-24T23:00:00,2.81,1.29
Zone_C,2026-06-25T00:00:00,2.79,0.77
ZONE_C,2026-06-25T01:00:00,2.66,0.91
Zone_C,2026-06-25T02:00:00,2.62,2.62
Zone_C,2026-06-25T03:00:00,2.47,-999.0
Zone_C,2026-06-25T04:00:00,2.43,-999.0
Zone_C,2026-06-25T05:00:00,2.37,1.62
ZONE_C,2026-06-25T06:00:00,2.53,2.33
Zone_C,2026-06-25T07:00:00,2.68,
Zone_C,2026-06-25T08:00:00,2.8,2.91
Zone_C,2026-06-25T09:00:00,2.73,0.58
Zone_C,2026-06-25T10:00:00,2.71,0.34
ZONE_C,2026-06-25T11:00:00,2.63,0.92
Zone_C,2026-06-25T12:00:00,2.9,6.25
ZONE_C,2026-06-25T13:00:00,3.0,
Zone_C,2026-06-25T14:00:00,,3.85
Zone_C,2026-06-25T15:00:00,2.87,0.91
Zone_C,2026-06-25T16:00:00,,
Zone_C,2026-06-25T17:00:00,2.99,3.42
Zone_C,2026-06-25T18:00:00,2.92,0.1
Zone_C,2026-06-25T19:00:00,3.11,
Zone_C,2026-06-25T20:00:00,,0.09
Zone_C,2026-06-25T21:00:00,2.62,0.01
ZONE_C,2026-06-25T22:00:00,2.53,-999.0
Zone_C,2026-06-25T23:00:00,2.44,1.02
Zone_C,2026-06-26T00:00:00,2.48,
Zone_C,2026-06-26T01:00:00,2.55,3.34
Zone_C,2026-06-26T02:00:00,2.6,
Zone_C,2026-06-26T03:00:00,2.64,
Zone_C,2026-06-26T04:00:00,2.43,0.86
Zone_C,2026-06-26T05:00:00,2.69,-999.0
Zone_C,2026-06-26T06:00:00,2.75,3.5
Zone_C,2026-06-26T07:00:00,,4.65
Zone_C,2026-06-26T08:00:00,2.72,
Zone_C,2026-06-26T09:00:00,2.59,0.38
Zone_C,2026-06-26T10:00:00,2.52,3.92
Zone_C,2026-06-26T11:00:00,2.67,
Zone_C,2026-06-26T12:00:00,2.77,4.31
Zone_C,2026-06-26T13:00:00,2.76,1.19
Zone_C,2026-06-26T13:00:00,2.76,1.19
Zone_C,2026-06-26T14:00:00,3.23,6.86
Zone_C,2026-06-26T15:00:00,3.38,4.4
ZONE_C,2026-06-26T16:00:00,3.37,2.71
Zone_C,2026-06-26T17:00:00,,0.38
Zone_C,2026-06-26T18:00:00,3.16,3.07
Zone_C,2026-06-26T19:00:00,2.93,1.74
Zone_C,2026-06-26T20:00:00,2.79,0.16
ZONE_C,2026-06-26T21:00:00,2.74,3.07
Zone_C,2026-06-26T22:00:00,2.77,2.84
Zone_C,2026-06-26T23:00:00,2.55,1.83
Zone_C,2026-06-27T00:00:00,2.87,3.44
Zone_C,2026-06-27T01:00:00,2.64,1.87
Zone_C,2026-06-27T01:00:00,2.64,1.87
Zone_C,2026-06-27T02:00:00,2.55,
zone_c,2026-06-27T03:00:00,2.73,4.85
Zone_C,2026-06-27T04:00:00,5000.0,2.83
Zone_C,2026-06-27T05:00:00,3.0,4.29
Zone_C,2026-06-27T06:00:00,2.96,3.17
Zone_C,2026-06-27T07:00:00,3.04,2.62
Zone_C,2026-06-27T08:00:00,3.06,2.33
Zone_C,2026-06-27T09:00:00,3.17,4.36
zone_c,2026-06-27T10:00:00,3.02,0.82
Zone_C,2026-06-27T11:00:00,2.85,0.73
Zone_C,2026-06-27T12:00:00,2.76,0.62
Zone_C,2026-06-27T13:00:00,5000.0,0.24
Zone_C,2026-06-27T14:00:00,2.83,2.33
ZONE_C,2026-06-27T15:00:00,3.03,-999.0
ZONE_C,2026-06-27T16:00:00,3.07,1.35
Zone_C,2026-06-27T17:00:00,2.92,1.92
zone_c,2026-06-27T18:00:00,,2.54
Zone_C,2026-06-27T19:00:00,2.81,0.28
Zone_C,2026-06-27T20:00:00,2.77,1.74
Zone_C,2026-06-27T21:00:00,2.76,0.21
Zone_C,2026-06-27T22:00:00,5000.0,3.12
Zone_C,2026-06-27T23:00:00,2.87,2.15
Zone_C,2026-06-28T00:00:00,,0.06
Zone_C,2026-06-28T01:00:00,2.75,3.55
zone_c,2026-06-28T02:00:00,2.75,0.86
Zone_C,2026-06-28T03:00:00,2.74,0.08
Zone_C,2026-06-28T04:00:00,2.79,2.35
Zone_C,2026-06-28T05:00:00,2.87,-999.0
Zone_C,2026-06-28T06:00:00,2.68,1.5
Zone_C,2026-06-28T07:00:00,2.72,0.93
Zone_C,2026-06-28T08:00:00,2.67,
Zone_C,2026-06-28T09:00:00,2.75,4.52
Zone_C,2026-06-28T10:00:00,2.81,1.06
Zone_C,2026-06-28T11:00:00,2.63,1.34
Zone_C,2026-06-28T12:00:00,2.61,0.65
Zone_C,2026-06-28T13:00:00,2.78,4.09
Zone_C,2026-06-28T14:00:00,2.57,
Zone_C,2026-06-28T15:00:00,2.46,-999.0
Zone_C,2026-06-28T16:00:00,2.35,3.35
Zone_C,2026-06-28T17:00:00,5000.0,7.18
Zone_C,2026-06-28T18:00:00,2.57,1.98
Zone_C,2026-06-28T19:00:00,2.61,
Zone_C,2026-06-28T20:00:00,5000.0,
Zone_C,2026-06-28T21:00:00,2.73,1.68
ZONE_C,2026-06-28T22:00:00,2.66,0.22
zone_c,2026-06-28T23:00:00,2.63,1.29
zone_c,2026-06-29T00:00:00,2.76,0.96
Zone_C,2026-06-29T01:00:00,2.75,2.59
Zone_C,2026-06-29T02:00:00,2.81,0.87
zone_c,2026-06-29T03:00:00,2.73,0.56
Zone_C,2026-06-29T04:00:00,2.51,1.49
Zone_C,2026-06-29T05:00:00,2.56,0.27
Zone_C,2026-06-29T06:00:00,2.7,2.19
Zone_C,2026-06-29T07:00:00,2.79,2.9
Zone_C,2026-06-29T08:00:00,2.71,
Zone_C,2026-06-29T09:00:00,2.79,5.27
Zone_C,2026-06-29T10:00:00,2.57,2.4
Zone_C,2026-06-29T11:00:00,2.56,1.3
Zone_C,2026-06-29T12:00:00,2.46,0.11
Zone_C,2026-06-29T13:00:00,2.41,1.18
Zone_C,2026-06-29T14:00:00,2.39,0.74
zone_c,2026-06-29T15:00:00,2.3,1.02
Zone_C,2026-06-29T16:00:00,,0.56
Zone_C,2026-06-29T17:00:00,2.38,0.36
Zone_C,2026-06-29T18:00:00,2.26,0.85
Zone_C,2026-06-29T19:00:00,2.47,2.04
ZONE_C,2026-06-29T20:00:00,2.41,1.14
Zone_C,2026-06-29T21:00:00,2.51,2.52
Zone_C,2026-06-29T22:00:00,2.53,4.0
Zone_C,2026-06-29T23:00:00,2.43,-999.0
Zone_C,2026-06-30T00:00:00,5000.0,0.23
Zone_C,2026-06-30T01:00:00,2.49,3.86
Zone_C,2026-06-30T02:00:00,2.42,1.13
Zone_C,2026-06-30T03:00:00,2.29,0.23
Zone_C,2026-06-30T04:00:00,2.37,3.85
zone_c,2026-06-30T05:00:00,2.22,0.11
ZONE_C,2026-06-30T06:00:00,,1.11
Zone_C,2026-06-30T07:00:00,2.36,6.55
Zone_C,2026-06-30T08:00:00,2.52,0.57
Zone_C,2026-06-30T09:00:00,2.37,0.03
Zone_C,2026-06-30T10:00:00,2.47,1.55
Zone_C,2026-06-30T10:00:00,2.47,1.55
Zone_C,2026-06-30T11:00:00,2.37,1.61
ZONE_C,2026-06-30T12:00:00,2.23,1.74
ZONE_C,2026-06-30T13:00:00,2.51,4.9
zone_c,2026-06-30T14:00:00,2.66,3.84
ZONE_C,2026-06-30T15:00:00,2.5,0.11
Zone_C,2026-06-30T16:00:00,2.43,0.24
Zone_C,2026-06-30T17:00:00,2.35,1.13
Zone_C,2026-06-30T18:00:00,2.55,4.47
ZONE_C,2026-06-30T19:00:00,2.46,0.1
Zone_C,2026-06-30T20:00:00,,0.35
Zone_C,2026-06-30T21:00:00,2.22,
Zone_C,2026-06-30T22:00:00,2.79,12.96
ZONE_C,2026-06-30T23:00:00,2.94,2.5
Zone_C,2026-07-01T00:00:00,2.87,2.45
Zone_C,2026-07-01T01:00:00,3.05,3.25
ZONE_C,2026-07-01T02:00:00,3.03,0.83
Zone_C,2026-07-01T03:00:00,2.93,1.59
Zone_C,2026-07-01T04:00:00,2.86,1.93
ZONE_C,2026-07-01T05:00:00,,
ZONE_C,2026-07-01T06:00:00,3.01,1.76
zone_c,2026-07-01T07:00:00,2.81,1.49
zone_c,2026-07-01T08:00:00,2.84,3.15
Zone_C,2026-07-01T09:00:00,2.74,0.93
Zone_C,2026-07-01T10:00:00,2.63,-999.0
Zone_C,2026-07-01T11:00:00,,1.5
zone_c,2026-07-01T12:00:00,2.57,2.0
ZONE_C,2026-07-01T13:00:00,2.62,1.74
Zone_C,2026-07-01T14:00:00,5000.0,2.89
Zone_C,2026-07-01T15:00:00,2.71,1.76
Zone_C,2026-07-01T16:00:00,2.68,0.67
ZONE_C,2026-07-01T17:00:00,2.81,3.77
ZONE_C,2026-07-01T18:00:00,2.74,
Zone_C,2026-07-01T19:00:00,2.62,
ZONE_C,2026-07-01T20:00:00,2.71,
Zone_C,2026-07-01T21:00:00,2.63,1.79
Zone_C,2026-07-01T22:00:00,2.72,0.2
Zone_C,2026-07-01T23:00:00,2.94,5.67
Zone_C,2026-07-02T00:00:00,2.85,2.34
Zone_C,2026-07-02T01:00:00,2.91,1.8
zone_c,2026-07-02T02:00:00,2.88,-999.0
Zone_C,2026-07-02T03:00:00,2.81,0.75
Zone_C,2026-07-02T04:00:00,2.7,0.04
Zone_C,2026-07-02T05:00:00,2.69,0.8
Zone_C,2026-07-02T06:00:00,2.61,0.75
Zone_C,2026-07-02T07:00:00,2.68,2.66
Zone_C,2026-07-02T08:00:00,2.9,7.36
zone_c,2026-07-02T09:00:00,3.0,3.1
Zone_C,2026-07-02T10:00:00,,-999.0
Zone_C,2026-07-02T11:00:00,2.88,2.0
Zone_C,2026-07-02T12:00:00,2.94,0.73
Zone_C,2026-07-02T13:00:00,5000.0,1.8
Zone_C,2026-07-02T14:00:00,2.77,0.15
Zone_C,2026-07-02T15:00:00,2.66,0.47
Zone_C,2026-07-02T16:00:00,,0.53
Zone_C,2026-07-02T17:00:00,2.52,2.32
Zone_C,2026-07-02T18:00:00,,1.12
Zone_C,2026-07-02T18:00:00,,1.12
Zone_C,2026-07-02T19:00:00,2.34,
zone_c,2026-07-02T20:00:00,2.32,
Zone_C,2026-07-02T21:00:00,2.15,
Zone_C,2026-07-02T22:00:00,2.23,1.31
zone_c,2026-07-02T23:00:00,2.52,3.17
Zone_C,2026-07-03T00:00:00,2.38,2.94
Zone_C,2026-07-03T01:00:00,2.42,2.98
Zone_C,2026-07-03T02:00:00,2.8,9.15
Zone_C,2026-07-03T03:00:00,2.88,
Zone_C,2026-07-03T04:00:00,2.91,2.53
Zone_C,2026-07-03T05:00:00,3.03,1.81
Zone_C,2026-07-03T06:00:00,2.9,0.36
Zone_C,2026-07-03T07:00:00,2.58,0.17
ZONE_C,2026-07-03T08:00:00,2.89,5.97
zone_c,2026-07-03T09:00:00,2.73,0.07
Zone_C,2026-07-03T10:00:00,2.68,0.31
Zone_C,2026-07-03T11:00:00,5000.0,1.62
Zone_C,2026-07-03T12:00:00,2.66,0.08
zone_c,2026-07-03T13:00:00,2.64,1.67
Zone_C,2026-07-03T14:00:00,2.76,0.31
Zone_C,2026-07-03T15:00:00,2.83,1.43
Zone_C,2026-07-03T16:00:00,2.86,1.93
zone_c,2026-07-03T17:00:00,2.86,-999.0
ZONE_C,2026-07-03T18:00:00,2.83,4.13
Zone_C,2026-07-03T19:00:00,2.65,0.15
ZONE_C,2026-07-03T20:00:00,2.54,1.02
Zone_C,2026-07-03T21:00:00,2.51,0.86
Zone_C,2026-07-03T22:00:00,2.59,2.48
zone_c,2026-07-03T23:00:00,2.59,1.09
Zone_C,2026-07-04T00:00:00,2.53,2.49
Zone_C,2026-07-04T01:00:00,2.29,0.8
ZONE_C,2026-07-04T02:00:00,2.27,0.27
Zone_C,2026-07-04T03:00:00,,2.63
Zone_C,2026-07-04T04:00:00,2.22,0.16
ZONE_C,2026-07-04T05:00:00,2.24,0.24
Zone_C,2026-07-04T06:00:00,,4.03
Zone_C,2026-07-04T07:00:00,2.4,0.05
zone_c,2026-07-04T08:00:00,2.44,0.33
Zone_C,2026-07-04T09:00:00,2.53,0.65
Zone_C,2026-07-04T10:00:00,5000.0,0.83
zone_c,2026-07-04T11:00:00,2.41,2.35
zone_c,2026-07-04T11:00:00,2.41,2.35
Zone_C,2026-07-04T12:00:00,2.43,0.35
Zone_C,2026-07-04T13:00:00,2.36,0.01
zone_c,2026-07-04T14:00:00,2.39,0.04
Zone_C,2026-07-04T15:00:00,2.39,3.11
zone_c,2026-07-04T16:00:00,,
Zone_C,2026-07-04T17:00:00,2.4,1.37
Zone_C,2026-07-04T18:00:00,2.49,2.33
ZONE_C,2026-07-04T19:00:00,2.49,2.29
Zone_C,2026-07-04T20:00:00,2.33,0.53
Zone_C,2026-07-04T21:00:00,2.46,1.21
zone_c,2026-07-04T22:00:00,2.31,1.96
Zone_C,2026-07-04T23:00:00,,3.27
Zone_C,2026-07-05T00:00:00,2.48,0.6
Zone_C,2026-07-05T01:00:00,2.71,0.81
zone_c,2026-07-05T02:00:00,2.85,2.97
Zone_C,2026-07-05T03:00:00,2.74,2.93
Zone_C,2026-07-05T04:00:00,2.86,2.41
Zone_C,2026-07-05T05:00:00,2.91,0.25
Zone_C,2026-07-05T06:00:00,2.8,0.8
Zone_C,2026-07-05T07:00:00,2.85,3.74
Zone_C,2026-07-05T08:00:00,2.93,0.58
Zone_C,2026-07-05T09:00:00,2.8,1.08
Zone_C,2026-07-05T10:00:00,2.81,2.72
Zone_C,2026-07-05T11:00:00,2.76,
Zone_C,2026-07-05T12:00:00,3.35,9.76
ZONE_C,2026-07-05T13:00:00,3.36,2.79
zone_c,2026-07-05T14:00:00,3.33,
ZONE_C,2026-07-05T15:00:00,3.23,4.24
Zone_C,2026-07-05T16:00:00,3.27,2.01
zone_c,2026-07-05T17:00:00,3.19,2.82
Zone_C,2026-07-05T18:00:00,3.18,2.93
zone_c,2026-07-05T19:00:00,3.16,
Zone_C,2026-07-05T20:00:00,3.26,2.91
Zone_C,2026-07-05T21:00:00,3.29,
Zone_C,2026-07-05T22:00:00,3.25,0.15
zone_c,2026-07-05T23:00:00,5000.0,1.65
Zone_C,2026-07-06T00:00:00,2.93,
Zone_C,2026-07-06T01:00:00,5000.0,0.4
zone_c,2026-07-06T02:00:00,,1.21
Zone_C,2026-07-06T03:00:00,2.89,6.63
zone_c,2026-07-06T04:00:00,3.0,2.69
zone_c,2026-07-06T05:00:00,2.76,
Zone_C,2026-07-06T06:00:00,2.65,0.94
Zone_C,2026-07-06T07:00:00,2.67,1.42
Zone_C,2026-07-06T08:00:00,2.71,2.96
Zone_C,2026-07-06T09:00:00,2.65,-999.0
zone_c,2026-07-06T10:00:00,2.4,
Zone_C,2026-07-06T11:00:00,2.28,0.48
zone_c,2026-07-06T12:00:00,2.11,0.26
Zone_C,2026-07-06T13:00:00,,2.15
Zone_C,2026-07-06T14:00:00,,4.87
Zone_C,2026-07-06T15:00:00,2.53,-999.0
Zone_C,2026-07-06T16:00:00,,0.2
Zone_C,2026-07-06T17:00:00,2.34,0.25
Zone_C,2026-07-06T18:00:00,2.41,0.0
Zone_C,2026-07-06T19:00:00,2.35,0.1
Zone_C,2026-07-06T20:00:00,2.36,0.07
zone_c,2026-07-06T21:00:00,2.46,2.32
Zone_C,2026-07-06T22:00:00,2.54,-999.0
Zone_C,2026-07-06T23:00:00,2.48,0.47
Zone_C,2026-07-07T00:00:00,2.52,3.64
zone_c,2026-07-07T01:00:00,2.42,
Zone_C,2026-07-07T02:00:00,2.44,1.37
Zone_C,2026-07-07T03:00:00,2.31,-999.0
zone_c,2026-07-07T04:00:00,5000.0,3.49
Zone_C,2026-07-07T05:00:00,2.46,0.63
Zone_C,2026-07-07T06:00:00,2.58,4.63
Zone_C,2026-07-07T07:00:00,2.58,1.0
Zone_C,2026-07-07T08:00:00,2.61,0.08
Zone_C,2026-07-07T09:00:00,2.6,4.54
Zone_C,2026-07-07T10:00:00,2.52,0.03
Zone_C,2026-07-07T11:00:00,2.45,2.07
Zone_C,2026-07-07T12:00:00,2.39,2.38
ZONE_C,2026-07-07T13:00:00,2.32,0.61
ZONE_C,2026-07-07T13:00:00,2.32,0.61
Zone_C,2026-07-07T14:00:00,2.38,1.4
zone_c,2026-07-07T15:00:00,2.2,0.56
Zone_C,2026-07-07T16:00:00,2.37,1.19
ZONE_C,2026-07-07T17:00:00,2.29,2.21
Zone_C,2026-07-07T18:00:00,2.38,6.1
ZONE_C,2026-07-07T19:00:00,2.51,2.64
zone_c,2026-07-07T20:00:00,,1.29
ZONE_C,2026-07-07T21:00:00,2.3,0.1
Zone_C,2026-07-07T22:00:00,2.28,2.96
Zone_C,2026-07-07T23:00:00,2.38,4.19
ZONE_C,2026-07-08T00:00:00,2.3,1.45
Zone_C,2026-07-08T01:00:00,2.33,0.63
Zone_C,2026-07-08T02:00:00,2.48,1.84
ZONE_C,2026-07-08T03:00:00,2.39,0.95
Zone_C,2026-07-08T04:00:00,2.14,0.29
Zone_C,2026-07-08T05:00:00,2.21,1.22
ZONE_C,2026-07-08T06:00:00,2.06,0.13
Zone_C,2026-07-08T07:00:00,1.78,0.15
Zone_C,2026-07-08T08:00:00,1.82,0.17
ZONE_C,2026-07-08T09:00:00,1.92,2.92
Zone_C,2026-07-08T10:00:00,2.23,6.17
zone_c,2026-07-08T11:00:00,2.37,1.35
Zone_C,2026-07-08T12:00:00,2.4,2.07
Zone_C,2026-07-08T13:00:00,,
Zone_C,2026-07-08T14:00:00,2.42,3.95
zone_c,2026-07-08T15:00:00,2.47,1.64
Zone_C,2026-07-08T16:00:00,2.43,-999.0
Zone_C,2026-07-08T17:00:00,2.39,1.92
Zone_C,2026-07-08T17:00:00,2.39,1.92
Zone_C,2026-07-08T18:00:00,5000.0,10.14
Zone_C,2026-07-08T19:00:00,3.12,
ZONE_C,2026-07-08T20:00:00,3.01,3.32
Zone_C,2026-07-08T21:00:00,,0.9
Zone_C,2026-07-08T22:00:00,2.81,-999.0
Zone_C,2026-07-08T23:00:00,2.81,3.55
Zone_C,2026-07-09T00:00:00,2.86,3.31
Zone_C,2026-07-09T01:00:00,2.78,1.31
Zone_C,2026-07-09T02:00:00,2.79,1.15
zone_c,2026-07-09T03:00:00,2.71,0.48
Zone_C,2026-07-09T04:00:00,2.84,2.27
ZONE_C,2026-07-09T05:00:00,2.69,0.98
Zone_C,2026-07-09T06:00:00,5000.0,2.44
ZONE_C,2026-07-09T07:00:00,2.56,1.02
Zone_C,2026-07-09T08:00:00,2.53,0.34
Zone_C,2026-07-09T09:00:00,2.76,6.77
Zone_C,2026-07-09T10:00:00,2.77,4.01
zone_c,2026-07-09T11:00:00,,4.23
Zone_C,2026-07-09T12:00:00,2.6,0.78
zone_c,2026-07-09T13:00:00,2.74,-999.0
Zone_C,2026-07-09T14:00:00,2.76,2.16
Zone_C,2026-07-09T15:00:00,2.97,5.87
Zone_C,2026-07-09T16:00:00,2.61,0.04
ZONE_C,2026-07-09T17:00:00,2.68,1.61
Zone_C,2026-07-09T18:00:00,2.36,0.0
Zone_C,2026-07-09T19:00:00,2.23,0.68
Zone_C,2026-07-09T20:00:00,2.2,
Zone_C,2026-07-09T21:00:00,2.13,
Zone_C,2026-07-09T22:00:00,2.28,
ZONE_C,2026-07-09T23:00:00,2.27,1.57
Zone_C,2026-07-10T00:00:00,2.68,10.21
Zone_C,2026-07-10T01:00:00,2.77,
Zone_C,2026-07-10T02:00:00,2.58,1.68
Zone_C,2026-07-10T03:00:00,5000.0,0.3
zone_c,2026-07-10T04:00:00,2.76,4.57
Zone_C,2026-07-10T05:00:00,2.68,0.33
Zone_C,2026-07-10T06:00:00,2.64,1.17
Zone_C,2026-07-10T06:00:00,2.64,1.17
zone_c,2026-07-10T07:00:00,2.76,2.75
Zone_C,2026-07-10T08:00:00,3.11,7.61
Zone_C,2026-07-10T09:00:00,2.83,0.71
zone_c,2026-07-10T10:00:00,2.65,0.18
Zone_C,2026-07-10T11:00:00,2.69,
Zone_C,2026-07-10T12:00:00,2.78,3.11
Zone_C,2026-07-10T13:00:00,2.65,0.48
Zone_C,2026-07-10T14:00:00,2.86,4.99
Zone_C,2026-07-10T15:00:00,2.89,
Zone_C,2026-07-10T16:00:00,2.84,0.89
zone_c,2026-07-10T17:00:00,2.74,0.77
Zone_C,2026-07-10T18:00:00,,0.51
Zone_C,2026-07-10T19:00:00,2.53,0.6
Zone_C,2026-07-10T19:00:00,2.53,0.6
Zone_C,2026-07-10T20:00:00,5000.0,1.59
Zone_C,2026-07-10T21:00:00,5000.0,0.61
Zone_C,2026-07-10T22:00:00,,
Zone_C,2026-07-10T23:00:00,2.62,1.74
Zone_C,2026-07-11T00:00:00,3.06,
Zone_C,2026-07-11T01:00:00,2.89,0.26
zone_c,2026-07-11T02:00:00,2.9,0.48
Zone_C,2026-07-11T03:00:00,2.69,0.34
zone_c,2026-07-11T04:00:00,2.83,0.13
Zone_C,2026-07-11T05:00:00,3.21,
Zone_C,2026-07-11T06:00:00,5000.0,9.34
Zone_C,2026-07-11T07:00:00,3.62,2.41
zone_c,2026-07-11T08:00:00,3.37,0.47
Zone_C,2026-07-11T09:00:00,5000.0,-999.0
Zone_C,2026-07-11T10:00:00,5000.0,1.64
Zone_C,2026-07-11T11:00:00,3.24,1.32
Zone_C,2026-07-11T12:00:00,3.36,4.62
Zone_C,2026-07-11T13:00:00,3.33,4.99
Zone_C,2026-07-11T14:00:00,3.28,0.59
Zone_C,2026-07-11T15:00:00,3.31,2.56
Zone_C,2026-07-11T16:00:00,3.17,0.19
ZONE_C,2026-07-11T17:00:00,3.16,1.16
Zone_C,2026-07-11T18:00:00,3.17,1.5
Zone_C,2026-07-11T19:00:00,3.06,2.42
Zone_C,2026-07-11T20:00:00,3.01,
Zone_C,2026-07-11T21:00:00,2.82,1.12
Zone_C,2026-07-11T22:00:00,2.73,1.04
Zone_C,2026-07-11T23:00:00,,-999.0
Zone_C,2026-07-12T00:00:00,3.04,
Zone_C,2026-07-12T01:00:00,3.17,4.09
Zone_C,2026-07-12T02:00:00,2.98,
Zone_C,2026-07-12T03:00:00,3.03,0.44
zone_c,2026-07-12T04:00:00,3.02,1.59
zone_c,2026-07-12T05:00:00,3.02,
Zone_C,2026-07-12T06:00:00,3.12,1.06
Zone_C,2026-07-12T07:00:00,,3.75
Zone_C,2026-07-12T08:00:00,3.28,3.68
zone_c,2026-07-12T09:00:00,3.14,2.81
Zone_C,2026-07-12T10:00:00,3.22,0.62
Zone_C,2026-07-12T11:00:00,3.37,1.77
Zone_C,2026-07-12T12:00:00,,0.0
Zone_C,2026-07-12T13:00:00,3.15,0.37
Zone_C,2026-07-12T14:00:00,3.23,
ZONE_C,2026-07-12T15:00:00,3.01,1.64
Zone_C,2026-07-12T16:00:00,2.81,0.07
zone_c,2026-07-12T17:00:00,2.55,0.64
ZONE_C,2026-07-12T18:00:00,2.6,0.6
Zone_C,2026-07-12T19:00:00,2.53,0.8
Zone_C,2026-07-12T20:00:00,2.69,6.47
Zone_C,2026-07-12T21:00:00,2.39,
Zone_C,2026-07-12T22:00:00,2.43,2.45
zone_c,2026-07-12T23:00:00,2.37,2.81
Zone_C,2026-07-13T00:00:00,2.22,0.11
ZONE_C,2026-07-13T01:00:00,2.09,0.3
ZONE_C,2026-07-13T02:00:00,2.26,4.57
ZONE_C,2026-07-13T03:00:00,2.14,0.35
Zone_C,2026-07-13T04:00:00,,0.02
ZONE_C,2026-07-13T05:00:00,1.98,0.25
Zone_C,2026-07-13T06:00:00,2.06,0.94
Zone_C,2026-07-13T07:00:00,2.03,1.33
Zone_C,2026-07-13T08:00:00,2.19,0.48
Zone_C,2026-07-13T09:00:00,5000.0,6.1
Zone_C,2026-07-13T10:00:00,,0.64
ZONE_C,2026-07-13T11:00:00,1.95,0.04
Zone_C,2026-07-13T12:00:00,1.87,0.67
Zone_C,2026-07-13T13:00:00,5000.0,-999.0
Zone_C,2026-07-13T14:00:00,2.25,8.99
Zone_C,2026-07-13T15:00:00,2.33,0.85
Zone_C,2026-07-13T16:00:00,,0.1
Zone_C,2026-07-13T17:00:00,2.51,3.82
Zone_C,2026-07-13T18:00:00,2.44,2.33
Zone_C,2026-07-13T19:00:00,2.39,3.07
zone_c,2026-07-13T20:00:00,5000.0,5.35
Zone_C,2026-07-13T21:00:00,2.88,6.28
Zone_C,2026-07-13T22:00:00,2.91,
ZONE_C,2026-07-13T23:00:00,2.68,
ZONE_C,2026-07-13T23:00:00,2.68,
Zone_C,2026-07-14T00:00:00,2.82,2.68
zone_c,2026-07-14T01:00:00,2.57,0.98
Zone_C,2026-07-14T02:00:00,2.6,0.04
Zone_C,2026-07-14T03:00:00,2.7,0.35
ZONE_C,2026-07-14T04:00:00,2.81,0.07
Zone_C,2026-07-14T05:00:00,2.7,1.83
Zone_C,2026-07-14T06:00:00,5000.0,1.84
Zone_C,2026-07-14T07:00:00,3.0,3.76
Zone_C,2026-07-14T08:00:00,3.07,0.41
Zone_C,2026-07-14T09:00:00,3.08,0.48
Zone_C,2026-07-14T10:00:00,3.17,
Zone_C,2026-07-14T11:00:00,3.17,1.74
zone_c,2026-07-14T12:00:00,3.08,0.0
Zone_C,2026-07-14T13:00:00,3.16,4.71
Zone_C,2026-07-14T14:00:00,,0.94
Zone_C,2026-07-14T15:00:00,3.09,1.22
Zone_C,2026-07-14T16:00:00,3.13,1.5
Zone_C,2026-07-14T17:00:00,,2.55
zone_c,2026-07-14T18:00:00,3.07,0.82
zone_c,2026-07-14T18:00:00,3.07,0.82
Zone_C,2026-07-14T19:00:00,3.0,
zone_c,2026-07-14T20:00:00,2.82,0.37
Zone_C,2026-07-14T21:00:00,2.6,1.05
Zone_C,2026-07-14T22:00:00,2.61,
Zone_C,2026-07-14T23:00:00,2.64,3.61
Zone_C,2026-07-15T00:00:00,2.47,2.73
Zone_C,2026-07-15T01:00:00,2.52,3.05
Zone_C,2026-07-15T02:00:00,,1.39
zone_c,2026-07-15T03:00:00,2.54,
zone_c,2026-07-15T04:00:00,2.46,0.28
Zone_C,2026-07-15T05:00:00,2.62,1.73
Zone_C,2026-07-15T06:00:00,2.43,0.34
Zone_C,2026-07-15T07:00:00,2.46,1.02
Zone_C,2026-07-15T08:00:00,2.43,0.07
Zone_C,2026-07-15T09:00:00,2.48,1.66
Zone_C,2026-07-15T10:00:00,2.59,0.74
Zone_C,2026-07-15T11:00:00,,6.75
Zone_C,2026-07-15T12:00:00,2.67,
Zone_C,2026-07-15T13:00:00,2.57,1.24
Zone_C,2026-07-15T14:00:00,2.7,2.65
Zone_C,2026-07-15T15:00:00,2.48,0.63
Zone_C,2026-07-15T16:00:00,2.51,0.07
Zone_C,2026-07-15T17:00:00,2.6,3.05
Zone_C,2026-07-15T18:00:00,2.58,0.82
zone_c,2026-07-15T19:00:00,2.51,1.22
Zone_C,2026-07-15T20:00:00,2.59,0.85
Zone_C,2026-07-15T21:00:00,2.42,0.09
Zone_C,2026-07-15T22:00:00,2.54,
Zone_C,2026-07-15T23:00:00,,0.26
Zone_C,2026-07-16T00:00:00,2.43,5.01
Zone_C,2026-07-16T01:00:00,2.6,3.89
Zone_C,2026-07-16T02:00:00,2.56,0.9
Zone_C,2026-07-16T03:00:00,2.6,1.11
Zone_C,2026-07-16T04:00:00,5000.0,0.15
Zone_C,2026-07-16T05:00:00,2.47,1.67
zone_c,2026-07-16T06:00:00,,2.67
Zone_C,2026-07-16T07:00:00,2.67,3.69
Zone_C,2026-07-16T08:00:00,,
Zone_C,2026-07-16T09:00:00,,2.54
Zone_C,2026-07-16T10:00:00,2.62,0.14
Zone_C,2026-07-16T11:00:00,2.41,0.77
Zone_C,2026-07-16T12:00:00,2.5,0.28
Zone_C,2026-07-16T13:00:00,2.47,1.43
Zone_C,2026-07-16T14:00:00,5000.0,6.06
Zone_C,2026-07-16T15:00:00,2.62,0.38
Zone_C,2026-07-16T16:00:00,5000.0,6.44
Zone_C,2026-07-16T17:00:00,3.16,0.79
Zone_C,2026-07-16T18:00:00,3.4,5.46
Zone_C,2026-07-16T19:00:00,3.45,3.97
Zone_C,2026-07-16T20:00:00,3.36,2.28
Zone_C,2026-07-16T21:00:00,3.2,0.19
Zone_C,2026-07-16T22:00:00,3.19,1.33
Zone_C,2026-07-16T23:00:00,5000.0,
Zone_C,2026-07-17T00:00:00,3.13,
Zone_C,2026-07-17T01:00:00,2.85,0.11
zone_c,2026-07-17T02:00:00,2.87,5.07
Zone_C,2026-07-17T03:00:00,2.99,7.62
Zone_C,2026-07-17T04:00:00,2.95,0.48
Zone_C,2026-07-17T05:00:00,2.89,0.16
Zone_C,2026-07-17T06:00:00,5000.0,2.8
zone_c,2026-07-17T07:00:00,2.67,0.75
ZONE_C,2026-07-17T08:00:00,2.63,0.66
Zone_C,2026-07-17T09:00:00,2.45,0.78
Zone_C,2026-07-17T10:00:00,2.58,0.85
Zone_C,2026-07-17T11:00:00,2.57,2.64
Zone_C,2026-07-17T12:00:00,2.42,0.73
Zone_C,2026-07-17T13:00:00,2.34,-999.0
Zone_C,2026-07-17T14:00:00,2.32,1.37
Zone_C,2026-07-17T15:00:00,,0.34
Zone_C,2026-07-17T16:00:00,2.34,2.59
zone_c,2026-07-17T17:00:00,,-999.0
Zone_C,2026-07-17T18:00:00,2.27,0.96
Zone_C,2026-07-17T19:00:00,2.17,1.11
ZONE_C,2026-07-17T20:00:00,2.1,-999.0
zone_c,2026-07-17T21:00:00,2.05,1.37
Zone_C,2026-07-17T22:00:00,2.13,0.49
Zone_C,2026-07-17T23:00:00,2.25,0.53
ZONE_C,2026-07-18T00:00:00,5000.0,
Zone_C,2026-07-18T01:00:00,2.16,3.59
Zone_C,2026-07-18T02:00:00,2.33,3.7
Zone_C,2026-07-18T03:00:00,2.37,1.42
zone_c,2026-07-18T04:00:00,2.63,3.59
zone_c,2026-07-18T05:00:00,2.56,0.78
Zone_C,2026-07-18T06:00:00,5000.0,1.52
Zone_C,2026-07-18T07:00:00,2.57,
Zone_C,2026-07-18T08:00:00,2.67,4.69
Zone_C,2026-07-18T09:00:00,2.51,0.22
Zone_C,2026-07-18T10:00:00,2.33,0.35
zone_c,2026-07-18T11:00:00,2.13,1.53
Zone_C,2026-07-18T12:00:00,2.25,4.03
Zone_C,2026-07-18T13:00:00,2.4,3.44
Zone_C,2026-07-18T14:00:00,2.49,-999.0
Zone_C,2026-07-18T15:00:00,,2.36
Zone_C,2026-07-18T16:00:00,2.35,0.26
zone_c,2026-07-18T17:00:00,2.31,2.26
zone_c,2026-07-18T18:00:00,2.25,1.28
Zone_C,2026-07-18T19:00:00,2.18,
ZONE_C,2026-07-18T20:00:00,2.22,0.46
Zone_C,2026-07-18T21:00:00,2.09,-999.0
Zone_C,2026-07-18T22:00:00,,5.71
zone_c,2026-07-18T23:00:00,2.29,0.62
zone_c,2026-07-19T00:00:00,2.26,0.09
zone_c,2026-07-19T01:00:00,2.27,0.24
Zone_C,2026-07-19T02:00:00,5000.0,6.42
Zone_C,2026-07-19T03:00:00,2.62,0.24
Zone_C,2026-07-19T04:00:00,2.55,-999.0
Zone_C,2026-07-19T05:00:00,2.42,2.94
Zone_C,2026-07-19T06:00:00,2.31,1.39
Zone_C,2026-07-19T07:00:00,2.21,0.8
zone_c,2026-07-19T08:00:00,2.09,1.33
Zone_C,2026-07-19T09:00:00,2.2,3.26
zone_c,2026-07-19T10:00:00,2.18,1.37
Zone_C,2026-07-19T11:00:00,5000.0,5.12
Zone_C,2026-07-19T12:00:00,2.5,4.33
Zone_C,2026-07-19T13:00:00,2.49,0.48
ZONE_C,2026-07-19T14:00:00,2.63,6.94
Zone_C,2026-07-19T15:00:00,2.69,4.85
Zone_C,2026-07-19T16:00:00,2.57,1.22
Zone_C,2026-07-19T17:00:00,2.56,0.26
Zone_C,2026-07-19T18:00:00,2.54,0.16
Zone_C,2026-07-19T19:00:00,2.51,0.64
Zone_C,2026-07-19T20:00:00,2.55,0.27
Zone_C,2026-07-19T21:00:00,,
Zone_C,2026-07-19T22:00:00,2.64,0.13
Zone_C,2026-07-19T23:00:00,2.71,3.41
Zone_C,2026-07-20T00:00:00,2.74,0.48
Zone_C,2026-07-20T01:00:00,3.0,-999.0
Zone_C,2026-07-20T02:00:00,,0.21
Zone_C,2026-07-20T03:00:00,2.83,1.37
Zone_C,2026-07-20T04:00:00,2.85,0.49
Zone_C,2026-07-20T05:00:00,,
Zone_C,2026-07-20T06:00:00,2.79,2.13
Zone_C,2026-07-20T07:00:00,2.72,2.92
Zone_C,2026-07-20T08:00:00,5000.0,1.26
ZONE_C,2026-07-20T09:00:00,2.7,-999.0
Zone_C,2026-07-20T10:00:00,2.86,2.05
Zone_C,2026-07-20T11:00:00,2.55,0.11
Zone_C,2026-07-20T12:00:00,2.41,1.8
zone_c,2026-07-20T13:00:00,2.31,0.06
Zone_C,2026-07-20T14:00:00,2.26,0.31
Zone_C,2026-07-20T15:00:00,2.11,0.57
ZONE_C,2026-07-20T16:00:00,2.43,5.28
zone_c,2026-07-20T17:00:00,2.55,1.35
Zone_C,2026-07-20T18:00:00,2.41,0.96
Zone_C,2026-07-20T19:00:00,2.82,5.7
zone_c,2026-07-20T20:00:00,2.64,0.41
Zone_C,2026-07-20T21:00:00,2.81,-999.0
Zone_C,2026-07-20T22:00:00,2.8,1.38
Zone_C,2026-07-20T23:00:00,2.83,0.61
Zone_C,2026-07-21T00:00:00,2.68,1.19
Zone_C,2026-07-21T01:00:00,2.48,1.52
Zone_C,2026-07-21T02:00:00,2.59,
zone_c,2026-07-21T03:00:00,2.39,0.39
Zone_C,2026-07-21T04:00:00,2.36,0.31
Zone_C,2026-07-21T05:00:00,2.41,2.36
Zone_C,2026-07-21T06:00:00,2.3,3.45
Zone_C,2026-07-21T07:00:00,2.47,2.4
Zone_C,2026-07-21T08:00:00,,2.88
Zone_C,2026-07-21T09:00:00,2.49,0.12
Zone_C,2026-07-21T10:00:00,2.8,4.72
Zone_C,2026-07-21T11:00:00,2.74,
Zone_C,2026-07-21T12:00:00,,2.86
Zone_C,2026-07-21T13:00:00,2.7,2.91
Zone_C,2026-07-21T14:00:00,2.63,0.16
zone_c,2026-07-21T15:00:00,2.63,2.0
Zone_C,2026-07-21T16:00:00,2.76,4.68
Zone_C,2026-07-21T17:00:00,5000.0,0.3
Zone_C,2026-07-21T18:00:00,2.67,
Zone_C,2026-07-21T19:00:00,2.73,1.29
Zone_C,2026-07-21T20:00:00,2.81,3.43
Zone_C,2026-07-21T21:00:00,2.9,4.7
zone_c,2026-07-21T22:00:00,2.95,2.81
Zone_C,2026-07-21T23:00:00,2.68,-999.0
Zone_C,2026-07-22T00:00:00,2.7,3.88
Zone_C,2026-07-22T01:00:00,2.53,0.11
Zone_C,2026-07-22T02:00:00,2.67,0.72
Zone_C,2026-07-22T03:00:00,2.39,1.75
Zone_C,2026-07-22T04:00:00,2.41,0.86
Zone_C,2026-07-22T05:00:00,2.39,1.11
Zone_C,2026-07-22T06:00:00,2.54,3.8
Zone_C,2026-07-22T07:00:00,2.39,
Zone_C,2026-07-22T07:00:00,2.39,
Zone_C,2026-07-22T08:00:00,2.47,2.12
Zone_C,2026-07-22T09:00:00,2.27,0.51
Zone_C,2026-07-22T10:00:00,2.12,-999.0
Zone_C,2026-07-22T11:00:00,2.09,1.07
ZONE_C,2026-07-22T12:00:00,2.15,1.18
Zone_C,2026-07-22T13:00:00,2.17,0.2
zone_c,2026-07-22T14:00:00,2.02,0.7
Zone_C,2026-07-22T15:00:00,1.91,0.89
ZONE_C,2026-07-22T16:00:00,1.98,-999.0
Zone_C,2026-07-22T17:00:00,2.3,3.51
Zone_C,2026-07-22T18:00:00,2.24,2.71
Zone_C,2026-07-22T19:00:00,2.33,0.29
zone_c,2026-07-22T20:00:00,2.35,0.12
Zone_C,2026-07-22T21:00:00,2.16,0.51
Zone_C,2026-07-22T22:00:00,2.16,
Zone_C,2026-07-22T23:00:00,2.45,6.83
Zone_D,2026-06-01T00:00:00,1.57,1.72
Zone_D,2026-06-01T01:00:00,1.78,2.92
Zone_D,2026-06-01T02:00:00,,4.33
Zone_D,2026-06-01T03:00:00,2.03,0.41
zone_d,2026-06-01T04:00:00,2.14,0.79
Zone_D,2026-06-01T05:00:00,2.22,2.69
Zone_D,2026-06-01T06:00:00,2.31,2.76
Zone_D,2026-06-01T07:00:00,2.28,1.47
Zone_D,2026-06-01T08:00:00,2.59,5.16
Zone_D,2026-06-01T09:00:00,,6.16
Zone_D,2026-06-01T10:00:00,2.77,1.66
Zone_D,2026-06-01T11:00:00,2.77,-999.0
Zone_D,2026-06-01T12:00:00,2.55,0.14
Zone_D,2026-06-01T13:00:00,2.79,4.58
Zone_D,2026-06-01T14:00:00,3.09,6.09
Zone_D,2026-06-01T15:00:00,3.37,4.33
zone_d,2026-06-01T16:00:00,,2.24
Zone_D,2026-06-01T17:00:00,3.17,3.45
Zone_D,2026-06-01T18:00:00,3.65,10.16
Zone_D,2026-06-01T19:00:00,3.61,2.75
Zone_D,2026-06-01T20:00:00,3.4,0.15
Zone_D,2026-06-01T21:00:00,3.19,2.25
Zone_D,2026-06-01T22:00:00,3.27,
Zone_D,2026-06-01T23:00:00,3.07,2.14
Zone_D,2026-06-02T00:00:00,3.3,6.96
Zone_D,2026-06-02T01:00:00,,4.75
zone_d,2026-06-02T02:00:00,3.42,0.47
Zone_D,2026-06-02T03:00:00,,8.67
zone_d,2026-06-02T04:00:00,3.53,
Zone_D,2026-06-02T05:00:00,,
Zone_D,2026-06-02T06:00:00,3.69,5.44
Zone_D,2026-06-02T07:00:00,3.51,1.39
Zone_D,2026-06-02T08:00:00,,2.27
Zone_D,2026-06-02T09:00:00,3.37,0.07
Zone_D,2026-06-02T10:00:00,3.13,0.31
Zone_D,2026-06-02T11:00:00,3.01,0.71
Zone_D,2026-06-02T12:00:00,2.86,1.35
Zone_D,2026-06-02T13:00:00,2.79,0.94
Zone_D,2026-06-02T14:00:00,,0.2
Zone_D,2026-06-02T15:00:00,2.29,1.05
Zone_D,2026-06-02T16:00:00,2.37,2.62
ZONE_D,2026-06-02T17:00:00,2.46,1.6
Zone_D,2026-06-02T18:00:00,2.47,
Zone_D,2026-06-02T19:00:00,2.47,2.15
zone_d,2026-06-02T20:00:00,2.39,0.14
zone_d,2026-06-02T21:00:00,2.76,5.88
Zone_D,2026-06-02T22:00:00,,
Zone_D,2026-06-02T23:00:00,2.46,
zone_d,2026-06-03T00:00:00,2.51,3.17
Zone_D,2026-06-03T01:00:00,2.42,0.14
Zone_D,2026-06-03T02:00:00,2.47,0.35
Zone_D,2026-06-03T03:00:00,2.57,-999.0
Zone_D,2026-06-03T04:00:00,2.33,1.6
Zone_D,2026-06-03T05:00:00,2.19,0.97
Zone_D,2026-06-03T06:00:00,2.06,0.82
zone_d,2026-06-03T07:00:00,1.86,1.14
Zone_D,2026-06-03T08:00:00,1.9,0.12
Zone_D,2026-06-03T09:00:00,1.81,0.5
zone_d,2026-06-03T10:00:00,1.78,0.16
Zone_D,2026-06-03T11:00:00,1.95,2.85
Zone_D,2026-06-03T12:00:00,2.05,0.28
Zone_D,2026-06-03T13:00:00,2.16,2.99
Zone_D,2026-06-03T14:00:00,2.22,1.2
ZONE_D,2026-06-03T15:00:00,2.12,-999.0
Zone_D,2026-06-03T16:00:00,2.08,3.42
Zone_D,2026-06-03T17:00:00,2.07,2.21
Zone_D,2026-06-03T18:00:00,,
Zone_D,2026-06-03T19:00:00,2.18,1.16
ZONE_D,2026-06-03T20:00:00,2.1,0.37
zone_d,2026-06-03T21:00:00,2.24,5.28
zone_d,2026-06-03T22:00:00,1.95,0.38
Zone_D,2026-06-03T23:00:00,5000.0,1.2
Zone_D,2026-06-04T00:00:00,2.21,0.98
Zone_D,2026-06-04T01:00:00,,
Zone_D,2026-06-04T02:00:00,2.14,0.02
Zone_D,2026-06-04T03:00:00,2.07,1.85
Zone_D,2026-06-04T04:00:00,1.93,1.12
Zone_D,2026-06-04T05:00:00,5000.0,0.31
Zone_D,2026-06-04T06:00:00,1.8,-999.0
Zone_D,2026-06-04T07:00:00,1.77,
ZONE_D,2026-06-04T08:00:00,1.81,
Zone_D,2026-06-04T09:00:00,2.09,5.18
zone_d,2026-06-04T10:00:00,2.4,5.67
Zone_D,2026-06-04T11:00:00,,
Zone_D,2026-06-04T12:00:00,,
Zone_D,2026-06-04T13:00:00,2.31,1.3
Zone_D,2026-06-04T14:00:00,2.7,4.41
ZONE_D,2026-06-04T15:00:00,2.63,
zone_d,2026-06-04T16:00:00,2.57,1.22
Zone_D,2026-06-04T17:00:00,2.6,1.18
zone_d,2026-06-04T18:00:00,2.48,
Zone_D,2026-06-04T19:00:00,2.34,0.16
Zone_D,2026-06-04T20:00:00,2.41,
Zone_D,2026-06-04T21:00:00,2.44,3.8
Zone_D,2026-06-04T22:00:00,2.66,2.35
Zone_D,2026-06-04T23:00:00,2.74,3.3
Zone_D,2026-06-05T00:00:00,5000.0,0.42
Zone_D,2026-06-05T01:00:00,2.71,3.96
Zone_D,2026-06-05T02:00:00,2.69,
Zone_D,2026-06-05T03:00:00,2.67,0.88
Zone_D,2026-06-05T04:00:00,3.16,12.82
ZONE_D,2026-06-05T05:00:00,3.9,18.8
Zone_D,2026-06-05T06:00:00,,33.04
Zone_D,2026-06-05T07:00:00,5.08,10.01
Zone_D,2026-06-05T08:00:00,6.68,39.94
Zone_D,2026-06-05T09:00:00,7.89,35.91
Zone_D,2026-06-05T10:00:00,7.87,11.79
zone_d,2026-06-05T11:00:00,8.18,20.43
zone_d,2026-06-05T12:00:00,8.6,23.19
zone_d,2026-06-05T13:00:00,,13.01
zone_d,2026-06-05T14:00:00,5000.0,22.73
Zone_D,2026-06-05T15:00:00,9.24,20.75
Zone_D,2026-06-05T16:00:00,8.99,15.1
Zone_D,2026-06-05T17:00:00,9.76,29.57
Zone_D,2026-06-05T18:00:00,11.16,46.96
Zone_D,2026-06-05T19:00:00,10.98,18.29
Zone_D,2026-06-05T20:00:00,10.98,19.31
Zone_D,2026-06-05T21:00:00,11.04,23.33
Zone_D,2026-06-05T22:00:00,5000.0,13.76
Zone_D,2026-06-05T23:00:00,11.46,32.05
ZONE_D,2026-06-06T00:00:00,12.39,37.77
zone_d,2026-06-06T01:00:00,,45.88
Zone_D,2026-06-06T02:00:00,13.94,33.01
Zone_D,2026-06-06T03:00:00,15.14,46.39
Zone_D,2026-06-06T04:00:00,14.33,10.41
ZONE_D,2026-06-06T05:00:00,14.13,23.37
Zone_D,2026-06-06T06:00:00,14.7,38.36
ZONE_D,2026-06-06T07:00:00,,22.07
Zone_D,2026-06-06T08:00:00,13.73,12.37
Zone_D,2026-06-06T09:00:00,13.75,26.19
Zone_D,2026-06-06T10:00:00,13.55,18.7
Zone_D,2026-06-06T11:00:00,14.06,34.81
Zone_D,2026-06-06T12:00:00,,17.79
Zone_D,2026-06-06T13:00:00,13.44,21.63
Zone_D,2026-06-06T14:00:00,13.24,17.36
Zone_D,2026-06-06T15:00:00,13.54,
zone_d,2026-06-06T16:00:00,13.37,23.66
Zone_D,2026-06-06T17:00:00,,32.83
Zone_D,2026-06-06T18:00:00,14.61,42.83
Zone_D,2026-06-06T19:00:00,15.01,38.54
Zone_D,2026-06-06T20:00:00,15.83,43.63
Zone_D,2026-06-06T21:00:00,14.56,1.53
Zone_D,2026-06-06T22:00:00,13.27,0.28
Zone_D,2026-06-06T23:00:00,12.2,
Zone_D,2026-06-07T00:00:00,11.1,1.95
zone_d,2026-06-07T01:00:00,10.37,2.53
Zone_D,2026-06-07T02:00:00,5000.0,0.27
ZONE_D,2026-06-07T03:00:00,8.97,3.17
Zone_D,2026-06-07T04:00:00,8.11,0.47
Zone_D,2026-06-07T05:00:00,5000.0,0.69
Zone_D,2026-06-07T06:00:00,6.7,0.9
Zone_D,2026-06-07T07:00:00,6.25,0.35
Zone_D,2026-06-07T08:00:00,5.67,0.47
Zone_D,2026-06-07T09:00:00,5.23,0.25
ZONE_D,2026-06-07T10:00:00,5.22,5.88
Zone_D,2026-06-07T11:00:00,4.94,1.91
Zone_D,2026-06-07T12:00:00,,4.47
Zone_D,2026-06-07T13:00:00,4.16,0.78
Zone_D,2026-06-07T14:00:00,3.99,3.55
Zone_D,2026-06-07T15:00:00,3.72,0.43
Zone_D,2026-06-07T16:00:00,3.6,2.04
Zone_D,2026-06-07T17:00:00,3.49,1.03
Zone_D,2026-06-07T18:00:00,3.51,3.08
ZONE_D,2026-06-07T19:00:00,3.3,0.91
Zone_D,2026-06-07T20:00:00,2.91,0.12
Zone_D,2026-06-07T21:00:00,2.9,0.44
Zone_D,2026-06-07T22:00:00,2.72,0.04
Zone_D,2026-06-07T23:00:00,2.43,0.76
Zone_D,2026-06-08T00:00:00,2.41,0.92
zone_d,2026-06-08T01:00:00,,3.38
Zone_D,2026-06-08T02:00:00,2.75,
Zone_D,2026-06-08T03:00:00,2.42,0.1
Zone_D,2026-06-08T04:00:00,2.54,2.46
Zone_D,2026-06-08T04:00:00,2.54,2.46
Zone_D,2026-06-08T05:00:00,2.72,4.19
Zone_D,2026-06-08T06:00:00,,3.92
Zone_D,2026-06-08T07:00:00,2.82,1.2
Zone_D,2026-06-08T08:00:00,2.81,
ZONE_D,2026-06-08T09:00:00,2.89,0.04
Zone_D,2026-06-08T10:00:00,2.86,1.77
zone_d,2026-06-08T11:00:00,2.56,0.68
zone_d,2026-06-08T11:00:00,2.56,0.68
Zone_D,2026-06-08T12:00:00,2.43,1.79
Zone_D,2026-06-08T13:00:00,2.31,
Zone_D,2026-06-08T14:00:00,2.34,1.49
Zone_D,2026-06-08T15:00:00,2.25,1.47
Zone_D,2026-06-08T16:00:00,2.18,
Zone_D,2026-06-08T17:00:00,2.19,1.4
Zone_D,2026-06-08T18:00:00,2.19,0.97
ZONE_D,2026-06-08T19:00:00,2.21,1.86
Zone_D,2026-06-08T20:00:00,2.21,2.33
Zone_D,2026-06-08T21:00:00,2.15,0.54
Zone_D,2026-06-08T22:00:00,2.2,2.8
zone_d,2026-06-08T23:00:00,1.99,0.33
Zone_D,2026-06-09T00:00:00,1.94,0.34
ZONE_D,2026-06-09T01:00:00,2.1,2.27
Zone_D,2026-06-09T02:00:00,2.07,0.22
Zone_D,2026-06-09T03:00:00,,2.93
zone_d,2026-06-09T04:00:00,2.0,1.99
Zone_D,2026-06-09T05:00:00,1.83,1.76
Zone_D,2026-06-09T05:00:00,1.83,1.76
ZONE_D,2026-06-09T06:00:00,1.88,1.74
Zone_D,2026-06-09T07:00:00,,1.11
Zone_D,2026-06-09T08:00:00,5000.0,3.1
Zone_D,2026-06-09T09:00:00,2.22,6.33
Zone_D,2026-06-09T10:00:00,2.04,-999.0
zone_d,2026-06-09T11:00:00,2.11,1.2
Zone_D,2026-06-09T12:00:00,1.97,0.58
Zone_D,2026-06-09T13:00:00,1.94,1.37
Zone_D,2026-06-09T14:00:00,2.21,3.0
Zone_D,2026-06-09T15:00:00,2.43,4.9
Zone_D,2026-06-09T16:00:00,2.24,
Zone_D,2026-06-09T17:00:00,2.31,3.57
Zone_D,2026-06-09T18:00:00,5000.0,0.22
Zone_D,2026-06-09T19:00:00,2.29,3.53
Zone_D,2026-06-09T20:00:00,2.27,
ZONE_D,2026-06-09T21:00:00,2.26,2.5
Zone_D,2026-06-09T22:00:00,2.25,0.46
Zone_D,2026-06-09T23:00:00,2.31,1.04
Zone_D,2026-06-10T00:00:00,2.24,1.21
Zone_D,2026-06-10T01:00:00,2.09,0.37
zone_d,2026-06-10T02:00:00,5000.0,
Zone_D,2026-06-10T03:00:00,2.26,1.83
zone_d,2026-06-10T04:00:00,2.15,
Zone_D,2026-06-10T05:00:00,2.39,4.92
Zone_D,2026-06-10T06:00:00,2.3,2.36
Zone_D,2026-06-10T07:00:00,2.26,0.85
Zone_D,2026-06-10T08:00:00,2.5,6.71
Zone_D,2026-06-10T09:00:00,2.46,2.94
Zone_D,2026-06-10T10:00:00,2.48,-999.0
Zone_D,2026-06-10T11:00:00,,1.0
Zone_D,2026-06-10T12:00:00,5000.0,1.91
Zone_D,2026-06-10T13:00:00,2.41,1.61
Zone_D,2026-06-10T14:00:00,2.35,0.72
Zone_D,2026-06-10T15:00:00,2.6,
Zone_D,2026-06-10T15:00:00,2.6,
Zone_D,2026-06-10T16:00:00,2.62,0.41
Zone_D,2026-06-10T17:00:00,5000.0,1.53
Zone_D,2026-06-10T18:00:00,2.55,1.46
zone_d,2026-06-10T19:00:00,2.37,1.11
Zone_D,2026-06-10T20:00:00,2.34,1.65
Zone_D,2026-06-10T21:00:00,2.33,1.57
Zone_D,2026-06-10T22:00:00,2.49,0.9
Zone_D,2026-06-10T23:00:00,2.35,0.48
zone_d,2026-06-11T00:00:00,2.35,1.59
Zone_D,2026-06-11T01:00:00,5000.0,4.09
Zone_D,2026-06-11T02:00:00,2.25,0.02
Zone_D,2026-06-11T03:00:00,,1.57
Zone_D,2026-06-11T04:00:00,,-999.0
Zone_D,2026-06-11T05:00:00,2.22,
Zone_D,2026-06-11T06:00:00,2.05,1.44
Zone_D,2026-06-11T07:00:00,1.92,0.82
Zone_D,2026-06-11T08:00:00,1.95,1.58
Zone_D,2026-06-11T09:00:00,1.8,0.15
Zone_D,2026-06-11T10:00:00,1.72,2.65
Zone_D,2026-06-11T11:00:00,,
Zone_D,2026-06-11T12:00:00,2.33,2.88
Zone_D,2026-06-11T13:00:00,2.11,0.1
Zone_D,2026-06-11T14:00:00,2.07,
zone_d,2026-06-11T15:00:00,1.89,1.06
zone_d,2026-06-11T15:00:00,1.89,1.06
Zone_D,2026-06-11T16:00:00,2.02,3.02
zone_d,2026-06-11T17:00:00,,-999.0
Zone_D,2026-06-11T18:00:00,,-999.0
Zone_D,2026-06-11T19:00:00,2.59,5.46
Zone_D,2026-06-11T20:00:00,2.42,2.26
Zone_D,2026-06-11T21:00:00,,0.43
Zone_D,2026-06-11T22:00:00,2.54,1.61
ZONE_D,2026-06-11T23:00:00,2.57,3.12
Zone_D,2026-06-12T00:00:00,2.58,2.51
Zone_D,2026-06-12T01:00:00,2.44,1.03
Zone_D,2026-06-12T02:00:00,2.34,0.97
Zone_D,2026-06-12T03:00:00,,0.51
zone_d,2026-06-12T04:00:00,2.21,0.55
Zone_D,2026-06-12T05:00:00,2.23,
Zone_D,2026-06-12T06:00:00,2.26,
Zone_D,2026-06-12T07:00:00,2.29,0.82
Zone_D,2026-06-12T08:00:00,2.25,1.0
Zone_D,2026-06-12T09:00:00,2.22,1.14
Zone_D,2026-06-12T10:00:00,2.04,2.45
ZONE_D,2026-06-12T11:00:00,2.21,4.46
Zone_D,2026-06-12T12:00:00,1.94,0.02
Zone_D,2026-06-12T13:00:00,1.88,0.22
Zone_D,2026-06-12T14:00:00,1.84,
Zone_D,2026-06-12T15:00:00,1.73,1.98
Zone_D,2026-06-12T16:00:00,1.96,2.51
ZONE_D,2026-06-12T17:00:00,2.2,4.29
Zone_D,2026-06-12T18:00:00,2.14,0.42
Zone_D,2026-06-12T19:00:00,2.08,1.62
Zone_D,2026-06-12T20:00:00,2.03,-999.0
Zone_D,2026-06-12T21:00:00,1.97,1.61
Zone_D,2026-06-12T22:00:00,2.23,
zone_d,2026-06-12T23:00:00,2.51,
Zone_D,2026-06-13T00:00:00,2.48,
Zone_D,2026-06-13T01:00:00,2.4,
Zone_D,2026-06-13T02:00:00,2.56,4.56
Zone_D,2026-06-13T03:00:00,2.58,
Zone_D,2026-06-13T04:00:00,,
Zone_D,2026-06-13T05:00:00,2.33,0.49
Zone_D,2026-06-13T06:00:00,2.18,0.59
Zone_D,2026-06-13T07:00:00,2.05,1.55
Zone_D,2026-06-13T08:00:00,2.04,0.69
Zone_D,2026-06-13T09:00:00,2.09,1.61
Zone_D,2026-06-13T10:00:00,2.07,4.26
Zone_D,2026-06-13T11:00:00,,
ZONE_D,2026-06-13T12:00:00,2.28,6.0
Zone_D,2026-06-13T13:00:00,,2.0
Zone_D,2026-06-13T14:00:00,2.45,5.39
Zone_D,2026-06-13T15:00:00,2.31,0.11
ZONE_D,2026-06-13T16:00:00,2.3,0.58
ZONE_D,2026-06-13T17:00:00,2.4,1.64
Zone_D,2026-06-13T18:00:00,2.34,0.3
Zone_D,2026-06-13T19:00:00,5000.0,
Zone_D,2026-06-13T20:00:00,2.16,0.37
Zone_D,2026-06-13T21:00:00,2.03,2.04
Zone_D,2026-06-13T22:00:00,1.95,1.52
Zone_D,2026-06-13T23:00:00,1.86,0.64
Zone_D,2026-06-14T00:00:00,,4.2
Zone_D,2026-06-14T01:00:00,2.1,2.19
Zone_D,2026-06-14T02:00:00,1.94,-999.0
Zone_D,2026-06-14T03:00:00,1.84,0.5
Zone_D,2026-06-14T04:00:00,1.88,2.37
Zone_D,2026-06-14T05:00:00,2.05,2.28
Zone_D,2026-06-14T06:00:00,2.28,5.31
ZONE_D,2026-06-14T07:00:00,2.45,2.78
Zone_D,2026-06-14T08:00:00,2.63,5.3
Zone_D,2026-06-14T09:00:00,2.46,3.37
Zone_D,2026-06-14T10:00:00,2.39,0.75
Zone_D,2026-06-14T11:00:00,5000.0,0.91
zone_d,2026-06-14T12:00:00,2.4,1.22
ZONE_D,2026-06-14T13:00:00,2.59,
Zone_D,2026-06-14T14:00:00,2.53,2.16
Zone_D,2026-06-14T15:00:00,2.5,0.21
zone_d,2026-06-14T16:00:00,5000.0,1.42
Zone_D,2026-06-14T17:00:00,2.47,1.5
Zone_D,2026-06-14T18:00:00,5000.0,1.04
Zone_D,2026-06-14T19:00:00,,0.79
Zone_D,2026-06-14T20:00:00,2.29,
Zone_D,2026-06-14T21:00:00,2.3,1.07
Zone_D,2026-06-14T22:00:00,2.34,1.27
Zone_D,2026-06-14T23:00:00,2.34,1.46
Zone_D,2026-06-15T00:00:00,2.07,0.03
Zone_D,2026-06-15T01:00:00,2.02,1.51
Zone_D,2026-06-15T02:00:00,2.06,0.05
Zone_D,2026-06-15T03:00:00,2.09,1.74
Zone_D,2026-06-15T04:00:00,,1.4
Zone_D,2026-06-15T05:00:00,2.01,0.02
Zone_D,2026-06-15T06:00:00,1.97,1.47
zone_d,2026-06-15T07:00:00,1.94,-999.0
Zone_D,2026-06-15T08:00:00,1.95,0.47
Zone_D,2026-06-15T09:00:00,2.06,1.71
Zone_D,2026-06-15T10:00:00,2.07,0.72
Zone_D,2026-06-15T11:00:00,2.09,0.8
Zone_D,2026-06-15T12:00:00,,2.14
ZONE_D,2026-06-15T13:00:00,,0.7
Zone_D,2026-06-15T14:00:00,2.0,0.38
Zone_D,2026-06-15T15:00:00,1.87,1.07
Zone_D,2026-06-15T16:00:00,1.71,1.22
Zone_D,2026-06-15T17:00:00,1.61,0.9
ZONE_D,2026-06-15T18:00:00,1.71,2.7
Zone_D,2026-06-15T19:00:00,1.58,0.46
zone_d,2026-06-15T20:00:00,1.65,
Zone_D,2026-06-15T21:00:00,1.73,4.22
Zone_D,2026-06-15T21:00:00,1.73,4.22
Zone_D,2026-06-15T22:00:00,2.12,7.62
Zone_D,2026-06-15T23:00:00,2.1,1.84
Zone_D,2026-06-16T00:00:00,1.96,0.53
Zone_D,2026-06-16T01:00:00,,0.99
zone_d,2026-06-16T02:00:00,2.3,7.61
Zone_D,2026-06-16T03:00:00,2.29,1.12
Zone_D,2026-06-16T04:00:00,2.19,
Zone_D,2026-06-16T05:00:00,2.24,0.28
Zone_D,2026-06-16T06:00:00,,0.43
ZONE_D,2026-06-16T07:00:00,2.37,1.1
Zone_D,2026-06-16T08:00:00,5000.0,0.05
Zone_D,2026-06-16T09:00:00,2.1,2.17
Zone_D,2026-06-16T10:00:00,2.01,0.83
Zone_D,2026-06-16T11:00:00,2.21,4.27
Zone_D,2026-06-16T12:00:00,2.27,
Zone_D,2026-06-16T13:00:00,2.37,1.4
Zone_D,2026-06-16T14:00:00,2.3,0.32
Zone_D,2026-06-16T15:00:00,2.1,0.15
Zone_D,2026-06-16T16:00:00,2.31,3.77
Zone_D,2026-06-16T17:00:00,2.24,0.67
Zone_D,2026-06-16T18:00:00,2.04,
Zone_D,2026-06-16T19:00:00,2.2,2.65
Zone_D,2026-06-16T20:00:00,2.11,0.92
Zone_D,2026-06-16T21:00:00,2.24,
Zone_D,2026-06-16T22:00:00,2.47,2.03
Zone_D,2026-06-16T23:00:00,2.6,4.29
Zone_D,2026-06-17T00:00:00,2.45,0.85
Zone_D,2026-06-17T01:00:00,2.62,3.77
Zone_D,2026-06-17T02:00:00,2.35,0.23
zone_d,2026-06-17T03:00:00,2.53,6.3
Zone_D,2026-06-17T04:00:00,2.4,0.59
Zone_D,2026-06-17T05:00:00,2.45,2.7
Zone_D,2026-06-17T06:00:00,2.34,1.24
Zone_D,2026-06-17T07:00:00,2.27,0.05
Zone_D,2026-06-17T08:00:00,,3.91
Zone_D,2026-06-17T09:00:00,2.18,1.42
Zone_D,2026-06-17T10:00:00,2.03,
Zone_D,2026-06-17T11:00:00,2.09,1.44
Zone_D,2026-06-17T12:00:00,2.1,3.98
Zone_D,2026-06-17T13:00:00,2.23,
Zone_D,2026-06-17T14:00:00,1.95,0.03
Zone_D,2026-06-17T15:00:00,1.79,0.33
Zone_D,2026-06-17T16:00:00,2.04,7.22
Zone_D,2026-06-17T17:00:00,1.91,0.38
zone_d,2026-06-17T18:00:00,1.94,2.34
Zone_D,2026-06-17T19:00:00,1.99,0.62
Zone_D,2026-06-17T20:00:00,2.21,3.43
Zone_D,2026-06-17T21:00:00,,1.17
Zone_D,2026-06-17T22:00:00,2.38,5.23
Zone_D,2026-06-17T23:00:00,2.4,1.92
Zone_D,2026-06-18T00:00:00,5000.0,0.37
Zone_D,2026-06-18T01:00:00,2.28,1.84
Zone_D,2026-06-18T02:00:00,2.46,4.15
Zone_D,2026-06-18T03:00:00,2.35,0.81
Zone_D,2026-06-18T04:00:00,2.3,0.39
Zone_D,2026-06-18T05:00:00,2.41,1.47
Zone_D,2026-06-18T06:00:00,2.32,
Zone_D,2026-06-18T07:00:00,,0.02
Zone_D,2026-06-18T08:00:00,2.27,
Zone_D,2026-06-18T09:00:00,2.06,0.08
Zone_D,2026-06-18T10:00:00,1.95,1.72
Zone_D,2026-06-18T11:00:00,1.79,2.43
Zone_D,2026-06-18T12:00:00,1.84,4.42
Zone_D,2026-06-18T13:00:00,,0.1
ZONE_D,2026-06-18T14:00:00,5000.0,0.16
Zone_D,2026-06-18T15:00:00,1.73,2.4
Zone_D,2026-06-18T16:00:00,1.88,2.24
Zone_D,2026-06-18T17:00:00,1.9,1.61
Zone_D,2026-06-18T18:00:00,2.03,1.61
Zone_D,2026-06-18T19:00:00,2.07,2.1
zone_d,2026-06-18T20:00:00,2.14,0.98
Zone_D,2026-06-18T21:00:00,5000.0,3.03
Zone_D,2026-06-18T22:00:00,2.11,0.46
Zone_D,2026-06-18T23:00:00,2.11,0.37
ZONE_D,2026-06-19T00:00:00,,
Zone_D,2026-06-19T01:00:00,2.13,1.38
Zone_D,2026-06-19T02:00:00,2.17,4.07
ZONE_D,2026-06-19T03:00:00,1.95,0.26
ZONE_D,2026-06-19T03:00:00,1.95,0.26
Zone_D,2026-06-19T04:00:00,1.89,-999.0
Zone_D,2026-06-19T05:00:00,1.95,0.02
Zone_D,2026-06-19T06:00:00,2.32,6.64
Zone_D,2026-06-19T07:00:00,2.13,2.19
Zone_D,2026-06-19T08:00:00,2.29,3.03
Zone_D,2026-06-19T09:00:00,2.28,-999.0
Zone_D,2026-06-19T10:00:00,2.3,1.15
Zone_D,2026-06-19T11:00:00,2.15,2.21
Zone_D,2026-06-19T12:00:00,2.2,0.93
Zone_D,2026-06-19T13:00:00,5000.0,3.59
Zone_D,2026-06-19T14:00:00,2.57,-999.0
Zone_D,2026-06-19T15:00:00,2.4,0.11
ZONE_D,2026-06-19T16:00:00,2.41,2.61
zone_d,2026-06-19T17:00:00,2.35,0.24
Zone_D,2026-06-19T18:00:00,2.19,0.63
Zone_D,2026-06-19T19:00:00,2.03,0.83
Zone_D,2026-06-19T20:00:00,2.37,
Zone_D,2026-06-19T20:00:00,2.37,
Zone_D,2026-06-19T21:00:00,,1.18
Zone_D,2026-06-19T21:00:00,,1.18
zone_d,2026-06-19T22:00:00,2.46,3.72
Zone_D,2026-06-19T23:00:00,2.62,1.47
Zone_D,2026-06-20T00:00:00,2.59,3.08
Zone_D,2026-06-20T01:00:00,2.6,2.16
Zone_D,2026-06-20T02:00:00,2.58,2.53
Zone_D,2026-06-20T03:00:00,2.65,
Zone_D,2026-06-20T04:00:00,2.73,1.63
Zone_D,2026-06-20T05:00:00,2.58,0.77
Zone_D,2026-06-20T06:00:00,2.4,
Zone_D,2026-06-20T07:00:00,2.25,0.16
Zone_D,2026-06-20T08:00:00,2.36,0.49
Zone_D,2026-06-20T09:00:00,,7.02
ZONE_D,2026-06-20T10:00:00,2.46,0.82
Zone_D,2026-06-20T11:00:00,2.35,1.59
Zone_D,2026-06-20T12:00:00,2.53,3.84
Zone_D,2026-06-20T13:00:00,2.52,3.11
Zone_D,2026-06-20T14:00:00,2.44,1.61
Zone_D,2026-06-20T15:00:00,5000.0,0.94
Zone_D,2026-06-20T16:00:00,,0.01
Zone_D,2026-06-20T17:00:00,2.18,1.27
Zone_D,2026-06-20T17:00:00,2.18,1.27
Zone_D,2026-06-20T18:00:00,,6.61
Zone_D,2026-06-20T19:00:00,,0.32
Zone_D,2026-06-20T20:00:00,2.57,2.09
Zone_D,2026-06-20T21:00:00,2.37,0.57
Zone_D,2026-06-20T22:00:00,2.32,0.01
ZONE_D,2026-06-20T23:00:00,2.17,0.03
Zone_D,2026-06-21T00:00:00,2.05,3.16
Zone_D,2026-06-21T01:00:00,2.25,6.37
Zone_D,2026-06-21T02:00:00,2.39,4.61
Zone_D,2026-06-21T03:00:00,2.48,
Zone_D,2026-06-21T04:00:00,2.33,1.91
Zone_D,2026-06-21T05:00:00,,11.86
Zone_D,2026-06-21T06:00:00,5000.0,0.65
Zone_D,2026-06-21T07:00:00,2.64,3.43
Zone_D,2026-06-21T08:00:00,2.6,
Zone_D,2026-06-21T09:00:00,2.52,0.18
Zone_D,2026-06-21T10:00:00,2.28,0.23
Zone_D,2026-06-21T11:00:00,2.36,0.22
Zone_D,2026-06-21T12:00:00,2.55,4.59
Zone_D,2026-06-21T13:00:00,2.5,1.27
Zone_D,2026-06-21T14:00:00,2.67,3.21
Zone_D,2026-06-21T15:00:00,2.72,2.13
Zone_D,2026-06-21T16:00:00,2.75,5.99
zone_d,2026-06-21T17:00:00,2.51,0.69
zone_d,2026-06-21T18:00:00,5000.0,-999.0
Zone_D,2026-06-21T19:00:00,2.52,3.75
Zone_D,2026-06-21T20:00:00,,0.51
Zone_D,2026-06-21T21:00:00,2.45,1.7
Zone_D,2026-06-21T22:00:00,2.44,3.05
Zone_D,2026-06-21T23:00:00,2.33,2.66
zone_d,2026-06-22T00:00:00,2.42,3.63
Zone_D,2026-06-22T01:00:00,2.68,6.27
ZONE_D,2026-06-22T02:00:00,2.7,1.21
Zone_D,2026-06-22T03:00:00,2.91,5.72
Zone_D,2026-06-22T04:00:00,2.99,4.99
Zone_D,2026-06-22T05:00:00,3.07,3.34
zone_d,2026-06-22T06:00:00,2.96,0.5
Zone_D,2026-06-22T07:00:00,2.89,0.32
Zone_D,2026-06-22T08:00:00,2.8,0.12
Zone_D,2026-06-22T09:00:00,2.66,1.38
ZONE_D,2026-06-22T10:00:00,,2.51
ZONE_D,2026-06-22T11:00:00,2.55,1.72
ZONE_D,2026-06-22T11:00:00,2.55,1.72
ZONE_D,2026-06-22T12:00:00,,1.75
ZONE_D,2026-06-22T13:00:00,2.49,2.4
Zone_D,2026-06-22T14:00:00,2.36,3.0
Zone_D,2026-06-22T15:00:00,2.29,0.48
Zone_D,2026-06-22T16:00:00,2.19,0.03
zone_d,2026-06-22T17:00:00,2.24,0.93
Zone_D,2026-06-22T18:00:00,2.2,0.31
zone_d,2026-06-22T19:00:00,5000.0,
zone_d,2026-06-22T19:00:00,5000.0,
zone_d,2026-06-22T20:00:00,1.91,0.01
Zone_D,2026-06-22T21:00:00,1.9,0.26
Zone_D,2026-06-22T22:00:00,2.07,-999.0
Zone_D,2026-06-22T23:00:00,2.09,2.28
Zone_D,2026-06-23T00:00:00,2.22,6.51
Zone_D,2026-06-23T01:00:00,2.12,1.57
ZONE_D,2026-06-23T02:00:00,2.35,8.03
Zone_D,2026-06-23T03:00:00,2.46,5.07
Zone_D,2026-06-23T04:00:00,2.34,0.27
Zone_D,2026-06-23T04:00:00,2.34,0.27
Zone_D,2026-06-23T05:00:00,2.44,3.32
Zone_D,2026-06-23T06:00:00,2.44,0.35
Zone_D,2026-06-23T07:00:00,2.38,
Zone_D,2026-06-23T08:00:00,2.35,1.62
Zone_D,2026-06-23T09:00:00,2.49,5.35
Zone_D,2026-06-23T10:00:00,2.59,0.02
Zone_D,2026-06-23T11:00:00,2.42,0.07
zone_d,2026-06-23T12:00:00,2.39,0.2
Zone_D,2026-06-23T13:00:00,2.24,0.08
Zone_D,2026-06-23T14:00:00,2.09,0.84
Zone_D,2026-06-23T15:00:00,2.01,0.8
zone_d,2026-06-23T16:00:00,2.13,2.49
Zone_D,2026-06-23T17:00:00,5000.0,
Zone_D,2026-06-23T18:00:00,2.09,0.71
Zone_D,2026-06-23T19:00:00,2.05,1.58
zone_d,2026-06-23T20:00:00,2.04,-999.0
Zone_D,2026-06-23T21:00:00,2.12,1.16
Zone_D,2026-06-23T22:00:00,2.0,0.42
Zone_D,2026-06-23T23:00:00,2.15,1.9
Zone_D,2026-06-24T00:00:00,,5.15
Zone_D,2026-06-24T01:00:00,2.33,0.81
Zone_D,2026-06-24T02:00:00,2.44,4.97
Zone_D,2026-06-24T03:00:00,2.34,
Zone_D,2026-06-24T04:00:00,2.27,
Zone_D,2026-06-24T05:00:00,,0.39
Zone_D,2026-06-24T06:00:00,2.41,-999.0
Zone_D,2026-06-24T07:00:00,2.37,0.95
Zone_D,2026-06-24T08:00:00,2.57,4.17
Zone_D,2026-06-24T09:00:00,,
ZONE_D,2026-06-24T10:00:00,2.5,
Zone_D,2026-06-24T11:00:00,2.45,2.11
Zone_D,2026-06-24T12:00:00,2.46,4.59
Zone_D,2026-06-24T12:00:00,2.46,4.59
zone_d,2026-06-24T13:00:00,2.51,4.78
zone_d,2026-06-24T14:00:00,2.42,3.13
zone_d,2026-06-24T15:00:00,2.46,
zone_d,2026-06-24T16:00:00,2.25,1.96
Zone_D,2026-06-24T17:00:00,2.09,2.45
Zone_D,2026-06-24T18:00:00,2.2,1.1
Zone_D,2026-06-24T19:00:00,2.22,1.41
Zone_D,2026-06-24T20:00:00,2.21,1.55
Zone_D,2026-06-24T21:00:00,2.53,
Zone_D,2026-06-24T22:00:00,2.85,5.27
Zone_D,2026-06-24T23:00:00,2.69,0.15
ZONE_D,2026-06-25T00:00:00,2.52,2.01
zone_d,2026-06-25T01:00:00,2.38,1.85
Zone_D,2026-06-25T02:00:00,2.39,2.1
Zone_D,2026-06-25T03:00:00,2.23,0.96
Zone_D,2026-06-25T04:00:00,2.32,4.99
Zone_D,2026-06-25T05:00:00,2.15,
Zone_D,2026-06-25T06:00:00,2.15,2.42
Zone_D,2026-06-25T07:00:00,2.05,0.51
zone_d,2026-06-25T08:00:00,1.99,-999.0
Zone_D,2026-06-25T09:00:00,2.17,6.43
Zone_D,2026-06-25T10:00:00,2.21,1.91
ZONE_D,2026-06-25T11:00:00,2.36,4.29
zone_d,2026-06-25T12:00:00,2.16,0.7
Zone_D,2026-06-25T13:00:00,2.09,0.06
Zone_D,2026-06-25T14:00:00,2.1,1.45
Zone_D,2026-06-25T15:00:00,2.29,-999.0
Zone_D,2026-06-25T16:00:00,2.13,0.56
ZONE_D,2026-06-25T17:00:00,,1.36
Zone_D,2026-06-25T18:00:00,,
Zone_D,2026-06-25T19:00:00,,0.01
Zone_D,2026-06-25T20:00:00,1.84,0.34
Zone_D,2026-06-25T21:00:00,1.87,0.15
Zone_D,2026-06-25T22:00:00,1.91,1.89
Zone_D,2026-06-25T23:00:00,,0.08
Zone_D,2026-06-26T00:00:00,,3.56
Zone_D,2026-06-26T01:00:00,2.21,2.1
Zone_D,2026-06-26T02:00:00,5000.0,
Zone_D,2026-06-26T03:00:00,2.07,0.48
Zone_D,2026-06-26T04:00:00,2.13,-999.0
zone_d,2026-06-26T05:00:00,2.02,
ZONE_D,2026-06-26T06:00:00,2.44,6.76
Zone_D,2026-06-26T07:00:00,2.41,0.98
Zone_D,2026-06-26T08:00:00,2.36,0.56
Zone_D,2026-06-26T09:00:00,2.2,3.81
Zone_D,2026-06-26T10:00:00,2.11,
Zone_D,2026-06-26T11:00:00,2.2,0.39
Zone_D,2026-06-26T12:00:00,2.29,3.34
Zone_D,2026-06-26T13:00:00,,0.34
Zone_D,2026-06-26T14:00:00,2.02,
Zone_D,2026-06-26T15:00:00,2.3,6.0
Zone_D,2026-06-26T16:00:00,5000.0,1.59
Zone_D,2026-06-26T17:00:00,2.3,2.17
Zone_D,2026-06-26T18:00:00,2.44,-999.0
Zone_D,2026-06-26T19:00:00,2.35,
Zone_D,2026-06-26T20:00:00,5000.0,0.88
zone_d,2026-06-26T21:00:00,2.24,0.7
zone_d,2026-06-26T21:00:00,2.24,0.7
Zone_D,2026-06-26T22:00:00,5000.0,1.34
ZONE_D,2026-06-26T23:00:00,,8.0
Zone_D,2026-06-27T00:00:00,2.36,0.86
Zone_D,2026-06-27T01:00:00,2.14,
Zone_D,2026-06-27T02:00:00,2.03,0.32
Zone_D,2026-06-27T03:00:00,1.84,2.8
zone_d,2026-06-27T04:00:00,,-999.0
Zone_D,2026-06-27T05:00:00,1.98,2.3
Zone_D,2026-06-27T06:00:00,1.93,0.37
ZONE_D,2026-06-27T07:00:00,1.94,-999.0
Zone_D,2026-06-27T08:00:00,1.96,-999.0
Zone_D,2026-06-27T09:00:00,1.76,0.95
Zone_D,2026-06-27T10:00:00,2.08,3.97
Zone_D,2026-06-27T10:00:00,2.08,3.97
Zone_D,2026-06-27T11:00:00,2.13,0.55
Zone_D,2026-06-27T12:00:00,2.05,-999.0
Zone_D,2026-06-27T13:00:00,1.86,1.57
Zone_D,2026-06-27T14:00:00,1.82,
Zone_D,2026-06-27T15:00:00,1.73,1.49
Zone_D,2026-06-27T16:00:00,1.76,0.88
ZONE_D,2026-06-27T17:00:00,1.85,0.73
Zone_D,2026-06-27T18:00:00,1.85,
zone_d,2026-06-27T19:00:00,1.59,0.19
Zone_D,2026-06-27T20:00:00,1.58,
Zone_D,2026-06-27T21:00:00,1.96,4.99
ZONE_D,2026-06-27T22:00:00,2.08,
Zone_D,2026-06-27T23:00:00,2.04,2.98
Zone_D,2026-06-28T00:00:00,1.94,0.46
Zone_D,2026-06-28T01:00:00,1.92,1.0
zone_d,2026-06-28T02:00:00,2.13,3.59
ZONE_D,2026-06-28T03:00:00,2.17,1.54
zone_d,2026-06-28T04:00:00,2.11,1.22
Zone_D,2026-06-28T05:00:00,2.16,2.66
Zone_D,2026-06-28T06:00:00,2.22,1.91
Zone_D,2026-06-28T07:00:00,1.99,0.12
Zone_D,2026-06-28T08:00:00,2.25,-999.0
Zone_D,2026-06-28T09:00:00,2.24,-999.0
Zone_D,2026-06-28T10:00:00,2.23,
Zone_D,2026-06-28T11:00:00,2.13,0.35
Zone_D,2026-06-28T12:00:00,2.14,2.83
Zone_D,2026-06-28T13:00:00,2.26,
ZONE_D,2026-06-28T14:00:00,2.27,2.5
Zone_D,2026-06-28T15:00:00,2.03,0.85
Zone_D,2026-06-28T16:00:00,2.03,
Zone_D,2026-06-28T17:00:00,2.0,
Zone_D,2026-06-28T18:00:00,2.16,
zone_d,2026-06-28T19:00:00,2.45,5.29
Zone_D,2026-06-28T20:00:00,2.44,3.9
ZONE_D,2026-06-28T21:00:00,2.53,
Zone_D,2026-06-28T22:00:00,2.4,0.62
Zone_D,2026-06-28T23:00:00,,1.12
ZONE_D,2026-06-29T00:00:00,2.3,0.75
Zone_D,2026-06-29T01:00:00,2.28,1.61
Zone_D,2026-06-29T02:00:00,,
Zone_D,2026-06-29T03:00:00,2.06,1.44
Zone_D,2026-06-29T04:00:00,2.13,1.35
ZONE_D,2026-06-29T05:00:00,2.14,1.86
Zone_D,2026-06-29T06:00:00,2.2,
Zone_D,2026-06-29T07:00:00,2.21,
Zone_D,2026-06-29T08:00:00,,-999.0
Zone_D,2026-06-29T09:00:00,2.44,1.31
Zone_D,2026-06-29T10:00:00,2.41,0.44
Zone_D,2026-06-29T11:00:00,2.18,1.03
Zone_D,2026-06-29T11:00:00,2.18,1.03
Zone_D,2026-06-29T12:00:00,2.16,-999.0
zone_d,2026-06-29T13:00:00,2.17,3.52
Zone_D,2026-06-29T14:00:00,2.1,1.24
Zone_D,2026-06-29T15:00:00,2.12,-999.0
Zone_D,2026-06-29T16:00:00,2.06,1.63
zone_d,2026-06-29T17:00:00,1.94,1.05
Zone_D,2026-06-29T18:00:00,1.91,
Zone_D,2026-06-29T19:00:00,1.91,0.88
Zone_D,2026-06-29T20:00:00,1.69,0.58
Zone_D,2026-06-29T21:00:00,1.46,1.11
ZONE_D,2026-06-29T22:00:00,1.51,0.96
Zone_D,2026-06-29T23:00:00,1.68,1.23
Zone_D,2026-06-30T00:00:00,1.75,0.82
Zone_D,2026-06-30T01:00:00,1.77,1.49
Zone_D,2026-06-30T02:00:00,5000.0,0.46
Zone_D,2026-06-30T03:00:00,1.94,4.66
Zone_D,2026-06-30T04:00:00,1.87,-999.0
zone_d,2026-06-30T05:00:00,1.69,0.47
Zone_D,2026-06-30T06:00:00,1.65,0.06
Zone_D,2026-06-30T07:00:00,1.77,3.98
Zone_D,2026-06-30T08:00:00,1.68,1.22
Zone_D,2026-06-30T09:00:00,1.74,2.01
Zone_D,2026-06-30T10:00:00,1.79,0.47
Zone_D,2026-06-30T11:00:00,1.76,
ZONE_D,2026-06-30T12:00:00,1.8,1.41
Zone_D,2026-06-30T13:00:00,1.69,1.43
Zone_D,2026-06-30T14:00:00,1.69,0.37
Zone_D,2026-06-30T15:00:00,1.96,6.27
Zone_D,2026-06-30T15:00:00,1.96,6.27
Zone_D,2026-06-30T16:00:00,,5.74
ZONE_D,2026-06-30T17:00:00,,0.57
Zone_D,2026-06-30T18:00:00,2.27,4.38
Zone_D,2026-06-30T19:00:00,2.21,0.15
zone_d,2026-06-30T20:00:00,2.19,0.98
Zone_D,2026-06-30T21:00:00,2.17,2.17
Zone_D,2026-06-30T22:00:00,,4.99
Zone_D,2026-06-30T23:00:00,5000.0,0.65
zone_d,2026-07-01T00:00:00,,0.69
Zone_D,2026-07-01T01:00:00,2.13,1.92
Zone_D,2026-07-01T02:00:00,1.99,0.31
zone_d,2026-07-01T03:00:00,2.18,-999.0
Zone_D,2026-07-01T04:00:00,2.24,2.03
Zone_D,2026-07-01T05:00:00,2.12,2.01
Zone_D,2026-07-01T06:00:00,1.98,0.33
Zone_D,2026-07-01T07:00:00,,1.11
Zone_D,2026-07-01T08:00:00,,3.19
Zone_D,2026-07-01T09:00:00,,0.39
Zone_D,2026-07-01T10:00:00,2.05,0.79
Zone_D,2026-07-01T11:00:00,2.19,1.86
Zone_D,2026-07-01T12:00:00,,7.15
Zone_D,2026-07-01T13:00:00,2.36,2.48
Zone_D,2026-07-01T14:00:00,2.41,0.87
Zone_D,2026-07-01T15:00:00,2.48,
Zone_D,2026-07-01T16:00:00,2.55,0.6
Zone_D,2026-07-01T17:00:00,2.61,0.58
ZONE_D,2026-07-01T18:00:00,2.39,0.76
ZONE_D,2026-07-01T18:00:00,2.39,0.76
Zone_D,2026-07-01T19:00:00,2.45,1.46
Zone_D,2026-07-01T19:00:00,2.45,1.46
Zone_D,2026-07-01T20:00:00,2.54,
ZONE_D,2026-07-01T21:00:00,2.46,-999.0
zone_d,2026-07-01T22:00:00,2.28,-999.0
Zone_D,2026-07-01T23:00:00,,0.57
Zone_D,2026-07-02T00:00:00,2.2,4.65
zone_d,2026-07-02T01:00:00,2.08,0.71
Zone_D,2026-07-02T02:00:00,5000.0,1.52
Zone_D,2026-07-02T03:00:00,1.94,1.82
Zone_D,2026-07-02T04:00:00,1.8,0.98
ZONE_D,2026-07-02T05:00:00,1.93,1.98
zone_d,2026-07-02T06:00:00,,0.26
Zone_D,2026-07-02T07:00:00,2.09,4.84
Zone_D,2026-07-02T08:00:00,2.12,1.0
Zone_D,2026-07-02T09:00:00,5000.0,3.65
Zone_D,2026-07-02T10:00:00,2.4,
ZONE_D,2026-07-02T11:00:00,2.35,0.07
Zone_D,2026-07-02T12:00:00,,0.07
Zone_D,2026-07-02T13:00:00,2.44,4.27
Zone_D,2026-07-02T14:00:00,,1.28
Zone_D,2026-07-02T15:00:00,2.34,-999.0
Zone_D,2026-07-02T16:00:00,2.36,0.34
Zone_D,2026-07-02T16:00:00,2.36,0.34
ZONE_D,2026-07-02T17:00:00,2.42,1.92
Zone_D,2026-07-02T18:00:00,,1.08
Zone_D,2026-07-02T19:00:00,2.29,0.38
Zone_D,2026-07-02T20:00:00,2.07,
Zone_D,2026-07-02T21:00:00,1.96,
Zone_D,2026-07-02T22:00:00,1.76,1.78
Zone_D,2026-07-02T23:00:00,1.76,1.9
Zone_D,2026-07-03T00:00:00,1.91,4.64
zone_d,2026-07-03T01:00:00,,0.39
Zone_D,2026-07-03T02:00:00,5000.0,-999.0
Zone_D,2026-07-03T03:00:00,1.7,0.04
Zone_D,2026-07-03T03:00:00,1.7,0.04
Zone_D,2026-07-03T04:00:00,1.49,0.32
Zone_D,2026-07-03T05:00:00,1.52,1.34
Zone_D,2026-07-03T06:00:00,1.58,3.44
Zone_D,2026-07-03T07:00:00,1.67,0.74
Zone_D,2026-07-03T08:00:00,5000.0,1.57
Zone_D,2026-07-03T09:00:00,1.91,3.97
ZONE_D,2026-07-03T10:00:00,1.78,0.33
ZONE_D,2026-07-03T11:00:00,1.77,-999.0
Zone_D,2026-07-03T12:00:00,1.79,0.95
ZONE_D,2026-07-03T13:00:00,,
Zone_D,2026-07-03T14:00:00,1.81,3.63
Zone_D,2026-07-03T15:00:00,1.8,0.59
Zone_D,2026-07-03T16:00:00,1.86,2.41
Zone_D,2026-07-03T17:00:00,1.75,1.76
Zone_D,2026-07-03T18:00:00,2.13,5.82
Zone_D,2026-07-03T19:00:00,5000.0,11.64
Zone_D,2026-07-03T20:00:00,2.6,3.07
Zone_D,2026-07-03T21:00:00,2.65,
Zone_D,2026-07-03T22:00:00,2.65,0.91
Zone_D,2026-07-03T23:00:00,2.58,1.56
zone_d,2026-07-04T00:00:00,2.71,
ZONE_D,2026-07-04T01:00:00,2.66,3.25
Zone_D,2026-07-04T02:00:00,2.56,0.75
zone_d,2026-07-04T03:00:00,2.72,4.92
Zone_D,2026-07-04T04:00:00,2.48,0.02
Zone_D,2026-07-04T05:00:00,2.4,1.28
Zone_D,2026-07-04T06:00:00,2.29,-999.0
Zone_D,2026-07-04T07:00:00,2.14,0.48
Zone_D,2026-07-04T08:00:00,2.14,3.35
zone_d,2026-07-04T09:00:00,2.05,0.07
Zone_D,2026-07-04T10:00:00,1.88,0.88
Zone_D,2026-07-04T11:00:00,1.9,1.49
Zone_D,2026-07-04T12:00:00,,
Zone_D,2026-07-04T13:00:00,,3.93
Zone_D,2026-07-04T14:00:00,1.78,0.58
Zone_D,2026-07-04T15:00:00,1.79,2.37
Zone_D,2026-07-04T16:00:00,1.83,
Zone_D,2026-07-04T17:00:00,1.75,0.04
Zone_D,2026-07-04T18:00:00,1.81,1.37
zone_d,2026-07-04T19:00:00,1.7,3.15
Zone_D,2026-07-04T20:00:00,2.05,7.54
Zone_D,2026-07-04T21:00:00,1.91,0.09
Zone_D,2026-07-04T22:00:00,5000.0,0.79
Zone_D,2026-07-04T23:00:00,5000.0,2.43
Zone_D,2026-07-05T00:00:00,1.94,2.38
ZONE_D,2026-07-05T01:00:00,5000.0,0.95
Zone_D,2026-07-05T02:00:00,1.93,1.51
Zone_D,2026-07-05T03:00:00,2.2,
Zone_D,2026-07-05T04:00:00,2.4,1.7
Zone_D,2026-07-05T05:00:00,2.41,2.16
Zone_D,2026-07-05T06:00:00,2.46,2.83
Zone_D,2026-07-05T07:00:00,2.29,0.29
zone_d,2026-07-05T08:00:00,2.37,3.5
Zone_D,2026-07-05T09:00:00,2.24,0.13
Zone_D,2026-07-05T10:00:00,2.44,7.37
Zone_D,2026-07-05T11:00:00,2.31,0.43
Zone_D,2026-07-05T12:00:00,2.26,0.91
zone_d,2026-07-05T13:00:00,2.19,
Zone_D,2026-07-05T14:00:00,2.05,0.9
Zone_D,2026-07-05T15:00:00,5000.0,0.15
Zone_D,2026-07-05T16:00:00,1.97,2.67
Zone_D,2026-07-05T17:00:00,1.73,0.2
zone_d,2026-07-05T18:00:00,1.53,2.23
Zone_D,2026-07-05T19:00:00,1.78,2.55
Zone_D,2026-07-05T20:00:00,1.69,
Zone_D,2026-07-05T21:00:00,1.7,0.8
Zone_D,2026-07-05T22:00:00,,
Zone_D,2026-07-05T23:00:00,2.03,1.93
Zone_D,2026-07-06T00:00:00,2.24,3.1
Zone_D,2026-07-06T01:00:00,2.23,0.24
ZONE_D,2026-07-06T02:00:00,2.2,
Zone_D,2026-07-06T03:00:00,2.39,3.7
Zone_D,2026-07-06T04:00:00,2.47,4.57
ZONE_D,2026-07-06T05:00:00,,1.46
zone_d,2026-07-06T06:00:00,2.33,0.63
Zone_D,2026-07-06T07:00:00,5000.0,1.08
Zone_D,2026-07-06T08:00:00,2.42,2.98
Zone_D,2026-07-06T09:00:00,2.37,2.12
Zone_D,2026-07-06T10:00:00,2.44,0.48
ZONE_D,2026-07-06T11:00:00,2.17,0.21
Zone_D,2026-07-06T12:00:00,2.18,2.01
ZONE_D,2026-07-06T13:00:00,2.43,6.33
Zone_D,2026-07-06T14:00:00,,-999.0
Zone_D,2026-07-06T15:00:00,2.49,2.81
zone_d,2026-07-06T16:00:00,5000.0,2.15
Zone_D,2026-07-06T17:00:00,2.43,3.44
Zone_D,2026-07-06T18:00:00,2.39,1.0
Zone_D,2026-07-06T19:00:00,2.46,0.59
Zone_D,2026-07-06T20:00:00,2.45,3.89
Zone_D,2026-07-06T21:00:00,2.32,1.74
Zone_D,2026-07-06T22:00:00,,1.61
Zone_D,2026-07-06T23:00:00,2.59,4.05
Zone_D,2026-07-07T00:00:00,2.53,0.12
ZONE_D,2026-07-07T01:00:00,,0.89
Zone_D,2026-07-07T02:00:00,2.26,
Zone_D,2026-07-07T03:00:00,2.27,0.28
zone_d,2026-07-07T04:00:00,2.47,0.81
Zone_D,2026-07-07T05:00:00,5000.0,0.25
Zone_D,2026-07-07T06:00:00,2.4,2.86
zone_d,2026-07-07T07:00:00,2.3,1.78
Zone_D,2026-07-07T08:00:00,5000.0,
ZONE_D,2026-07-07T09:00:00,2.22,-999.0
ZONE_D,2026-07-07T09:00:00,2.22,-999.0
Zone_D,2026-07-07T10:00:00,2.18,1.39
Zone_D,2026-07-07T11:00:00,2.17,
Zone_D,2026-07-07T12:00:00,,3.62
ZONE_D,2026-07-07T13:00:00,2.17,0.12
Zone_D,2026-07-07T14:00:00,2.25,3.21
Zone_D,2026-07-07T15:00:00,2.34,0.33
Zone_D,2026-07-07T16:00:00,,2.34
zone_d,2026-07-07T17:00:00,2.78,4.44
Zone_D,2026-07-07T18:00:00,3.17,7.44
Zone_D,2026-07-07T19:00:00,3.31,3.32
Zone_D,2026-07-07T20:00:00,3.13,0.28
Zone_D,2026-07-07T21:00:00,2.99,4.02
Zone_D,2026-07-07T22:00:00,2.84,-999.0
Zone_D,2026-07-07T23:00:00,2.72,3.23
Zone_D,2026-07-08T00:00:00,2.55,0.41
Zone_D,2026-07-08T01:00:00,2.52,3.16
Zone_D,2026-07-08T02:00:00,2.63,3.38
Zone_D,2026-07-08T03:00:00,2.66,1.7
Zone_D,2026-07-08T04:00:00,2.45,1.45
Zone_D,2026-07-08T05:00:00,2.46,2.35
Zone_D,2026-07-08T06:00:00,2.4,1.13
Zone_D,2026-07-08T07:00:00,2.52,1.67
Zone_D,2026-07-08T08:00:00,2.43,0.72
Zone_D,2026-07-08T09:00:00,2.62,5.66
Zone_D,2026-07-08T10:00:00,2.56,2.33
Zone_D,2026-07-08T11:00:00,2.29,0.28
Zone_D,2026-07-08T12:00:00,2.81,12.85
ZONE_D,2026-07-08T13:00:00,2.73,3.24
Zone_D,2026-07-08T14:00:00,2.35,0.69
Zone_D,2026-07-08T15:00:00,2.33,3.45
Zone_D,2026-07-08T16:00:00,2.56,-999.0
Zone_D,2026-07-08T17:00:00,2.43,0.08
ZONE_D,2026-07-08T18:00:00,2.46,0.93
Zone_D,2026-07-08T19:00:00,2.48,0.42
Zone_D,2026-07-08T20:00:00,2.43,
zone_d,2026-07-08T21:00:00,5000.0,2.35
Zone_D,2026-07-08T22:00:00,2.6,1.98
Zone_D,2026-07-08T22:00:00,2.6,1.98
Zone_D,2026-07-08T23:00:00,2.5,0.18
Zone_D,2026-07-09T00:00:00,2.36,0.27
zone_d,2026-07-09T01:00:00,,5.28
zone_d,2026-07-09T02:00:00,2.14,0.16
Zone_D,2026-07-09T03:00:00,2.13,0.66
Zone_D,2026-07-09T04:00:00,2.23,
ZONE_D,2026-07-09T05:00:00,2.04,0.44
Zone_D,2026-07-09T06:00:00,2.0,1.17
zone_d,2026-07-09T07:00:00,5000.0,0.11
zone_d,2026-07-09T08:00:00,1.66,0.44
Zone_D,2026-07-09T09:00:00,1.59,0.11
Zone_D,2026-07-09T10:00:00,1.78,5.43
Zone_D,2026-07-09T11:00:00,1.69,
Zone_D,2026-07-09T12:00:00,1.66,2.73
Zone_D,2026-07-09T13:00:00,1.63,
Zone_D,2026-07-09T14:00:00,1.57,1.51
Zone_D,2026-07-09T15:00:00,1.72,0.15
Zone_D,2026-07-09T16:00:00,1.91,3.17
Zone_D,2026-07-09T17:00:00,5000.0,5.54
Zone_D,2026-07-09T18:00:00,2.41,2.99
Zone_D,2026-07-09T19:00:00,2.4,0.95
Zone_D,2026-07-09T20:00:00,5000.0,0.28
ZONE_D,2026-07-09T21:00:00,2.15,0.96
ZONE_D,2026-07-09T22:00:00,2.17,2.46
ZONE_D,2026-07-09T22:00:00,2.17,2.46
zone_d,2026-07-09T23:00:00,2.48,
Zone_D,2026-07-10T00:00:00,2.56,2.26
Zone_D,2026-07-10T01:00:00,2.28,0.01
Zone_D,2026-07-10T02:00:00,2.32,1.19
Zone_D,2026-07-10T03:00:00,2.18,1.77
Zone_D,2026-07-10T04:00:00,2.05,0.17
Zone_D,2026-07-10T05:00:00,2.07,0.95
ZONE_D,2026-07-10T06:00:00,2.08,1.29
Zone_D,2026-07-10T07:00:00,5000.0,0.15
Zone_D,2026-07-10T08:00:00,1.86,0.09
zone_d,2026-07-10T09:00:00,1.9,1.11
Zone_D,2026-07-10T10:00:00,1.76,1.15
Zone_D,2026-07-10T11:00:00,1.76,1.42
Zone_D,2026-07-10T12:00:00,1.65,1.14
zone_d,2026-07-10T13:00:00,1.81,-999.0
Zone_D,2026-07-10T14:00:00,1.92,
Zone_D,2026-07-10T15:00:00,2.24,3.41
Zone_D,2026-07-10T16:00:00,2.07,0.9
Zone_D,2026-07-10T17:00:00,2.0,
zone_d,2026-07-10T18:00:00,2.07,0.38
ZONE_D,2026-07-10T19:00:00,2.1,0.42
Zone_D,2026-07-10T20:00:00,2.24,2.85
Zone_D,2026-07-10T21:00:00,2.13,2.87
Zone_D,2026-07-10T22:00:00,,3.9
Zone_D,2026-07-10T23:00:00,1.87,1.15
Zone_D,2026-07-11T00:00:00,2.11,4.51
ZONE_D,2026-07-11T01:00:00,2.0,3.64
Zone_D,2026-07-11T02:00:00,1.84,
Zone_D,2026-07-11T03:00:00,1.75,0.04
Zone_D,2026-07-11T04:00:00,1.86,3.85
Zone_D,2026-07-11T05:00:00,2.08,3.72
ZONE_D,2026-07-11T06:00:00,2.54,9.71
Zone_D,2026-07-11T07:00:00,2.42,1.32
Zone_D,2026-07-11T08:00:00,2.26,0.61
Zone_D,2026-07-11T09:00:00,2.22,1.21
ZONE_D,2026-07-11T10:00:00,2.2,3.33
Zone_D,2026-07-11T11:00:00,,0.36
ZONE_D,2026-07-11T12:00:00,2.18,2.05
Zone_D,2026-07-11T13:00:00,2.11,0.52
Zone_D,2026-07-11T14:00:00,,
zone_d,2026-07-11T15:00:00,5000.0,7.69
Zone_D,2026-07-11T16:00:00,2.67,10.79
Zone_D,2026-07-11T17:00:00,,-999.0
Zone_D,2026-07-11T18:00:00,2.36,0.47
Zone_D,2026-07-11T19:00:00,2.42,0.73
zone_d,2026-07-11T20:00:00,2.23,-999.0
ZONE_D,2026-07-11T21:00:00,2.42,
Zone_D,2026-07-11T22:00:00,,
Zone_D,2026-07-11T23:00:00,2.09,0.91
zone_d,2026-07-12T00:00:00,2.12,1.24
ZONE_D,2026-07-12T01:00:00,2.15,2.16
Zone_D,2026-07-12T02:00:00,2.16,-999.0
Zone_D,2026-07-12T03:00:00,2.1,0.19
Zone_D,2026-07-12T04:00:00,2.06,1.03
zone_d,2026-07-12T05:00:00,1.89,
Zone_D,2026-07-12T06:00:00,1.92,-999.0
Zone_D,2026-07-12T07:00:00,1.9,0.84
Zone_D,2026-07-12T08:00:00,1.98,3.77
Zone_D,2026-07-12T09:00:00,2.11,5.73
Zone_D,2026-07-12T10:00:00,3.0,14.94
Zone_D,2026-07-12T11:00:00,2.94,
Zone_D,2026-07-12T12:00:00,2.85,1.92
Zone_D,2026-07-12T13:00:00,2.87,
Zone_D,2026-07-12T14:00:00,2.84,
Zone_D,2026-07-12T15:00:00,2.83,1.23
Zone_D,2026-07-12T16:00:00,2.79,0.47
Zone_D,2026-07-12T17:00:00,2.73,3.85
Zone_D,2026-07-12T18:00:00,2.85,3.47
Zone_D,2026-07-12T18:00:00,2.85,3.47
Zone_D,2026-07-12T19:00:00,2.52,0.65
Zone_D,2026-07-12T20:00:00,2.3,1.59
zone_d,2026-07-12T21:00:00,2.35,1.28
Zone_D,2026-07-12T22:00:00,2.36,3.18
Zone_D,2026-07-12T23:00:00,,2.8
Zone_D,2026-07-13T00:00:00,2.46,2.29
zone_d,2026-07-13T01:00:00,2.45,
Zone_D,2026-07-13T02:00:00,2.22,0.86
Zone_D,2026-07-13T03:00:00,2.22,1.11
Zone_D,2026-07-13T04:00:00,2.22,2.53
Zone_D,2026-07-13T04:00:00,2.22,2.53
Zone_D,2026-07-13T05:00:00,2.08,0.14
Zone_D,2026-07-13T06:00:00,2.01,1.76
Zone_D,2026-07-13T07:00:00,,0.68
Zone_D,2026-07-13T08:00:00,2.33,3.2
zone_d,2026-07-13T09:00:00,2.36,0.37
zone_d,2026-07-13T09:00:00,2.36,0.37
Zone_D,2026-07-13T10:00:00,2.41,0.39
Zone_D,2026-07-13T11:00:00,2.5,1.27
Zone_D,2026-07-13T12:00:00,2.48,3.22
Zone_D,2026-07-13T13:00:00,2.41,
Zone_D,2026-07-13T14:00:00,,0.46
Zone_D,2026-07-13T15:00:00,,0.61
zone_d,2026-07-13T16:00:00,2.16,-999.0
ZONE_D,2026-07-13T17:00:00,2.09,1.42
Zone_D,2026-07-13T18:00:00,2.09,1.2
Zone_D,2026-07-13T19:00:00,5000.0,4.43
zone_d,2026-07-13T20:00:00,,1.07
Zone_D,2026-07-13T21:00:00,2.03,0.29
Zone_D,2026-07-13T22:00:00,2.03,-999.0
ZONE_D,2026-07-13T23:00:00,,2.58
zone_d,2026-07-14T00:00:00,2.09,2.9
Zone_D,2026-07-14T01:00:00,2.46,
Zone_D,2026-07-14T02:00:00,2.56,3.05
Zone_D,2026-07-14T03:00:00,5000.0,0.54
Zone_D,2026-07-14T04:00:00,2.38,0.72
ZONE_D,2026-07-14T05:00:00,2.27,1.26
Zone_D,2026-07-14T06:00:00,2.29,3.54
Zone_D,2026-07-14T07:00:00,2.16,0.39
Zone_D,2026-07-14T08:00:00,2.24,0.27
ZONE_D,2026-07-14T09:00:00,2.11,0.01
Zone_D,2026-07-14T10:00:00,2.03,0.17
Zone_D,2026-07-14T11:00:00,,0.04
Zone_D,2026-07-14T12:00:00,1.87,0.25
Zone_D,2026-07-14T13:00:00,,3.22
Zone_D,2026-07-14T14:00:00,2.0,0.9
zone_d,2026-07-14T15:00:00,1.96,2.73
Zone_D,2026-07-14T16:00:00,2.02,2.19
Zone_D,2026-07-14T17:00:00,2.16,
Zone_D,2026-07-14T18:00:00,2.07,1.55
Zone_D,2026-07-14T19:00:00,,2.97
Zone_D,2026-07-14T20:00:00,,0.86
Zone_D,2026-07-14T21:00:00,1.92,
Zone_D,2026-07-14T22:00:00,1.93,3.3
Zone_D,2026-07-14T23:00:00,1.86,0.12
Zone_D,2026-07-15T00:00:00,1.92,-999.0
Zone_D,2026-07-15T01:00:00,5000.0,0.95
zone_d,2026-07-15T02:00:00,1.86,1.08
Zone_D,2026-07-15T03:00:00,1.83,
Zone_D,2026-07-15T04:00:00,5000.0,1.79
Zone_D,2026-07-15T05:00:00,1.84,0.02
Zone_D,2026-07-15T06:00:00,1.89,
Zone_D,2026-07-15T07:00:00,1.76,0.6
Zone_D,2026-07-15T08:00:00,1.7,0.11
Zone_D,2026-07-15T09:00:00,1.63,1.35
Zone_D,2026-07-15T10:00:00,1.6,0.76
zone_d,2026-07-15T11:00:00,1.59,0.23
Zone_D,2026-07-15T12:00:00,,1.28
Zone_D,2026-07-15T13:00:00,2.0,0.26
Zone_D,2026-07-15T14:00:00,1.95,3.14
Zone_D,2026-07-15T14:00:00,1.95,3.14
Zone_D,2026-07-15T15:00:00,1.92,0.12
Zone_D,2026-07-15T16:00:00,1.86,
Zone_D,2026-07-15T17:00:00,2.09,2.12
Zone_D,2026-07-15T18:00:00,2.08,1.76
Zone_D,2026-07-15T19:00:00,1.98,0.86
Zone_D,2026-07-15T20:00:00,2.14,-999.0
zone_d,2026-07-15T21:00:00,2.23,2.15
Zone_D,2026-07-15T22:00:00,2.39,4.34
Zone_D,2026-07-15T23:00:00,2.41,3.39
ZONE_D,2026-07-16T00:00:00,2.4,0.93
Zone_D,2026-07-16T01:00:00,2.3,0.56
Zone_D,2026-07-16T02:00:00,2.04,0.33
Zone_D,2026-07-16T03:00:00,2.0,0.77
Zone_D,2026-07-16T04:00:00,1.83,0.98
Zone_D,2026-07-16T05:00:00,1.93,0.27
Zone_D,2026-07-16T06:00:00,5000.0,1.58
Zone_D,2026-07-16T07:00:00,1.82,2.19
Zone_D,2026-07-16T07:00:00,1.82,2.19
Zone_D,2026-07-16T08:00:00,1.96,1.73
Zone_D,2026-07-16T09:00:00,2.07,0.63
Zone_D,2026-07-16T10:00:00,2.08,0.9
Zone_D,2026-07-16T11:00:00,1.94,1.35
Zone_D,2026-07-16T12:00:00,1.89,
zone_d,2026-07-16T13:00:00,,1.8
Zone_D,2026-07-16T14:00:00,1.93,3.32
Zone_D,2026-07-16T15:00:00,2.04,4.63
Zone_D,2026-07-16T16:00:00,2.14,2.69
Zone_D,2026-07-16T17:00:00,2.51,6.45
Zone_D,2026-07-16T18:00:00,5000.0,0.27
Zone_D,2026-07-16T19:00:00,2.57,0.62
Zone_D,2026-07-16T20:00:00,2.53,2.51
Zone_D,2026-07-16T21:00:00,2.47,0.84
Zone_D,2026-07-16T22:00:00,2.24,1.38
Zone_D,2026-07-16T23:00:00,,1.7
Zone_D,2026-07-17T00:00:00,2.08,
Zone_D,2026-07-17T01:00:00,2.17,2.11
Zone_D,2026-07-17T02:00:00,2.28,
Zone_D,2026-07-17T03:00:00,2.35,6.39
Zone_D,2026-07-17T04:00:00,2.25,0.18
Zone_D,2026-07-17T05:00:00,2.3,1.49
Zone_D,2026-07-17T06:00:00,2.21,0.56
Zone_D,2026-07-17T07:00:00,2.31,0.47
Zone_D,2026-07-17T08:00:00,2.33,0.27
Zone_D,2026-07-17T09:00:00,2.49,2.07
Zone_D,2026-07-17T10:00:00,2.45,2.31
zone_d,2026-07-17T11:00:00,2.46,1.74
zone_d,2026-07-17T11:00:00,2.46,1.74
Zone_D,2026-07-17T12:00:00,2.55,4.01
Zone_D,2026-07-17T13:00:00,5000.0,0.59
Zone_D,2026-07-17T13:00:00,5000.0,0.59
Zone_D,2026-07-17T14:00:00,5000.0,1.9
Zone_D,2026-07-17T15:00:00,1.99,0.61
Zone_D,2026-07-17T16:00:00,2.05,1.76
ZONE_D,2026-07-17T17:00:00,5000.0,0.47
zone_d,2026-07-17T18:00:00,1.96,0.4
Zone_D,2026-07-17T19:00:00,2.16,6.31
Zone_D,2026-07-17T20:00:00,2.07,0.04
ZONE_D,2026-07-17T21:00:00,2.06,1.06
Zone_D,2026-07-17T22:00:00,2.11,1.27
Zone_D,2026-07-17T23:00:00,2.24,2.27
zone_d,2026-07-18T00:00:00,2.33,4.88
Zone_D,2026-07-18T01:00:00,2.29,1.13
ZONE_D,2026-07-18T02:00:00,2.32,0.63
Zone_D,2026-07-18T03:00:00,,1.85
Zone_D,2026-07-18T04:00:00,2.33,0.51
Zone_D,2026-07-18T05:00:00,,
ZONE_D,2026-07-18T06:00:00,2.56,8.83
Zone_D,2026-07-18T07:00:00,2.74,
Zone_D,2026-07-18T08:00:00,2.81,2.59
Zone_D,2026-07-18T09:00:00,2.71,1.01
zone_d,2026-07-18T10:00:00,2.56,
Zone_D,2026-07-18T11:00:00,,1.29
Zone_D,2026-07-18T12:00:00,2.26,0.69
Zone_D,2026-07-18T13:00:00,2.28,1.98
Zone_D,2026-07-18T14:00:00,2.2,0.32
Zone_D,2026-07-18T15:00:00,2.24,4.48
Zone_D,2026-07-18T16:00:00,2.14,4.21
Zone_D,2026-07-18T17:00:00,2.25,0.2
Zone_D,2026-07-18T18:00:00,2.25,1.28
Zone_D,2026-07-18T19:00:00,2.08,0.03
Zone_D,2026-07-18T20:00:00,,1.03
Zone_D,2026-07-18T21:00:00,2.01,1.45
Zone_D,2026-07-18T22:00:00,2.02,3.23
ZONE_D,2026-07-18T23:00:00,2.03,1.05
Zone_D,2026-07-19T00:00:00,,3.5
Zone_D,2026-07-19T01:00:00,2.21,2.36
ZONE_D,2026-07-19T02:00:00,2.28,
Zone_D,2026-07-19T03:00:00,2.18,0.32
zone_d,2026-07-19T04:00:00,5000.0,0.89
zone_d,2026-07-19T05:00:00,2.09,1.3
zone_d,2026-07-19T06:00:00,2.18,1.49
Zone_D,2026-07-19T07:00:00,2.17,-999.0
ZONE_D,2026-07-19T08:00:00,,
Zone_D,2026-07-19T09:00:00,2.35,2.31
ZONE_D,2026-07-19T10:00:00,2.22,1.24
Zone_D,2026-07-19T11:00:00,2.23,1.16
Zone_D,2026-07-19T12:00:00,2.19,1.12
Zone_D,2026-07-19T13:00:00,2.37,4.87
Zone_D,2026-07-19T14:00:00,2.38,0.97
ZONE_D,2026-07-19T15:00:00,2.41,0.11
Zone_D,2026-07-19T16:00:00,2.22,0.01
Zone_D,2026-07-19T17:00:00,2.27,0.07
ZONE_D,2026-07-19T18:00:00,2.3,3.35
Zone_D,2026-07-19T19:00:00,2.04,0.5
Zone_D,2026-07-19T20:00:00,1.93,1.01
Zone_D,2026-07-19T21:00:00,1.82,0.97
Zone_D,2026-07-19T22:00:00,,0.14
Zone_D,2026-07-19T23:00:00,5000.0,1.68
Zone_D,2026-07-20T00:00:00,2.01,1.9
Zone_D,2026-07-20T01:00:00,2.02,
Zone_D,2026-07-20T02:00:00,5000.0,0.87
zone_d,2026-07-20T03:00:00,2.08,5.15
Zone_D,2026-07-20T04:00:00,2.21,2.24
Zone_D,2026-07-20T05:00:00,2.41,5.09
Zone_D,2026-07-20T06:00:00,2.31,1.06
Zone_D,2026-07-20T07:00:00,2.25,1.97
zone_d,2026-07-20T08:00:00,2.26,-999.0
Zone_D,2026-07-20T09:00:00,2.36,4.45
Zone_D,2026-07-20T10:00:00,2.29,1.22
Zone_D,2026-07-20T11:00:00,5000.0,0.13
Zone_D,2026-07-20T12:00:00,2.17,0.01
Zone_D,2026-07-20T13:00:00,2.07,1.6
Zone_D,2026-07-20T14:00:00,2.15,1.17
Zone_D,2026-07-20T15:00:00,2.28,4.55
Zone_D,2026-07-20T16:00:00,2.24,1.15
Zone_D,2026-07-20T17:00:00,5000.0,0.35
Zone_D,2026-07-20T18:00:00,2.04,0.36
Zone_D,2026-07-20T19:00:00,,10.93
Zone_D,2026-07-20T20:00:00,2.55,2.82
Zone_D,2026-07-20T21:00:00,2.36,2.16
ZONE_D,2026-07-20T22:00:00,,
Zone_D,2026-07-20T23:00:00,2.42,0.13
Zone_D,2026-07-21T00:00:00,5000.0,0.89
Zone_D,2026-07-21T01:00:00,2.27,0.97
zone_d,2026-07-21T02:00:00,,3.22
Zone_D,2026-07-21T03:00:00,2.48,3.91
zone_d,2026-07-21T04:00:00,2.39,
zone_d,2026-07-21T05:00:00,5000.0,0.01
Zone_D,2026-07-21T06:00:00,2.28,0.84
Zone_D,2026-07-21T07:00:00,2.29,2.17
ZONE_D,2026-07-21T08:00:00,2.3,1.91
Zone_D,2026-07-21T09:00:00,2.33,1.3
Zone_D,2026-07-21T10:00:00,2.24,
Zone_D,2026-07-21T11:00:00,2.13,0.62
Zone_D,2026-07-21T12:00:00,5000.0,2.56
Zone_D,2026-07-21T13:00:00,2.43,3.47
ZONE_D,2026-07-21T14:00:00,2.42,1.08
Zone_D,2026-07-21T15:00:00,2.31,0.13
Zone_D,2026-07-21T15:00:00,2.31,0.13
Zone_D,2026-07-21T16:00:00,2.46,3.24
Zone_D,2026-07-21T17:00:00,2.47,2.25
zone_d,2026-07-21T18:00:00,2.39,3.73
Zone_D,2026-07-21T19:00:00,2.74,7.1
Zone_D,2026-07-21T20:00:00,2.61,0.29
Zone_D,2026-07-21T21:00:00,2.58,0.35
Zone_D,2026-07-21T22:00:00,2.48,0.02
Zone_D,2026-07-21T23:00:00,2.39,1.04
Zone_D,2026-07-22T00:00:00,2.35,1.59
Zone_D,2026-07-22T01:00:00,2.41,0.43
Zone_D,2026-07-22T02:00:00,2.45,5.88
Zone_D,2026-07-22T03:00:00,2.37,2.64
zone_d,2026-07-22T04:00:00,2.41,6.0
Zone_D,2026-07-22T05:00:00,2.54,0.98
Zone_D,2026-07-22T06:00:00,2.72,5.05
Zone_D,2026-07-22T07:00:00,2.64,2.9
Zone_D,2026-07-22T08:00:00,3.05,10.95
Zone_D,2026-07-22T08:00:00,3.05,10.95
Zone_D,2026-07-22T09:00:00,5000.0,
Zone_D,2026-07-22T10:00:00,2.97,2.87
Zone_D,2026-07-22T11:00:00,2.73,0.33
Zone_D,2026-07-22T12:00:00,2.5,
ZONE_D,2026-07-22T13:00:00,2.49,0.61
Zone_D,2026-07-22T14:00:00,2.56,0.1
Zone_D,2026-07-22T15:00:00,2.71,2.86
zone_d,2026-07-22T16:00:00,2.53,0.23
Zone_D,2026-07-22T17:00:00,2.46,3.33
Zone_D,2026-07-22T18:00:00,2.43,1.48
Zone_D,2026-07-22T19:00:00,2.39,
Zone_D,2026-07-22T20:00:00,2.35,
Zone_D,2026-07-22T20:00:00,2.35,
ZONE_D,2026-07-22T21:00:00,2.48,
Zone_D,2026-07-22T22:00:00,2.49,
ZONE_D,2026-07-22T23:00:00,,
